destination,rating,text,month
Penang Hill,5,升旗山是檳島最高峰之一，主峰西方山海拔833公尺，也是東南亞歷史悠久的英國殖民山站，2021年更列入UNESCO人與生物圈保護區。距離喬治市不遠，完整遊覽約2～3小時。這次特別早起，5:50從飯店出發，約6:10抵達纜車站，因為人潮不多，順利搭上6:30第一班纜車上山看日出。百年纜車全長2007公尺，最大坡度達42度，約五分鐘就能抵達山頂，沿途穿梭熱帶雨林，還能看到殖民時代留下的百年洋樓，本身就是很值得體驗的旅程。抵達山頂時天色仍從黑夜逐漸轉亮，看著城市與山林慢慢被晨光照亮，景色非常迷人。山頂氣溫也比市區低約5～8℃，清晨特別舒服。若想避開人潮又欣賞日出，非常推薦搭第一班纜車上山。,2026-09
Penang Hill,5,very nicee and beautiful place,2026-09
Penang Hill,5,Had a great time at Penang Hill! The view from top is very beautiful. Definitely will come back again,2026-09
Penang Hill,5,"Lovely view, very worth it to visit.",2026-09
Penang Hill,1,这地方咋都有人吹啊…过渡商业化 风景非常一般…完全不推荐,2026-09
Penang Hill,5,One of the best place in Penang.,2026-09
Penang Hill,5,Penang Hill is a great place to enjoy the beautiful views of Penang. The weather was pleasant and the surroundings were peaceful. The view from the top was definitely one of the highlights. A nice place to visit with family or friends.,2026-09
Penang Hill,5,"Penang Hill is definitely worth visiting! The view from the top was beautiful, especially the city skyline and surrounding greenery. The weather was also nice and refreshing. It’s a great place to relax, enjoy nature, and take some beautiful photos. Overall, I had a really enjoyable experience and would definitely recommend visiting Penang Hill! 🌿✨",2026-09
Penang Hill,5,"My experience at Penang Hill was amazing. The view of Georgetown was beautiful, and the funicular ride was really exciting. I enjoyed the cool weather and peaceful atmosphere. I would definitely visit again!",2026-09
Penang Hill,5,Sangat2 wow,2026-08
Penang Hill,3,"Alhamdulillah cuaca ok harini xpanas sgt..jerebu masih ada sikit..
Nak complaint sikit ttg Surau kt atas bukit tu..tolong la renovate bg bersih dan cantik..
Pastu harga ticket yg nk ke habitat track tu utk warganegara mahal sgt smpai rm78/pax after 5pm
Lalu jln kaki je pn..",2026-08
Penang Hill,5,"Really quite lovely walk, very steep but very short. Went in the morning for a bit of shade, had a cendol at the top and then walked down through the botanical garden route - rather pretty views on the way up but less so on the way down. During the hike up I had a nice chat with a retired man in his 60s. Apparently he does the route a couple times a week. I think he got bored of me because about 10 minutes in he told me my pace was shameful for a young person. While he was not wrong, I think he was just trying to get me to speed up and leave him alone.",2026-08
Penang Hill,5,Good,2026-08
Penang Hill,5,재밋다,2026-08
Penang Hill,4,"Hmmm ga ada apa apa sih selain pemandangan yang bagus 😉.
Kami pergi ±jam 12 siang naik bus sampai sana ±jam 1 lah. Antriannya woww. Beli tiket dulu baru pergi makan. Btw makan di pemberhentian bus yang samping enak juga 😄. Beli tiket langsung di tempat. Maps nya sih kurang guna 🫠 ga masuk ke habitat karena di rasa kurang sepadan. 2-3 jam juga sudah cukup untuk keliling (tanpa pergi ke habitat). Btw kalau lihat orang naik buggy car ke suatu arah kalian ikut aja naik soalnya kalau jalan kaki jauhnya minta ampun 🤣. Harga buggy car 40 Rm, muat untuk 5 orang. Ada food court juga ya, setelah turun dadi eskavator terakhir lurus aja sampai nemu tuh food court yang disebelah kiri agak turun ke bawah dikit. Ada jual makan + minum + dessert + es krim. Itu aja sih review nya.",2026-08
Penang Hill,1,The Indian Staff very rude...will never coming again...worst experience,2026-08
Penang Hill,4,"Carina come gita da fare in giornata, per stare in mezzo alla natura. C’è tanta gente, si possono prendere il biglietti “premium”, direttamente alla base della funicolare, per non fare la coda. Consiglio anche la gita, in cima, all’Habitat, si gode di una bella vista. Nei percorsi abbiamo visto diverse scimmie",2026-08
Penang Hill,3,"Beware of a young (early 20s) Chinese buggy driver, he tried to SCAM us of RM55 for 2-way ride to Kopi Hutan. Asked another driver & the real price as of 23/8/2026 is actually RM20 for a 1-way ride, RM40 for 2-way, or RM15 for the ride back to funicular if you dined at Kopi Hutan.

Most of the staff at Penang Hill look like they hate being there.

Aside from that. Facilities are generally well-maintained",2026-08
Penang Hill,3,"The weather temperature is nice, but all the facilities required to pay for fun. 🫠",2026-08
Penang Hill,1,Shit place,2026-08
Penang Hill,1,Paying rm10 for adult rm8 for Kids for the toys museum. What a scam,2026-08
Penang Hill,5,"Penang Hill is a great place to visit with beautiful views of Penang. The funicular train ride was enjoyable, and the weather at the top was cool and refreshing. Nice atmosphere, great scenery and definitely worth visiting! 🌿⛰️",2026-08
Penang Hill,5,Beautiful scenery and a refreshing escape from the city. The view from the top is absolutely worth the trip!,2026-08
Penang Hill,5,Excellent,2026-08
Penang Hill,5,ช่วงวันหยุด ช่วงเทศกาล แนะนำให้ซื้อ express lane  เพราะเวลาขึ้นลงจะเร็วมากๆ ไม่ต้องมาต่อแถว,2026-08
Penang Hill,5,"Exceptional Buggy Tour with Nazri – Highly Recommended!We had an absolutely wonderful experience touring Penang Hill, thanks to our fantastic buggy driver, Nazri. He made our visit incredibly memorable by sharing fascinating insights into the history of the hill and the lives of its current residents. His deep knowledge and engaging storytelling truly brought the area to life.Nazri was extremely accommodating, stopping at several scenic spots along the way to ensure we could take photos and capture the beautiful views. What stood out even more than his excellent guiding skills was his remarkable character. Due to an oversight on our part, we unfortunately did not have cash to tip him. We offered to buy him lunch at the food court instead, but they did not accept credit cards either. Despite this, Nazri remained incredibly gracious. He waved goodbye with a huge, genuine smile and left us with a fantastic lasting impression of Penang hospitality.If you visit Penang Hill, look out for Nazri. He is a wonderful gentleman and an outstanding guide!",2026-08
Penang Hill,5,"Great place to visit and definitely worth exploring. Make sure you keep your ticket safely, as you will need to use the same ticket when entering and exiting the attraction. Don’t throw it away until you have completely finished your visit.",2026-08
Penang Hill,5,"When going for third time in 2026, found a lot of constructions at the hill. The small stalls are selling with affordable prices. We hv to wait for 1:30 hrs for up going for train due to weekend jam as well as 1:30 hrs for going down.",2026-08
Penang Hill,5,"Go early to avoid the funicular queue.
Highlights included walking through The Habitat canopy walk, enjoying panoramic views of George Town and the mainland, and exploring the colonial-era bungalows.",2026-08
Penang Hill,4,"Sẽ hơi chán nếu bạn là người việt đã từng đến bà nà hill mà không muốn quay lại, nơi đây y hệt như vậy, đi một lần cho biết chứ không có ý định quay lại",2026-08
Penang Hill,4,日曜日の午前10時30分頃に到着しましたが、すでに多くの観光客で賑わっており、かなりの混雑状況でした。スタンダードチケットを購入した後、ケーブルカーに乗車できるまでの待ち時間は約1時間10分ほど。待ち時間を短縮できるExpressチケットは、この日は一時的に販売停止となっており購入することができませんでした。ケーブルカーの前方または後方の席から美しい景色を楽しみたい方は、優先搭乗が可能なExpressチケットを事前に確保しておくことをおすすめします。特に週末や観光シーズンは混雑が予想されるため、時間に余裕を持った訪問が安心です。,2026-08
Penang Hill,1,"This is honestly the only negative experience we have had in Malaysia. Everything else about our trip has been absolutely fantastic, but Penang Hill was a complete disappointment.

The organization is terrible. The price is ridiculously high for what it actually offers, and there is very little to see or do that justifies the cost.

The waiting times are endless, often in areas with no air conditioning, where you are basically left melting in the heat. Your ticket gets checked over and over again for absolutely no apparent reason, making the whole process even slower and more frustrating.

The return process is even more absurd. You have to request another ticket by handing over the ticket you already have, only to receive a small piece of paper that gets thrown away immediately. Then, right afterwards, they ask you for the original ticket again. Completely pointless and unnecessarily complicated.

The funicular is another nightmare. They pack people inside like sardines. There is barely enough room to breathe, let alone enough space to hold onto something safely. It is overcrowded and poorly managed.

The staff were also slow and not particularly friendly, which certainly did not help.

Overall, this was an entire day wasted for absolutely nothing. We have had an amazing time everywhere else in Malaysia, so this experience was particularly disappointing. Save your money and your time. Penang Hill is absolutely not worth it.",2026-08
Penang Hill,5,"Must See in the Island. If you are able to hike Up, but taking the train Up will also give you the amazing Views. Tipp: Try to come outside the weekends and relatively early!",2026-08
Penang Hill,5,I'd recommend going as early as possible before it gets busy. The funicular ride to the top was easy and amaizing to see the climb up the hill. Worth the money. Spectacular views from up there. We were just in time before the fog took over and you could not see anything from that point on. (check the weather if you're planning on going) Spend a good 1 hour or more up there.,2026-08
Penang Hill,5,I went up before 9am and there’s a cheaper admission fee to take the furnicular train up Penang Hill. There’s also a priority seating available if you have a young children with you. The view is great as well. Suitable to bring young children here as well.,2026-08
Penang Hill,1,"Lo del funicular para bajar y subir, muy mal organizado y mucha espera. Arriba te dan un papel con un turno y pasa gente delante que tiene turno detrás de ti.",2026-08
Penang Hill,4,建議可以一大早6點半來看日出後，7點半再繼續走到後面圓型看台繞一圈回來，一天的運動就夠了。,2026-08
Penang Hill,1,"Destroys the purpose of walking in nature.

Penang Hill is one of Malaysia’s most beautiful and historically significant attractions. The scenery is breathtaking, the cool climate is refreshing, and the lush rainforest creates what should be a peaceful escape from the city.

Unfortunately, my experience was overshadowed by one major issue that the Penang State Government and Penang Hill Corporation urgently need to address.

The 2 km walk towards Heritage Cafe has become dominated by golf buggies. Instead of a relaxing nature walk, pedestrians are constantly forced to move aside for buggies travelling at unsafe speeds. Families with young children, elderly visitors and tourists are all sharing the same narrow roads with motorised vehicles that appear to have little speed control or enforcement.

It creates a dangerous environment where people cannot simply enjoy the surroundings without constantly watching for vehicles approaching from behind.

This is a serious safety failure.

One distracted child, one elderly person with slower mobility, or one buggy driver making a mistake could easily result in a severe accident. The current system appears to prioritise transporting more passengers and generating revenue rather than protecting the thousands of visitors walking through the area.

There should be strict speed limits, designated pedestrian-only sections, clearly separated buggy routes and proper enforcement. Instead, the atmosphere feels chaotic and stressful rather than peaceful.

This is not how a protected natural attraction should be managed.

The irony is that visitors come to Penang Hill to experience nature, fresh air and tranquillity. Instead, the constant movement of speeding buggies destroys that experience entirely.

The second disappointment was the Penang Hill Funicular Railway.

As the only transport system to the summit, it should be one of the highlights of the visit. Instead, it felt poorly maintained and badly managed. I paid extra for the Express Premium Pass expecting a comfortable experience, but ended up squeezed into an overcrowded train with very little personal space. The air conditioning was either not working properly or was completely inadequate for the number of passengers, making the journey hot, stuffy and uncomfortable.

The overcrowding also prevented many passengers from enjoying the panoramic views, which is one of the main reasons people take the train in the first place. The interior of the train also appeared unclean and lacking proper maintenance.

For an attraction of this international standard, charging premium prices while delivering such an overcrowded and uncomfortable experience is unacceptable.

Penang Hill deserves to be one of the world’s great nature destinations. The scenery certainly is. However, poor safety management, unregulated buggy operations and overcrowded train services significantly diminish what should be an unforgettable experience.

I sincerely hope the Penang State Government and Penang Hill Corporation take these concerns seriously. Do not wait until a serious injury or tragedy occurs before taking action. Visitors deserve a safe, peaceful and well-managed environment that reflects the natural beauty and heritage of Penang Hill.",2026-08
Penang Hill,5,Well worth a visit but I strongly recommend getting the express ticket as the waiting time can be substantial otherwise (20+ minutes to go up).,2026-08
Penang Hill,4,"I visited on a rainy day, but there were still many tourists sightseeing. It took some time to queue for the cable car up the mountain, but everything was well-organised and went smoothly.
The scenery at the peak was beautiful, and the service facilities were adequate. Despite the rain and mist, I could still enjoy many natural views.
The reason I didn't give it a five-star rating is that compared to other mountain scenic spots, there are no particularly magnificent or unique landscapes here. It can only be considered a general leisure travel spot for locals.",2026-08
Penang Hill,2,"We were dissapointed to see an area on the hill where they sell photos with ""exotic pets"" like a capybara. This has been shown  to be distressing for animals. Furthermore these are not pets! It ruined our experience seeing people queue for this.",2026-08
Penang Hill,5,"My first visit to Penang Hill and it was a very pleasant one. We took the tram up the hill and it was a short ride. I heard that if you choose to hike up, it could take 1 hour to 1.5 hours depending on your fitness level. Once we are up the hill, the weather was very pleasant and cool. We were told that the weather is around 5degree less than the Penang island. We walked around and took the buggy ride too. The buggy drivers were all very nice and polite. There’s also a small halal food court and several stalls selling souvenirs. A very pleasant visit.",2026-08
Penang Hill,5,This is a must-go for any traveler who goes to Penang. The views are amazing and the nature is soothing. Get the tram and experience the sights at the top! Or you can hike up but you'll definitely be hot and sweaty with the humid weather (nothing unexpected from a hike). Definitely recommended.,2026-08
Penang Hill,5,"Fantastic Family Day Out at Penang Hill! 🌿🚂
We had an amazing family trip to Penang Hill! It’s a wonderful escape into nature with cool breezes, rich history, and plenty of fun activities for both adults and kids.
🚂 The Funicular Train Ride
We took the funicular train up and down the hill (RM40 per adult). The ride itself was smooth, fast, and offered beautiful scenic views of the lush greenery as we climbed up to the top.
🛺 Insightful Jeep Tour
Once at the top, we hired a jeep ride for the whole family for RM40, and it was worth every ringgit! Our driver was super friendly and doubled as an informative tour guide. He shared fascinating historical insights about how the British colonized Penang and pointed out the various grand heritage bungalows, sharing interesting stories about which famous billionaires owned them. It made exploring the area so much more meaningful than just walking around blindly!
📸 Highlights & Kid-Friendly Fun
Animal Encounters: The kids were absolutely thrilled to meet and interact up close with a friendly capybara—definitely a highlight photo op!
Charming Vintage Spot: We loved exploring the scenic pathways and stumbling across vintage touches, like the classic red British pillar post box nestled among the lush greenery.
Overall Verdict
Whether you are here for the cool mountain air, the rich history, or family-friendly activities, Penang Hill is a must-visit in Penang. Highly recommended for families looking for a delightful mix of nature, history, and fun!",2026-08
Penang Hill,5,Nice place,2026-08
Penang Hill,1,Place was very crowded and needs to wait 1-2 hours just to board the train. Express pass all sold out.,2026-08
Penang Hill,5,來這眺望整個檳城市區,2026-08
Penang Hill,5,"RM40 for foreigners. It’s better to get a front seat. If you can’t, recording from the top is still good. After getting off the funicular, go upstairs to the right and record from the top. There are regular and priority/VIP lanes.

At the top, you can ride a buggy (RM40 per buggy) because the area is big. You can stop at Monkey Cup or Habitat. But for the return trip, you need to pay another RM15 per buggy.",2026-08
Penang Hill,3,"ia sangat cantik,dan pemendangan yang tenang",2026-08
Penang Hill,5,Pertama kali ke Penang Hill...cantik viewnya...pakai express jd tidak antri panjang 👍,2026-08
Penang Hill,5,"We visited Penang Hill to unwind and escape the stress, and it was absolutely worth it. The views are breathtaking, the cool breeze is so refreshing, and the peaceful atmosphere makes it the perfect place to relax and enjoy nature. A great spot to slow down, recharge, and simply take in the beautiful surroundings. Highly recommended!",2026-07
Penang Hill,5,เย็นสบาย,2026-07
Penang Hill,1,I give zero star for the train service. Why do we need to wait for 2-3 hours ? Why can’t they operate more frequently instead of letting tourist to wait for 2-3 hours in order to get to the top? Moreover today is weekday and there is not a public holiday.,2026-07
Penang Hill,4,Nice experience in Penang. Recommend to come on weekdays or off peak days as it may get quite crowded during public holidays. The tram ride up the hill is spectacular. The view up there is very nice and you could see the entire island. If you're adventurous you could walk up/down the hill via the trail.,2026-07
Penang Hill,5,Definitely worth the visit,2026-07
Penang Hill,5,"First time being here, even occasionally back and forth to penang to medical check up. Great palace to see penang city view from above. Easy to access using train, overall great place to visit.",2026-07
Penang Hill,5,參觀完 The Habita之後有免費接駁電車，很貼心,2026-07
Penang Hill,5,"Penang Hill is one of the best attractions in Penang and definitely worth visiting. The funicular train ride is smooth and enjoyable, and the views from the top are absolutely breathtaking. The cool weather, lush greenery, and panoramic city views make it a perfect place to relax and take photos. There are plenty of viewing platforms, cafés, and walking trails to explore. I highly recommend visiting early in the morning or around sunset for the best experience. A must-visit destination for anyone traveling to Penang! 🌿🚠📸",2026-07
Penang Hill,3,"Nice views. UNESCO site with a lot of biodiversity - but very sad to see local cars parked, not moving and turned on for hours with AC on and windows open. Prices are sometimes a bit abusive, sometimes not. Bittersweet experience.",2026-07
Penang Hill,5,"We had a lovely morning on the Hill, with a different view of Penang.

Overall it is a good tourist spot. Food and drinks available at the top and lower part of the hill.

Breathtaking view and cooling weather. It features a historic funicular railway and The Habitat, an eco-tourism park with a canopy walk through a 130-million-year-old rainforest.",2026-07
Penang Hill,2,"Non ci sono salito perche c'erano oltre 70 minuti di colonna. In più giocano molto sul ""biglietto normal"" oppure ""biglietto fast"" con un sovrapprezzo del 100% in sistanza sfruttano i turisti ???",2026-07
Penang Hill,5,ตรงข้างล่างของภูเขาตรงทางขึ้นมีแมวส้มน่ารักมาก เป็นมิตรและชอบให้ลูบตัว ด้านบนบรรยากาศดี แต่คนค่อนข้างเยอะ,2026-07
Penang Hill,5,"A refreshing escape from the city's heat with cool weather and spectacular views of Penang. The funicular train ride is smooth and enjoyable, and there are plenty of attractions, cafés, and walking trails at the top. Visiting early helps avoid long queues.",2026-07
Penang Hill,5,"A must-visit destination in Penang! The views from the top are absolutely breathtaking, especially on a clear day. The funicular train ride was smooth and enjoyable, and the cool weather made the visit even more pleasant. Plenty of food options and beautiful spots for photos. Highly recommended!",2026-07
Penang Hill,2,"The view is pretty good, but not amazing. The wait going up and down was very, very long(almost 2 hrs up and another 2 hrs going down). It was a Saturday, so probably extra busy. That was our mistake. I tried to get express tickets but they were sold out. I didn’t think it was worth it.",2026-07
Penang Hill,5,It’s a very nice to be here,2026-07
Penang Hill,4,"Tandas perlu dibersihkan, bau air kencing boleh dihidu dari luar",2026-07
Penang Hill,5,"Bukit Bendera merupakan salah satu destinasi yang wajib dikunjungi apabila berada di Pulau Pinang. Perjalanan menaiki kereta api funikular sangat menyeronokkan, manakala pemandangan dari puncak memang cantik dan menenangkan. Udara yang sejuk serta suasana yang nyaman menjadikan tempat ini sesuai untuk bersantai bersama keluarga atau rakan-rakan.

Terdapat pelbagai kemudahan, kedai makan dan tempat menarik untuk diterokai. Kawasannya juga bersih dan terjaga dengan baik. Disarankan datang pada waktu pagi atau lewat petang untuk menikmati cuaca yang lebih nyaman dan mengelakkan kesesakan.

Secara keseluruhannya, pengalaman yang sangat memuaskan dan pasti akan datang lagi jika berpeluang.",2026-07
Penang Hill,5,Good healing spot for family also. And you must dine in the foodcourt. They have delicious bingsu ice cream with fresh food and various nut. Very satisfying. View is priceless esp at skywalk,2026-07
Penang Hill,4,"一早上山人較少，下午人漸多。
空中步道不錯，只是要另外收費。",2026-07
Penang Hill,1,"I have visited Penang Hill four times before, and today’s visit was by far the most disappointing.

At around 10:08 AM, my friend and I entered the boarding area. There was a photo-taking station, but since my friend had a flight to catch, we politely told the staff that we didn’t want to take a photo and continued walking.

A Malay female staff member suddenly shouted at us in Malay, asking why we couldn’t wait, and then called us “bodoh” (stupid). We simply turned around and looked at her, but she continued speaking to us in a rude and disrespectful manner.

No customer should ever be insulted or verbally abused. We did not cut the queue or behave disrespectfully—we simply chose not to use the optional photo service.

This incident completely ruined our visit and left a very bad impression, especially as it was my friend’s first time at Penang Hill.",2026-07
Penang Hill,3,Mega toeristische plek. Je betaalt 40 RM om op en neer te kunnen met het treintje. Eenmaal boven is het vrij duur en wordt er momenteel gebouwd op het plein. Je kan een stuk rondwandelen maar je mist ook niets als je deze plek over slaat.,2026-07
Penang Hill,3,Het bos is mooi ! Kom vroeg ivm de drukte ! Er wordt geroepen bij de foodcourt. Niet iedereen kan Engels ! Let op weinig zitplaatsen. Voor de rest prima plek. Portie voldoende prijzen zijn laag.,2026-07
Penang Hill,4,Id say its worth a visit you get a nice view and you can see some monkeys there is a temple and a mosque at the top and its really peacefull towards the night(except for the bugs) time defenitly go around sunset and relax there a bit,2026-07
Penang Hill,5,I love the weather and the view,2026-07
Penang Hill,5,"Kalau datang penang hill ni mesti makan ais buah kat atas... penang hill offers you variety type of experience, not just it scenic view, but u may enjoy your coffee, foods and architectural alongside with its nature..",2026-07
Penang Hill,5,Great views and lovely nature walk.,2026-07
Penang Hill,5,verry nice place,2026-07
Penang Hill,5,"Not my first time up the hill but my first time hiking up.
Many stairs for the 1st part all the way to middle station thereafter more slopes. Slopes were easier to navigate upwards than stairs for me.

Managed to reach the top in 1hr30mins. Not too sure what's the timing like, hope it isn't that bad.

Sat morning was superb that day. Amazing weather. Nice breeze up there. Quite crowded with people as it was a weekend. 1st time experiencing such a cooling weather at the top.",2026-07
Penang Hill,4,"Visite très agréable avec un bébé de 1 an en porte-bébé de rando.

Funiculaire & Parking : Nous sommes arrivés en voiture à 9h (parking à côté) : zéro attente pour le funiculaire ! Arrivez tôt car les bus de touristes remplissent vite le site. Funiculaire bondé à l'aller, mais très calme au retour.

Activités : Vue un peu bouchée ce jour-là. Nous avons fait The Habitat. Le pont le plus haut a été fermé à cause de l'orage (sécurité au top !), mais la marche sur la canopée était magnifique et presque déserte avec la pluie.

Sur place : De quoi y passer la journée avec plein de sentiers, même si le balisage manque parfois de clarté.

Le + : Très bien équipé pour les familles (toilettes propres avec tables à langer).
Une excellente sortie que je recommande !",2026-07
Penang Hill,5,"Penang Hill is one of those attractions that deserves a place on any Penang itinerary.

The funicular railway makes the journey to the top quick and easy, and the views across George Town, the coastline and Penang Island are spectacular. There is much more to explore at the summit than we expected, with viewing platforms, walking trails, heritage buildings, gardens, cafés and plenty of places to simply stop and enjoy the cooler mountain air.

We particularly enjoyed taking our time to walk around and explore rather than treating it as a quick trip for the view. The cooler temperature was also a welcome break from Penang’s heat and humidity.

It can become busy, particularly around the funicular railway, so arriving earlier in the day may help avoid some of the crowds. Allow at least a few hours if you want to properly experience the area rather than simply travel up, take photos and return.

A memorable Penang experience with incredible views and something for visitors of all ages. Well worth the trip.

Instagram: @gandts_world",2026-07
Penang Hill,5,wonderfull views for relaxing,2026-07
Penang Hill,5,Most Beautiful place in Penang . Many times I visit this hill. 💕,2026-07
Penang Hill,5,"山顶风景绝美 每次来都有不一样的感觉
一直在更新设施 拍照景点👍🏻
可以体验坐游园车，司机会沿途介绍当地房子，还会帮忙拍照
而且司机会一些中文 谈话相当风趣幽默",2026-07
Penang Hill,5,"Amazing views up, on, and back down the hill.  Highly recommend going at least once.  Definitely buy the express ticket if you dislike waiting in lines.",2026-07
Penang Hill,5,"Something else from different view in Penang. Good tourist spot. Food and drinks available at the top and lower part of the hill. Breathtaking view and cooling weather temperature top of the hill. Day time, sunset and night view. Rising roughly 800 meters above sea level, it offers a cooler climate and panoramic views of the island and the mainland. It features a historic funicular railway and The Habitat, an eco-tourism park with a canopy walk through a 130-million-year-old rainforest.",2026-07
Penang Hill,1,It's amazing place of Malaysia,2026-07
Penang Hill,1,"Toeristtrap waarbij o.a. Zuid-Amerikaanse capibara’s en ara’s, leguaan en slangen worden mishandeld en misbruikt op hetzelfde terrein waar The Habitat group zich inzet voor het behoud en herstel van biodiversiteit ten behoeve van toekomstige generaties! Onbegrijpelijk hoe PHC hier niet op ingrijpt!",2026-07
Penang Hill,5,"Hike Too ez , cendol nice",2026-07
Penang Hill,3,没吸引力,2026-07
Penang Hill,5,Penang hill was really a awesome place to visit with kids and family,2026-07
Penang Hill,4,"I  had a nice afternoon at Penang Hill. It’s cool to take the train up the mountain. There are a couple of things to see at the top, along with a small food court.

If you wanna do some hiking, good luck! There are almost no signs, and most of the ones you do find aren’t written in English. I was looking for the Tiger Trail, but somehow ended up in a restricted military area with a sign saying that if I continued, they would shoot me… lol. There was also no phone signal, which made it even harder.

The highlight was, without a doubt, walking back down the mountain. The views are amazing, and you can meet some friendly people who live up there. Enjoy!",2026-07
Penang Hill,2,"Today was totally crowded, waiting for buying tickets took around 40min and que for rail took 70 min for one way only. Then when down from there hill took another 40-60min.

We tamook normal ticket which cause RM12 with myKad. So recommend to take the RM40 express ticket to advoid waiting around 2 hours and more.",2026-06
Penang Hill,2,"No se debería permitir bajar a pie por la carretera que va a través de la jungla. Fuimos perseguidos por una manada de más de 50 monos salvajes. No llegaron a atacarnos, porque un camión que bajaba nos rescató y llevó hasta la salida",2026-06
Penang Hill,5,"Lovely view to visit, place so calm and many place to visit such as the habitat😍",2026-06
Penang Hill,5,This place was so good  view,2026-06
Penang Hill,2,"This place was closed for annual maintenance when we went, but no one told us. So, we paid to ride up to the top and everything was closed. The temple was cool though. It’s probably awesome",2026-06
Penang Hill,5,Top place to visit when in Penang,2026-06
Penang Hill,3,"Beau spot pour voir la ville de haut. Le mieux est de prendre un billet aller jusqu'en haut puis de descendre au milieu de la jungle a pied. Le chemin est balisé. Prévoir un répulsif anti-moustiques pour le chemin du retour.
Toutes attractions en haut sont payantes. C'est très touristique donc on aime ou bien on aime pas. Personnellement ça casse un peu le charme de l'endroit. Donc le mieux monter avec le funiculaire et descendre à pieds cela vaudra le coup.",2026-06
Penang Hill,5,Recommend to visit,2026-06
Penang Hill,5,the view is very beautiful and very relaxing to have a holiday to a place like this 😍🥺🫶,2026-06
Penang Hill,5,Penang Hill atau bukit bendera di malaysia sangat cantik dan menarik untuk di kunjungi memperlihatkan panorama indah dan melihat pemandangan kota malaysia dari atas bukit dengan udara yang sejuk sangat recomended 👍👌,2026-06
Penang Hill,5,"A must-visit spot in Penang! The funicular train ride to the top is super smooth and exciting. Once you're at the peak, you get a spectacular 360-degree view of the island. The weather up there is beautifully cool and refreshing. It's the perfect place to relax, take photos, and escape the city heat. Don't miss out on The Habitat if you love nature. Highly recommended!",2026-06
Penang Hill,5,"I followed the recommendation to visit Penang Hill late in the evening on a weekday, and I definitely did not regret it. There were no queues, and everything was easy to access without feeling crowded or rushed.

If you are lucky enough to catch the sunset, it is one of the best spots in the city to experience Penang from above as it slowly lights up at night.

Overall visiting in the evening was a great decision. The atmosphere was calm, the views were beautiful, and it felt like the perfect time to enjoy Penang Hill without the crowds.",2026-06
Penang Hill,5,"tempat cantik dapat tengok dari dua waktu.. siang dan juga malam.. naik dalam pukul 6 turun pukul 8.30 mlm ..
dapat tengok pelangi sebab baru lepas hujan dari atas bukit Bendera most beautiful view..",2026-06
Penang Hill,5,bukit bendera bukit yang sangat indah pemandangan,2026-06
Penang Hill,5,"A wonderful escape from the busy city with cool weather and spectacular views of Penang. The funicular train ride is enjoyable, and the peaceful atmosphere makes it a perfect place to relax and appreciate nature.",2026-06
Penang Hill,5,"Visited Penang Hill after 10 years and the transformation is incredible. Everything is much cleaner, more structured, and better developed for visitors. The funicular system feels faster, and the new attractions like The Habitat completely elevate the experience with stunning canopy walks. It’s no longer just a quick viewpoint—it’s a world-class eco-tourism destination. Highly recommend revisiting if you haven’t been in a while!",2026-06
Penang Hill,5,"Nice view,kids also enjoying",2026-06
Penang Hill,5,Udara segar dan menyamankan … saujana mata memandang,2026-06
Penang Hill,5,Very peaceful. Suitable for me time session,2026-06
Penang Hill,5,"Bagussss bangett, rekomendasi liburan disini 🤩🤩🤩",2026-06
Penang Hill,5,"A refreshing escape from the city with cooler air and beautiful views over Penang. The funicular ride up adds to the experience, and there are plenty of spots to walk around and relax at the top. It can get busy, but the atmosphere and scenery make it worth the trip.",2026-06
Penang Hill,3,"I visited Penang Hill in the evening and it was one of the highlights of my trip to Penang. The journey up the hill by train was smooth, enjoyable, and added to the overall experience. As the train climbed higher, the temperature became noticeably cooler, providing a refreshing escape from the warm and humid weather that Penang is known for.

The atmosphere at the top was peaceful and relaxing. The cool breeze made it comfortable to walk around and enjoy the surroundings, especially after sunset. One of the best parts of the visit was the spectacular night view overlooking Penang Island. Seeing the city lights spread across the landscape was truly beautiful and made the trip worthwhile. There are several viewing areas, cafés, and attractions that allow visitors to spend a pleasant few hours exploring the hill.

The natural environment is also impressive, with plenty of greenery and fresh air. It is easy to understand why Penang Hill remains one of the most popular tourist attractions in Malaysia for both locals and international visitors.

However, there is one area that needs improvement. I was disappointed by the condition of the public toilets. Unfortunately, it was not just one restroom that was affected; I found several toilets that were not clean and did not meet the standard I would expect from such a famous tourist destination. Better maintenance and more frequent cleaning would greatly improve the visitor experience.

Despite this issue, I still enjoyed my visit very much. The cool weather, beautiful scenery, and stunning panoramic views of Penang make Penang Hill a place that I would recommend to anyone visiting the island. With improved restroom maintenance, the experience would be even better and more enjoyable for all visitors.",2026-06
Penang Hill,5,"A fantastic place to visit in Penang! The funicular train ride up Penang Hill is smooth and offers beautiful views along the way. At the top, the weather is cooler and the scenery is breathtaking, with panoramic views of George Town and the coastline. There are plenty of attractions, food options, and walking trails to explore. The atmosphere is relaxing and family-friendly. Highly recommended for both locals and tourists looking for a refreshing escape from the city.",2026-06
Penang Hill,5,"""The best spot to get a panoramic view of Penang island. Riding the funicular train up was a great experience. The air is cool and refreshing, with plenty of beautiful photo spots.""",2026-06
Penang Hill,5,"The funicular train ride up is quite fast and smooth, though the queue can get long during public holidays. The temperature at the top is so refreshing compared to George Town down below. Great spot to catch the sunset and grab a coffee.",2026-06
Penang Hill,5,"A wonderful place to escape the heat. The funicular train ride up to the hill was smooth and exciting. Once at the top, the air is beautifully cool and the views of George Town are spectacular. Great walking paths and plenty of spots to take beautiful photos.",2026-06
Penang Hill,5,这是个非常有趣的地方，早上上去时没什么人，而且上面很凉爽，也可以带老人家上去看风景🤟,2026-06
Penang Hill,5,"Penang Hill is a refreshing escape from the city, offering cool weather, lush greenery, and stunning panoramic views of Penang. The funicular ride is smooth and scenic, while attractions like The Habitat add to the experience. It can get crowded, but the natural beauty and peaceful atmosphere make it worthwhile.",2026-06
Penang Hill,5,"very crowded everyday but the view is worth it. There is a food court on top which has good prices and delicious food and drinks. if you are in a rush, recommend buying express tickets because queues can take up to an hour on very busy days but for us took 30 minutes.",2026-06
Penang Hill,2,Views are good but the wait time IS MASSSIVE!,2026-06
Penang Hill,5,Nice view from the top. Definitely recommend spending a little extra and getting the fast track ticket.,2026-06
Penang Hill,5,"Belaian datang subuh, buat kejar sunrise. Tapi cuaca ngga mendukung, paginya hujan. Tapiiii, ini makin cantik. Jumpa pelangi, banyak kabut, jalanan basah, aaaah cantik banget.

Mau kesini lagi, tapi ngga sendiri. Mau bawa pasangan haha",2026-06
Penang Hill,5,Note.,2026-06
Penang Hill,1,"Location still maintenance yet accept visitor, dont have anything to see and enjoy. totally not worth it. Pay for the car 160rm and need to wait until 1.5 hour so that we can go down",2026-06
Penang Hill,5,"Penang Hill & Bergbahn – spektakuläre Ausblicke über Penang

Der Penang Hill gehört zu den beliebtesten Sehenswürdigkeiten der Insel und sollte möglichst früh am Morgen besucht werden. Ideal ist eine Ankunft vor 09:00 Uhr, denn später bilden sich oft Warteschlangen von über 30 Minuten an der Talstation, und auch auf dem Berg wird es deutlich voller.

Mit der historischen Standseilbahn gelangst du in wenigen Minuten auf rund 833 Meter Höhe. Bereits während der Fahrt eröffnen sich schöne Ausblicke, oben angekommen erwarten dich fantastische Panoramen über George Town, die Küste und bei klarer Sicht sogar bis zum Festland.

Der Penang Hill ist außerdem Ausgangspunkt für weitere Highlights wie The Habitat Penang Hill, das MonkeyCup Café oder den nahegelegenen Kek Lok Si Temple.

Tickets für die Bergbahn:
• Online-Buchung über die offizielle Website empfohlen
• Preis: ca. 16 RM pro Person
• Buchung bis zu 14 Tage im Voraus möglich
• Tickets meist flexibel innerhalb eines Zeitfensters nutzbar
• Vor-Ort-Kauf möglich, jedoch oft mit Wartezeiten verbunden

Fazit: Einer der schönsten Aussichtspunkte Penangs und die perfekte Grundlage für einen erlebnisreichen Tag auf der Insel 🚞🌿📸🌅**",2026-06
Penang Hill,1,It was shut for maintenance on the funicular. Only way up was to walk 1.5 to 3.5 hours. Nothing on the website.,2026-06
Penang Hill,4,Amazing scenery from the hill.,2026-06
Penang Hill,5,"Penang Hill was one of the most relaxing places I visited in Penang. The weather was cool, the view was beautiful, and the funicular train ride made the trip even more enjoyable. Definitely worth a visit.",2026-06
Penang Hill,4,"不错的体验,,👍😄",2026-06
Penang Hill,5,สวย ควรค่าแก่การมาแวะชม ถ้าช่วงวันหยุดคนจะเยอะ,2026-06
Penang Hill,4,Sunset & night view are amazing❤️,2026-06
Penang Hill,4,"If you are there during the peak hours or holidays and don’t do good with humidity, go buy the express funicular train tickets. WORTH IT!! It probably took 10-15 mins for me to buy a ticket from the counter to sit on the train.",2026-06
Penang Hill,3,Fun to take the train up but there isn't much at the top. Super touristy. Luckily we saw the dusky leaf monkey which made the trip worthwhile.,2026-06
Penang Hill,4,Nice view and nice weather,2026-06
Penang Hill,5,It's a perfect location to relax and enjoy  the facilities provided. Well done.,2026-05
Penang Hill,5,"Pemandangannya sangat indah, sangat cocok untuk tempat wisata, apa lagi sambil santai akhir pekan untuk refreshing bareng keluarga.",2026-05
Penang Hill,1,"Vry bad experience. Collecting 40rm for express lane but longer waiting time. 2 hours waiting time. No enough seats. Once queues started, no cooling along the waiting bay and no benches or chairs to sit. Worst experience.",2026-05
Penang Hill,1,"Worst experience.

I bought my ticket at 11:00 AM, but the train's estimated arrival time was 1:49 PM. During this long waiting period, there was no proper seating arrangement. There wasn't even drinking water available.

The prices of food and other items were very high. It would be especially difficult for families with small children. Families traveling with babies under 1 year old would face a lot of problems and inconvenience.

Although there were fans and coolers, there was hardly any airflow. Overall, it was a very disappointing and unpleasant experience.

Families traveling with children below 1 year of age would face a lot of difficulties and inconvenience.""",2026-05
Penang Hill,5,"Výhled z Penang Hill je opravdu spektakulární a nabízí možnost krásné procházky, kde můžete strávit klidně celý den, nebo jen pár hodin nasáváním atmosféry. Všude je spousta obchodů a restaurací, takže zázemí je super. Na druhou stranu, z mého pohledu je to tak trochu past na turisty. Kromě toho samotného výhledu a procházky tam vlastně nic tak extra zajímavého, co by stálo za návštěvu, není. Jako jednorázový výlet za panoramatem města je to super, ale nečekejte od toho zázraky.",2026-05
Penang Hill,5,i really like it here it was so great,2026-05
Penang Hill,5,"Penang Hill was a really nice place to visit. The weather was cool, the view was beautiful, and the train ride up was fun. There are a lot of people too!but still a great place to relax and take photos. Definitely worth visiting.",2026-05
Penang Hill,2,"Be aware of the price for tourists it’s £7.50 each vs £3 for locals, didn’t realise till we got here",2026-05
Penang Hill,5,"Suka sgt ikut train naik ke atas tu. View kat atas pun best. Wajib visit semua tmp, kalau tak rugi je naik atas tapi tak explore.",2026-05
Penang Hill,2,"Disorganized, over hype touristy venue",2026-05
Penang Hill,1,"I stood at the very front because I simply wanted to get the best photo possible. The staff member then shouted at me rudely to sit down, but there were no seats left — there were only 4 seats available. So I sat on my boyfriend’s lap while he was already seated, and the staff member told us that two people could not sit together. However, the people sitting across from us were also sitting two in one seat.

At that point, it genuinely felt like he just hated me. I could clearly feel that he was only focused on shouting at and scolding me in front of everyone, making me feel embarrassed, without even considering the actual situation that there were not enough seats. Other people were sitting together too, but I was the only one being singled out. That was unfair.

I really loved the view and the place itself, but because of the way the staff treated me, I have to give this experience 1 star.",2026-05
Penang Hill,2,"Penang Hill has a nice panoramic view over Penang, but honestly, that’s pretty much the main highlight. For 40 MYR, I expected a much more complete experience. If you come during peak hours and have to wait in a long queue, it really doesn’t feel worth the price.

I was lucky to visit early in the morning during the off-season, so I avoided the crowds. Otherwise, my experience would probably have been much worse. On top of the expensive entrance ticket, many attractions inside require separate payments. For example, The Habitat costs around 60 MYR extra, and even the small village area charges another 10 MYR.

I also expected more cafés or relaxing spots with scenic views to spend time there, but overall the visit felt quite short and limited. Unless you have free time, manage to avoid the queues, and don’t mind the extra costs, I wouldn’t highly recommend it.

I can understand why some travelers call it a tourist trap — the view is beautiful, but the overall experience doesn’t match the price.",2026-05
Penang Hill,5,ตอนขึ้นไปฟ้าครึ้มมาก แอบคิดว่าคงไม่ได้เห็นวิวแน่ๆ พอถึงด้านบนฝนตกหนักเลย แต่กลับกลายเป็นว่าบรรยากาศดีมาก มีหมอกเต็มไปหมด อากาศเย็น วิวสวยจริงแบบที่คนรีวิวกัน ด้านบนมีมัสยิดและร้านอาหารฮาลาลด้วย สะดวกดี ถึงฝนจะตกแต่รู้สึกว่าคุ้มที่ขึ้นมา ☁️🌧️⛰️,2026-05
Penang Hill,5,SELAMAT DATANG to the NUMBER ONE place ( tourist destination ) in gorgeous Island of Penang 🫡🇲🇾.  You need to experience yourself in person as I have no better words to describe how bloody GOOD trip for my first visit here 😉,2026-05
Penang Hill,5,"Penang Hill is a must visit in Penang.
There are two option for going up the hill. By the cable car or by jeep at Botanical Gardens.
Or if you stay on hotel on the hill.
The Food centre is currently being renovated and a temporary place with a few stall is still open on 2026 May.
There are many attraction on Penang Hill.
Take the buggy ride to cover the full length of the path.
Hiking trail are available around the hill.
Lookout of animals and insect. The languor are frequently spotted.

Bring along mosquito repellent and wear long sleeves and long pants to keep out insects.",2026-05
Penang Hill,5,rm6 sunrise ticket available from 6am until 8 am. its really worth.,2026-05
Penang Hill,5,Great place with scenic view,2026-05
Penang Hill,5,Cool and relaxing atmosphere with amazing views of Penang. Great place to escape from the hot weather.,2026-05
Penang Hill,5,"Best place for short escape from hot weather. The view, food, and atmosphere were really enjoyable. Great for family trip and late night chilling",2026-05
Penang Hill,5,Worth the price....still got alot upgrading. But inside facilities quite expensive.,2026-05
Penang Hill,4,Very hot but nice,2026-05
Penang Hill,5,A peaceful and refreshing destination with fresh air and stunning panoramic views.,2026-05
Penang Hill,3,Just nak bagi review utk perbezaan express train dgn biase.. Ingatkan dapat privasi or kelebihan ckit dgn org lain normal price.. Hanye beza waktu utk naik sahaje tp still same berhimpit dgn yg lain byar normal price.. Hummmm rasa xberbaloi dgn harge express tu..,2026-05
Penang Hill,3,"Chẳng có gì hấp dẫn 🤣. Mất thời gian, tốn tiền lên đây.",2026-05
Penang Hill,5,Best train trip. Must visit if you are in Penang. Very beautiful place. Beautiful scenery at the top,2026-05
Penang Hill,4,Dah few times datang sini. Last visit was July 2025. Surprisingly masa naik waiting time tak lama pun. 30minutes on Saturday kira not bad haha. Pernah tunggu lagi lama dari ni maybe sebab yang tu hari Ahad. Mula mula naik dulu boleh tahan ada angin sejuk tapi now macam panas je. Pokok banyak dah tebang kot. Btw kalau nak secure tiket korang boleh beli tiket online. And yeah banyak kalai datang pun tak puas tengok view atas ni cantik!,2026-05
Penang Hill,2,"Aucun intérêt sauf celui d'avoir sa photo du panorama de la ville en hauteur.

Prix élevé mais forcément c'est touristique :
25RM aller simple (environ 5.40 euros en mai 2026)
40RM aller retour (envrion 8.64 euros)

Pour donner une idée et remettre le prix en perspective :
Un repas c'est en moyenne 10/15RM pour du bon marché donc autour de 2 à 3 euros.

Une fois en haut, on est dans un complexe commercial balisé et là on assiste au défilé du selfie 🤳

Au niveau du monde, en semaine en Mai, c'est rapide mais ça reste fréquenté, la queue est présente mais avance vite.

Je pensais qu'il y aurait plus de liberté et la possibilité de randonner vers les golden stupa mais non, il s'agit d'un aller retour (le retour à pieds n'a pas d'intérêts car sur la route pendant 2h envrion).",2026-05
Penang Hill,5,"Wunderschöne, beeindruckende Natur im Habitat. Der extra Eintritt hat sich gelohnt. Die Aussicht auf Penang war leider nicht ganz klar. Oben ist es etwas kühler. Alles in allem ein lohnender Ausflug. Tickets am besten vorab kaufen.",2026-05
Penang Hill,5,Had a really wonderful experience.  Beautiful natural scenario and lots pf animals.,2026-05
Penang Hill,5,"Penang Hill is one of the most beautiful hill destinations in Malaysia, offering cool, fresh air and a peaceful escape from the city. The breathtaking natural trails and scenic viewpoints are truly captivating. There are also plenty of fun activities, making it suitable for all ages. Visitors can enjoy a wide variety of restaurants serving delicious, diverse food with friendly service, clean spaces, and reasonable prices. It’s a perfect blend of nature, relaxation, and entertainment—an unforgettable experience when visiting Penang.",2026-05
Penang Hill,5,"Such a charming place with so much character. From the old British post box to the beautiful Hindu temple and mosque sitting side by side, it’s a wonderful reflection of Malaysia’s culture. We had a lovely cream tea at David Brown’s while looking out over the island it felt like stepping back in time.",2026-04
Penang Hill,5,"The entrance fee, which also serves as a round-trip tram fare, is 40 Ringgit. It is not just about enjoying the mountaintop; you can enjoy an incredible natural forest bath starting from the gallery. The difficulty level is moderate, offering the fun of exploring and a sense of accomplishment. Meals, restrooms, and drinks are available at the summit. However, you need to be careful of mountain mosquitoes. I highly recommend this visit to anyone who enjoys hiking.",2026-04
Penang Hill,5,have a beautiful view,2026-04
Penang Hill,5,"风景很美，傍晚很凉
买票超久，人山人海",2026-04
Penang Hill,5,Bagus tour guide cum driver buggy kami ni. Bagi penerangan yg detail & jd photographer yg sgt bagus smp gambar kami blur kat belakang tu🤣,2026-04
Penang Hill,5,The funicular train goes up so fast! It’s way cooler up here than in Georgetown. I love just walking around and looking at the old colonial houses. Sunset view is 🔥🔥🔥 .,2026-04
Penang Hill,5,"Great view, went on a Wednesday at 1pm (not any public or school holiday). Bought standard ticket on the day at the counter.  no queue for the train required, just waiting for it to arrive and board (maybe with 30 people). Got the train back down at 4pm, same no queueing required, just waiting for the train to come. Guess it's not too busy on a Wednesday afternoon.",2026-04
Penang Hill,5,A perfect place to seek serenity.,2026-04
Penang Hill,5,nice place,2026-04
Penang Hill,5,"Chill spot, nice view of Penang, can be crowded.",2026-04
Penang Hill,5,Lovely place,2026-04
Penang Hill,5,Loved the cool air and peaceful vibe up here. The train ride was fun and the view from the top is amazing. Perfect place to relax and enjoy nature.,2026-04
Penang Hill,5,"Fun ride up with the train, weather is cooling and the view over Penang is beautiful.",2026-04
Penang Hill,1,"Beautiful Place, but Rude and Unprofessional Staff at Penang Hill

Visited in April 2026. Encountered a staff member (Malaysian middle-age man) who was rude and unhelpful. Instead of guiding me, he spoke in a loud, harsh tone, made insulting remarks, and even commented on my shoes.

I wouldn’t want other visitors to experience this kind of behavior.

If you cannot recommend properly, do not act as customer service, this reflects poorly on the country’s image.

Better suited for another role. Very unprofessional",2026-04
Penang Hill,1,"No Service Mind, Insulting Customer at Penang Hill

Asked Malaysian Indian men as customer service (near lizard booth, food stall area) a simple question got rude, sarcastic replies and comments on my slippers.

Found monkeys/squirrels nearby anyway. No need for that attitude.

Avoid this staff. so rude and very unprofessional.",2026-04
Penang Hill,5,"During our short trip to Penang last week, we made time to visit Penang Hill—and it turned out to be one of the most relaxing highlights of the trip.

To get to the top, you’ll take the iconic Penang Hill Funicular Railway. Ticket prices differ for locals and foreigners—mine was around RM16, while Kelia’s was RM40. It might seem like a gap, but considering the experience, it’s still worth it.

The ride up is smooth, comfortable, and incredibly scenic. As the train climbs, you’re treated to lush greenery and sweeping views of Penang. It can get a little warm if it’s crowded, but overall, it’s a pleasant journey.

Once you reach the top, the atmosphere instantly changes—cooler air, peaceful surroundings, and stunning panoramic views. It’s the perfect spot for photos, vlogging, or simply slowing down and soaking in the scenery.

One of the highlights of our visit was dining at David Brown’s Restaurant and Tea Terrace, which truly stood out as the most memorable part of our time up there (I’ve shared a separate review just for that!).

There’s actually quite a lot to explore around Penang Hill—from nature trails to viewpoints—but since this trip was more about relaxing than hiking, we kept things simple. Think light snacks, refreshing mocktails, and desserts while enjoying the cool weather.

Pro tip: Try to head up early and come down earlier if you want to avoid the crowds. The return train tends to get much busier in the evening. That said, if you stay, you’ll be rewarded with a completely different experience—the breathtaking night view overlooking the entire Penang Island.",2026-04
Penang Hill,5,ไปซื้อบัตรหน้าทางเข้า ราคาต่างชาติสูงกว่าไทย รถรางความเร็วสูงดี วิวดี ไปตอนเย็นรอพระอาทิตย์ตก สวยดี ค่ำๆเปนวิวเมือง มีไฟ,2026-04
Penang Hill,4,"可以到那再買票
如果人不多不用花錢買快速通關

上面☁️涼爽還可以坐下來喝杯🍵
小朋友也可以跟蛇、卡迪巴拉
鳥類拍照
需要費用",2026-04
Penang Hill,5,nice spot untuk chill chill and healingg !! udara pergh fresh and view so mesmerisinggg,2026-04
Penang Hill,5,"The round-trip ticket costs 40 RM. If you go in a group, the staff will usually ask only one person to line up and buy the tickets. The visit itself doesn’t take very long, but the view is beautiful. When I went, it was raining lightly. At the bottom, there are souvenir shops and food shop",2026-04
Penang Hill,4,"I came around 8:45, and there were only a few people, so there wasn’t much of a queue. I enjoyed the funicular ride, but I wasn’t sure what to do at the top of Penang Hill since the scenery was completely blocked. I’m not sure if it was pollution or clouds, but it wasn’t clear enough to capture on camera. Still, it was a fun experience though",2026-04
Penang Hill,5,適合傍晚或看夜景的地方,2026-04
Penang Hill,5,"we had a really good time here. arrived in the morning and didnt have to wait at all to get on the funicular train. the view of the city from up there was still foggy early morning but once it had cleared up it was a breathtaking view. the food at the food court was alright, nothing special. we were done in the afternoon and the line at the funicular station wasnt that long. probably only took about 10-15 minutes to wait",2026-04
Penang Hill,5,"Visited Penang Hill this evening and it was a lovely experience 😊 The main highlight is the tram ride 🚋 from the lower station to the top—smooth, scenic, and enjoyable. Ticket prices were reasonable at 30 MYR for adults and 15 MYR for kids 👍

At the top, the viewing deck offers beautiful panoramic views of the city and sea 🌆🌊 Since it was a weekday, the crowd was less, making it peaceful. Watching the sunset 🌅 and capturing stunning photos 📸 made it truly memorable. Overall, a great experience!",2026-04
Penang Hill,4,"Très cool de monter en funiculaire ! Par contre la vue n’était malheureusement pas au rendez-vous car la pollution de la ville la cachait. Sinon, nous sommes redescendus à pied et c’est une superbe balade. Éprouvante mais très belle !",2026-04
Penang Hill,5,"My glorious romantic green place for great fresh breath of air, exercise , hiking and food",2026-04
Penang Hill,5,VERY NICE 👍👍👍,2026-04
Penang Hill,5,Tempat yang bagus untuk dilawati bersama keluarga,2026-04
Penang Hill,4,还可以啦、空中走廊、有一部分的热带雨林、,2026-04
Penang Hill,5,"The way up to the top is super steep, but it's all stairs and honestly it's great for getting your cardio done.

There's a lot of people both on the trail and in the cable car.

The view from the top is splendid.
Go and get your cardio done!",2026-04
Penang Hill,2,「今次去檳城，梗係要上升旗山啦！坐住嗰架好似時光機嘅纜車，『轟隆轟隆』咁上山，穿過成片綠油油嘅樹林，未到山頂已經覺得好正。山頂真係好涼爽，個view靚到不得了！望落去成個檳城好似幅畫咁，啲屋密密麻麻，仲見到遠遠嘅海同橋。,2026-04
Penang Hill,1,"La experiencia es muy buena pero voy a poner una mala crítica porque los puestos de fotografía que he visto arriba son intolerables… juzguen ustedes mismos…

Tienen capibaras, serpientes y loros encerrados esperando a que algunos turistas se saquen fotos con ellos… pude ver incluso como echaban un spray a la capibara. No se que era, pero seguro que nada bueno.",2026-04
Penang Hill,4,Highly recommended here 'Fruit Ais kacang style',2026-03
Penang Hill,5,"Was good Experience, we need to buy Tickets for the train to get on top. when reach on the Top of Penang Hill you will get nice views 🌴🌳🪾🌲",2026-03
Penang Hill,5,Nice View..,2026-03
Penang Hill,5,interesting place to go ✨,2026-03
Penang Hill,5,"Eco-tourism destination with rainforest trails. Visitor can ride the train or hike for heritage n nature walks. It's a historical landmark features colonial era building for the Penang Hill Mosque and Temple. Visitor can dine in, there are several cafe at Sky Terrace stunning views of George Town.",2026-03
Penang Hill,5,Best gila dapat rasa sejuk-sejuk sikit kat atas ni. The funicular train ride was smooth and fast. Sesuai sangat bawa family jalan-jalan ambik angin.,2026-03
Penang Hill,4,Cool breeze and a great escape from the heat. The funicular train ride is fun and the panoramic view of Penang island is breathtaking,2026-03
Penang Hill,5,"The train is wheelchair and stroller-friendly, making it a popular choice for families and those with limited mobility",2026-03
Penang Hill,5,Beautiful scenery,2026-03
Penang Hill,5,Had a really wonderful experience.  Beautiful natural scenario and lots pf animals. It will give is a beautiful experience to completely blend into the nature. It is a good hiking spot,2026-03
Penang Hill,5,"👍 Pros:

Beautiful panoramic views of Penang island
Cooler climate compared to the city below
Fun experience riding the funicular train
Attractions like The Habitat and walking trails

👎 Cons:

Long waiting time for the train during weekends/holidays
Some attractions require separate entrance fees
Can get crowded at peak hours

⭐ Verdict:
A great place to unwind and enjoy nature, especially for first-time visitors. Try going early morning or evening for the best experience (sunrise/sunset views are amazing).",2026-03
Penang Hill,5,"Tempat ni memang sangat2 sesuai untuk hari2 keluarga, nak merasai nikmat kita di atas bukit bendera, banyak tempat nak ber ootd ,syok weyh ... Naty nak pi lagi hehehehehe",2026-03
Penang Hill,5,Penang hill is great place for feel the beauty scenery from the top of penang. At the top have foodcourt and many place for we capture the good and best moment there. We need to use funicular to go there or we also can hiking to go to the top of penang hill. Best and good experience if you go there.,2026-03
Penang Hill,5,"Take a deep breath of fresh air at the top of Penang Hill. There are so many spots where you can stop by like the temple, masjid, rides, the gate house, cafes and restaurants. Souvenirs are waiting for you to buy. Beware of the monkeys. They are cute and most of the time they run fast, so be sure to not block their ways",2026-03
Penang Hill,5,"Naik funikular memang seronok dan view dari atas sangat menarik. Udara pun sejuk, sesuai untuk santai dengan keluarga. Pasti akan datang lagi",2026-03
Penang Hill,5,"Review of Penang Hill
Penang Hill is one of the most attractive places to visit in Penang. The weather is cool, the air is fresh, and the view from the top is very beautiful. Visitors can enjoy the amazing scenery of the city and the sea. The train ride going up the hill is fun and exciting, making the journey more special.
This place is perfect for relaxing, taking photos, and spending time with family and friends. If you come to Penang, Penang Hill is a must-visit place and you will have a great experience. ⭐",2026-03
Penang Hill,5,First time naik train ke atas Penang hill. Best sangat n tempat menarik yg patut dikunjungi,2026-03
Penang Hill,4,山上有餐廳飲料店,2026-03
Penang Hill,5,"Penang Hill is one of the best spots on the island if you want a break from the heat and a proper panoramic view.

The funicular ride up is smooth and fast, and once you’re at the top, the air is noticeably cooler with a nice mix of nature, viewpoints, and a few cafés.

It can get crowded, especially around sunset, so go early if you want it quieter.

Overall, worth it for the views and the change of atmosphere from the city. Breathtaking",2026-03
Penang Hill,5,Nice for hill environment and exercises,2026-03
Penang Hill,5,"No comment,, memang cantik do'oh !! Feeling2 dlm citer om puteh pun ada ,, citer Hindustan pun ada ~",2026-03
Penang Hill,5,Must visited place,2026-03
Penang Hill,1,"Spent 4 hours in total in the queue for enjoying 2 h it’s not worth it or if you want still do it buy directly express ticket we didn’t at first and ended up spending 4 hours waiting in total

The place is good not worth the wait people are trying to sell you everything and nothing",2026-03
Penang Hill,4,"After long time of working, penang hill is the best to relieves the stress.. Full of nature vibes, convinient, chill vibe,fresh air and for sure it is the best for hikers lover.. Very Instragrammable and esthetic too. on weekend the traffic que a little struggle. Overall, it worth if it is plan on the right timing and realistic expectation.",2026-03
Penang Hill,5,บรรยากาศดีมาก อากาศสดชื่น ไปช่วงเช้าจะดีมาก,2026-03
Penang Hill,5,"Great views and a ""Fast Lane"" pro tip!
We went up to Penang Hill around midday to escape the city heat, as it’s noticeably cooler up there. We booked this through Discova Southeast Asia.
• Fast Lane: Getting the Fast Lane ticket is worth every cent—it saved us so much time!
• The View: A huge thanks to our guide for the tip: make sure to get to the very front of the funicular train and stay there. It offers the absolute best unobstructed view during the steep climb.
• At the Top: The panorama is fantastic. We enjoyed a relaxed coffee break and walked further up to visit the Hindu temple, which was very interesting.
A perfect spot for a break with a view!",2026-03
Penang Hill,5,nice place to visit with the view :),2026-03
Penang Hill,5,"Penang Hill is a must-visit destination with a great location surrounded by lush mountains. The funicular railway ride to the top is a unique and memorable experience—it truly feels similar to the scenic mountain rail journeys you get in Switzerland.

The view from the top is absolutely stunning, offering a panoramic look over Penang that is especially beautiful in clear weather. The area is also well maintained, neat, and clean, making the overall experience even more enjoyable.

A perfect place for nature lovers and anyone looking for a peaceful yet scenic getaway.",2026-03
Penang Hill,5,"This was the absolute highlight of my trip to Penang and I highly recommend everyone to come here. It is very simple to get here. I purchased the one week tourist pass and I took the bus number 204 that brought me right at the doorstep of the ticket counter. I purchased my ticket. I arrived around 4 PM and there was absolutely no lineup on a Monday. it was nice and quiet between 4 and 6 PM however by 6 PM I believe there was a tour bus that arrived so it got crowded. I stopped for a little coffee at the coffee shop. There are plenty of places to sit down and relax. There are bathrooms, although they are in rough shape. The staff here are very friendly. The best part was those adorable little monkeys. You see them jumping around in the trees, but sometimes they come and interact with people and I was lucky that I was there during those times. I even got to see the little baby. It is definitely worth coming here. It is a lovely area.",2026-03
Penang Hill,5,Krásný výhled a supr výlet.,2026-03
Penang Hill,5,Peaceful and refreshing with amazing scenery. A perfect spot to relax and enjoy cooler weather.,2026-03
Penang Hill,5,"A peaceful retreat with fresh air and amazing scenery. The funicular train ride is an experience on its own, and the view from the top is absolutely worth it.",2026-03
Penang Hill,5,"Visiting Penang Hill was such a wonderful experience. The journey up the hill on the Penang Hill Funicular Railway was already exciting, and the view from the top was absolutely beautiful.
Once we reached the top, the weather felt cooler and very refreshing. The panoramic view of George Town and the sea was amazing. It’s a great place to relax, take photos, and enjoy nature. There are also nice walking areas, small cafes, and places to sit and just enjoy the scenery.
Overall, Penang Hill is definitely worth visiting if you are in Penang. It’s peaceful, scenic, and a perfect place to spend a few hours with family or friends. I would love to visit again! 🌿⛰️📸",2026-03
Penang Hill,5,The hiking trail is too simple,2026-03
Penang Hill,5,Datang pagi jadi naulik funicular train belum antri...sangat menarik dan sangat indah. Pengalaman yg menyenangkan,2026-03
Penang Hill,5,Best ye dtg sini,2026-03
Penang Hill,5,i love this place so much because the air is very cool and comfortable! perfect for relaxing and enjoying the beauty of nature. This place is worth visiting with family or friends.,2026-03
Penang Hill,5,"Fast train, cool breeze, and great views. Best place to escape the heat for a bit.🛤",2026-03
Penang Hill,4,Beautiful view from the hill,2026-03
Penang Hill,5,"Visiting Penang Hill was truly a special experience for me. It has actually been one of my dream places to visit since I was a child because I used to read about it in my school textbooks. Being able to finally see it in person felt really meaningful.
The view from the top is absolutely stunning, especially with the panoramic sight of the city and the sea. The weather was cool and refreshing, making it a perfect escape from the heat. It’s definitely a must-visit spot when you’re in Penang! 🥰",2026-03
Penang Hill,5,Will come back in future .,2026-03
Penang Hill,5,nice,2026-03
Penang Hill,5,Beautiful place with amazing views of Penang from the top. The ride up on the Penang Hill Funicular Railway was a fun experience. The weather is cooler up there and there are plenty of spots to relax and take photos. Definitely worth visiting when in Penang! 📸🌿,2026-03
Penang Hill,5,give so many experiences and good place,2026-03
Penang Hill,5,"A relaxing escape with cooler air and stunning views over Penang Island. The funicular train ride up the hill is a fun experience. There's tons of activities to do up there like visiting Kopi Hutan to try their coffee, visiting The Habitat or simply walking around and discover nature and wild life.",2026-03
Penang Hill,5,"月曜日の11時に到着しました。待ち時間があるとの口コミもあり不安でしたが全く並ばなかったです。
上からの景色は絶景です。マストで行くべきスポットです。",2026-03
Penang Hill,5,"Beautiful sunset view,must go againnn amazing service",2026-03
Penang Hill,1,晚上很多野狗，很凶，会追人来咬。,2026-03
Penang Hill,5,"Saya bagi 5star,dapat tengok pemandangan yg cantik",2026-03
Penang Hill,5,The view was so beautiful and I will come again ..,2026-03
Penang Hill,5,"Fresh air, peaceful vibes, and beautiful scenery. The view from the top is so worth it! ⭐️⭐️⭐️⭐️⭐️",2026-03
Penang Hill,5,"I visited Penang Hill and it was a very enjoyable experience. I took the Penang Hill Funicular Railway to the top and the journey itself was exciting. From the hill, I could see a beautiful panoramic view of George Town and the sea. The cool weather and peaceful environment made the visit even more memorable. 🌄📸",2026-03
Penang Hill,5,"Visited Penang hill with my friends, the ride up was very enjoyable and relaxing. Able to enjoy the view of penang and was also very cooling on top",2026-03
Penang Hill,5,Beautiful scenery and fantastic view of the city.,2026-03
Penang Hill,5,Cool weather and calm atmosphere. The ride up is smooth and the top gives wide views of Penang. A good place to slow down and just walk around,2026-03
Penang Hill,5,"風景很漂亮
纜車很特別",2026-03
Penang Hill,5,"Great experience visiting Penang Hill. The ride up the funicular is smooth and the view from the top is beautiful, especially overlooking George Town. Cool weather, nice scenery, and definitely worth the visit.",2026-03
Penang Hill,5,"I visited Penang Hill during my trip to Penang and it was a very enjoyable experience. To reach the top, I took the funicular train at Penang Hill Funicular Railway, which was quite exciting as it moved up the steep hill.

At the top, the weather was cool and the view was amazing. I could see a beautiful panoramic view of George Town and the surrounding sea. The environment was peaceful and perfect for relaxing while enjoying nature. Overall, visiting Penang Hill was a memorable and refreshing experience.",2026-03
Penang Hill,5,should try the coffee.. love it,2026-03
Penang Hill,5,Refreshing hill escape with beautiful panoramic scenery,2026-03
Penang Hill,5,Best sangat tempat ni. Boleh nampak laut dari atas,2026-03
Penang Hill,5,I love the view so calming and relaxing,2026-03
Penang Hill,5,"Very cool place to go and I reakon a must go well in penang, we went 2nd of march, monday around 12am and there was no wait for the cable car",2026-03
Penang Hill,5,I really loves the view up here while enjoying a big cup of ais kacang!!!! Recommended,2026-03
Penang Hill,5,i love it so muchh,2026-03
Penang Hill,5,Great atmosphere and surroundings. Sweet and kind local.,2026-02
Penang Hill,5,"A trip to Penang Hill is always a refreshing escape from the city heat. 🌿🌤️

The funicular train ride up is smooth and exciting, especially when you see the steep track and beautiful greenery along the way. Once at the top, the panoramic view of George Town and the coastline is absolutely stunning.

The weather is cooler compared to the city, making it perfect for a relaxing walk. There are food stalls, cafes, and attractions like The Habitat Penang Hill, where you can enjoy nature trails and canopy walks.

It can get crowded during weekends and holidays, so going early in the morning is a good idea.",2026-02
Penang Hill,5,"A place that has to be in the visit list. The scenery is just one of a kind perfect for a photophile . These place offer myriad of activities such as taking pictures, eating at the cafe and vice versa.",2026-02
Penang Hill,5,Scenic view,2026-02
Penang Hill,1,"I’m surprised by how many good reviews this has. On good advice, we paid extra for the express funicular tickets so we wouldn’t have to queue. When you get to the top, it’s depressingly over-commercialised and there isn’t much to do. People want money to take your picture, selling tat, people queuing up to pay to hold a capybara in a depressing looking pen. Lines of binoculars to pay even more to look at the view.

We felt like it was a soulless place and we didn’t find it worth it at all.",2026-02
Penang Hill,5,great place for those who love natures !,2026-02
Penang Hill,4,"Es war ein sehr interessanter Ausflug. Man sieht, dass die Betreiber sich große Mühe geben. Wir haben an der Seilbahn keine 10 Minuten gewartet.",2026-02
Penang Hill,2,"有狗同馬騮 影相位多數要收錢
幾多梯級 落雨有啲麻煩 唔值得專登去",2026-02
Penang Hill,5,"由于天气太热，能的话 记得带伞 ，底下别走太多路 流汗多 上山凉快 就容易感冒...
哦...上山⛰️喜欢咖啡的记得点，在山里 入森林买票区 那家，卡布基诺好喝",2026-02
Penang Hill,5,So many more attractions on top of the hill. A must visit place!,2026-02
Penang Hill,4,"The Good
The main attraction is the funicular train ride—it’s a steep, swift climb with exciting views over the island. At the top, you escape the city heat with cooler temperatures and fresh air. Key spots include The Habitat (for the Curtis Crest walkway and canopy bridge), the historic Sri Aruloli Thirumurugan Temple, and a mix of colonial-era bungalows. It also offers fantastic panoramic views of George Town and the mainland.

Things to Consider
The experience can be affected by crowds, often resulting in long queues for the train, especially on weekends and public holidays. Prices for the train ticket are also considered pricey for foreigners. While there are cafes and a food court, dining options are mostly average and a bit overpriced.

Verdict
Worth visiting for the views and the cool climate. To avoid disappointment, arrive early on weekdays and book tickets online in advance.",2026-02
Penang Hill,5,Very good place,2026-02
Penang Hill,5,"At first i didn't expect it too much but love the experience. It nice if you really want to go for healing duh. Beside, i'm pretty sure people who love ootd would love to take a picture here.",2026-02
Penang Hill,5,Jom pegi bersama fmly tau kwan2 baru best pegi ramai2,2026-02
Penang Hill,5,such a beautiful place,2026-02
Langkawi Skybridge Cable Car,5,Excelentes vistas. Con muy buen acceso y las scooters no pagan. Para pasar mediodía perfecto,2026-09
Langkawi Skybridge Cable Car,4,"蘭卡威空中纜車真的很值得體驗！建議事先在網路上購票，不但方便，也能省下現場排隊買票的時間。網路買票後不用另外換票，直接刷票入場即可，流程相當順暢。搭乘纜車的行程分成兩段，第一段抵達鷹巢觀景區，可以欣賞蘭卡威群島、山林與海景；第二段則前往天空步道，站在高處俯瞰壯麗山景與海岸線，視野非常開闊，天氣好的時候拍照特別漂亮。
整體搭乘過程很舒服，沿途景色也會隨著高度增加而越來越震撼。怕高的人可能會有一點緊張，但真的很值得挑戰。建議早點前往並事先確認天氣，避免遇到雨天影響視線。來蘭卡威旅遊，這個景點很推薦！",2026-09
Langkawi Skybridge Cable Car,5,Great view.,2026-09
Langkawi Skybridge Cable Car,5,"I booked tickets through pelago,Literally you can skip the very long ticket counter queue which saves you 15 to 30 mins.
The skycab ride is adventurous  through mountain landscape and very thrilling where everyone should experience it.Skybridge,eagle nest and the top station view worth every penny you spent :)

High Food rate is a concern here,be cautious with restaurants around here.",2026-09
Langkawi Skybridge Cable Car,4,Does get extremely warm in the cable car.,2026-09
Langkawi Skybridge Cable Car,5,View cantik👍🏻Better dtg masa x crowded,2026-09
Langkawi Skybridge Cable Car,5,"Had a great experience visiting Langkawi Sky Bridge. The views from the bridge were amazing, especially with the mountains and surrounding greenery. The scenery was beautiful and definitely worth seeing if you’re visiting Langkawi. A memorable place and highly recommended",2026-09
Langkawi Skybridge Cable Car,5,Wonderful amazing what i can say more it will not fill the place,2026-09
Langkawi Skybridge Cable Car,5,It's a awesome experience,2026-09
Langkawi Skybridge Cable Car,5,"Great experience. It was a rainy day but we made it to the top. Though we could not access the bridge, we were satisfied with the sky cab. The sky dome was a disappointment. The skyrex was under service,but there was no compensation offered.
Staff were helpful and polite at the last station, but the ones at the base can be a little more patient with first timers as we will not know the process.",2026-08
Langkawi Skybridge Cable Car,4,"It was a nice ride to the top, the wait was long to get on the car. I wish they have better control of regular lane and express lane divided because everyone is mixed in and it's confusing.",2026-08
Langkawi Skybridge Cable Car,5,"Nice place with nice view, good to visit",2026-08
Langkawi Skybridge Cable Car,5,Exciting place... Enjoy sky cab. Nice view n scenery,2026-08
Langkawi Skybridge Cable Car,5,Skybridge Cable car yang menarik,2026-08
Langkawi Skybridge Cable Car,5,Good service and enjoying,2026-08
Langkawi Skybridge Cable Car,4,Wunderschöne malaiische Insel 🏝️,2026-08
Langkawi Skybridge Cable Car,1,no stars actually such a long queue registered online but srill need to wait under hot sun. Queue barely moving. Dont waste your time.,2026-08
Langkawi Skybridge Cable Car,1,DO NOT COME HEAR you will be waiting 5 hours in a queue which hardly moves with no air conditioning.,2026-08
Langkawi Skybridge Cable Car,1,"Beautiful view. However, HORRIBLE STAFF. Staff at main ticketing entrance ignored us and proceeded to check others tickets who were behind us in line. Gave us attitude when we said excuse me. So unprofessional. Ticket price is kinda ridiculous too like overpriced. Imagine paying for the skyglide service but they only provide one car so u have to wait in line for a long time. Better just burn calories by hiking than waste money on this ridiculous service.

I think if u want to try going here, just go once is enough. Not worth it at all in my opinion.",2026-08
Langkawi Skybridge Cable Car,4,"Nice place to visit. Tickets does not cover access to Eagle's nest, Skyglide and Skywalk. These tickets need to purchase separately. Also no point buying the family ticket that's cover SkyDome, 3D art museum, crocodile adventures land and Skyrex. The staff didn't mentioned in advance that Skyrex was closed for maintenance therefore was felt cheated. SkyDome and 3D art museum was quite boring for me as I am not interested in photography.",2026-08
Langkawi Skybridge Cable Car,5,ランカウイでは欠かせない観光地です。絶景は素晴らしいです。是非晴れた日に。予約は不要でした。,2026-08
Langkawi Skybridge Cable Car,3,scenery is superb. the only problem is waiting time for skyglide. each trip take around 5minit. u need to wait 3-4 trip before ur turn..,2026-08
Langkawi Skybridge Cable Car,5,"Amazing experience overall. Ine of the best cable cars I’ve been on, the views were insane. We went in hot weather, it was extremely hot in gandola & it takes 15 mints. No drinks allowed from down despite they selling it up 🤣. Sky bridge was incredible too. Strollers not allowed, lockers available 15 rm for small, 25 for large.",2026-08
Langkawi Skybridge Cable Car,4,Es una bona visita i esta entretingut. Poder una mica car,2026-08
Langkawi Skybridge Cable Car,5,One of the best views that you could get when on a cable car.. would prefer everyone to try it out.. just a small hindrance is the waiting time at the sky glide,2026-08
Langkawi Skybridge Cable Car,5,"Warto, fajna atrakcja w przystępnej cenie, nie ma potrzeby wykupywania wcześniej biletu - sprawdzajcie pogodę, najlepiej wybrać się w bezchmurny dzień, chmury w tym miejscu zatrzymują się na dłużej 😅",2026-08
Langkawi Skybridge Cable Car,4,Magnificent views of the island,2026-08
Langkawi Skybridge Cable Car,5,"view sgt cantik, staff kt eagle nest sgt sporting, goodjob, terbaik",2026-08
Langkawi Skybridge Cable Car,5,Amazing views,2026-08
Langkawi Skybridge Cable Car,3,"Ja die Bergbahn ist steil, aber nichts besonderes. Wer wenig mit Gebirge zu tun hat, ist wahrscheinlich beeindruckt. Für uns eine gewöhnliche Seilbahn",2026-08
Langkawi Skybridge Cable Car,5,"We had great fun on this cable car. Was a very steep climb, with a stop half way up to see a lookout and cafe. We were lucky it was a rainy, cooler day, as it would have been a lot more difficult in the heat and humidity.",2026-08
Langkawi Skybridge Cable Car,5,"Buen sitio para visitar pero no es necesario cruzar el puente colgante, las vistas son increíbles desde todos los puntos",2026-08
Langkawi Skybridge Cable Car,5,Great experience,2026-08
Langkawi Skybridge Cable Car,5,Fantastic,2026-08
Langkawi Skybridge Cable Car,4,"my first time ever taking a cable car and i just realized i'm afraid of heights... especially when the cable car reached to the steepest line. im pretty sure the view could be better than this but because of the haze, it looks very hazy and the weather was very hot too :( i went to the skybridge by walking on the trail instead of taking the skyglide, wouldn't recommend for people who's not fit and older people. once i reached to the skybridge, i didn't manage to walk across it cuz my legs were shaking, damn scary sia",2026-08
Langkawi Skybridge Cable Car,5,"Burayı görmeniz lazım , kesinlikle tavsiye ederim.",2026-08
Langkawi Skybridge Cable Car,3,"The staff were rude,the places which each nation considers worth to visit should invest in locals who know english and a bit of empathy",2026-08
Langkawi Skybridge Cable Car,5,We visited here for cable car ride but the most intested part of visit was Nasi Kandar haji Faiz Lunch we tried here chicken kebab with paratha and chicken paratha with pickles also the masala Lassi was fabalous and the hospitality of Mr Baba also good we ranked this meal no.1 in Langkawi.,2026-08
Langkawi Skybridge Cable Car,5,"Best spannend, maar niet willen missen!",2026-08
Langkawi Skybridge Cable Car,5,À faire une fois. Impressionnant. Une belle vue depuis le sommet.,2026-08
Langkawi Skybridge Cable Car,5,Venir à Langkawi sans faire le Skycab n’est pas envisageable. Je le conseil fortement.  Il faut compter 3 à 4h si vous prenez le pack avec le skybridge et le skydome. La vue est incroyable.,2026-08
Langkawi Skybridge Cable Car,5,Don't go early on Wednesdays as there is a scheduled maintenance is going on 😞,2026-08
Langkawi Skybridge Cable Car,5,"The SkyCab is an experience on its own and definitely worth trying. The ride up the mountain was smooth, and the views kept getting better as we climbed higher. Looking out over the rainforest, mountains, and sea from the cable car was unforgettable. We visited on a cloudy day, but the mist made everything look even more beautiful. One of the best attractions we visited in Langkawi",2026-08
Langkawi Skybridge Cable Car,5,Very good experience. Be ready for the wind.,2026-08
Langkawi Skybridge Cable Car,3,Dalam Cable Car takde kipas. panas berkicap,2026-08
Langkawi Skybridge Cable Car,4,رائعة,2026-08
Langkawi Skybridge Cable Car,5,Il posto è molto bello. Il giro in funevia e il ponte ti permettono di arrivare sul punto più in alto di langkawi per vedere un panorama magnifico.,2026-08
Langkawi Skybridge Cable Car,3,التعامل مع ذوي الاحتياجات الخاصه. بصعوبه وبعد عدة محاولات لاقناعهم. العربات تحتاج تهويه او تكييف لأنها مكتومه. مع العدد الكبير لكل عربة ٦ أشخاص وضغطهم كانهم علبة تونه عدم وجود حمامات في المنصات العليا او مطاعم مميزه. مبلغ المرور على جسر الزجاجي لا يشمل سعر التذكره. وهذا غير جيد حيث يعتبر للسائح. استغلال,2026-08
Langkawi Skybridge Cable Car,5,التأكد من حالة الطقس فإنه في حالة كان الطقس سيئا فسيتم اغلاق بعض الفعاليات.,2026-08
Langkawi Skybridge Cable Car,5,Una experiencia gratificante se recomienda primera hora pero vale la pena las vistas y la altura que subes,2026-08
Langkawi Skybridge Cable Car,2,"Can’t deny the view is magic. BUT this place is not family friendly at all, stroller have to be left and infrastructure are not adapted at all for babies. Overall it is very expensive for low value in the end. Not recommending.",2026-08
Langkawi Skybridge Cable Car,5,"Helt sikkert et besøg værd. Spændende tur i gondol som belønnes med en fantastisk udsigt. Fra mellemniveau til øverste er der en elevator og en trappe. Vi prøvede begge dele. Elevatoren koster 10 MYR pr. person. Tag den kun hvis du har særlige problemer med trapper eller varme. Der er lang ventetid fordi den er langsom. Trapperne giver en god oplevelse og tager ca. 10. min.
Kom tidligt for at undgå de værste køer. Vi kom ved åbningstid kl. 0930 udenfor sæson. Da vi var færdige ca. 1130 og ville ned var der kø til at komme op.
Vær opmærksom på, at der normalt udføres vedligeholdelse om onsdagen, så der åbnes først kl. 1200.",2026-08
Langkawi Skybridge Cable Car,5,"The cable car offers spectacular views from high above the island, while the Sky Bridge adds a little excitement. It is one of those places where the journey itself becomes part of the adventure.",2026-08
Langkawi Skybridge Cable Car,4,"結構急なロープウェイだった。
ケーブルカーの中はクーラーなくて暑かった、、、
要所要所で写真撮ってくれてそれを写真立てに入れたり、マグネットにしたり、販売している。
マグネットを購入。帰国後冷蔵庫に貼ったよ🤣
チケット購入は事前でも当日でもどっちでも！
私は当日並んだけど15分くらいやしまあいいか、という感じだった！",2026-08
Langkawi Skybridge Cable Car,1,"Sangat mengecewakan bila dah beli tiket rupanya skydome n skyrex under maintenance, please bagitau awal2 lain kali, at least notis kat tempat beli tiket n page2 online",2026-08
Langkawi Skybridge Cable Car,2,"Kabelbaan en uitzicht is prima. Leuk om op de brug te staan. Maar dat is het wel zo ongeveer.
Heel bijzonder dat je geen drinken mee mag nemen naar binnen/omhoog in een land waar de gemiddelde temperatuur boven de 30 graden ligt. Nog nergens meegemaakt dat je zelfs water in moet leveren!
Boven kun je het dan ineens weer duur kopen, maar je moet het wel daar opdrinken, want het mag niet mee naar beneden.",2026-08
Langkawi Skybridge Cable Car,5,"В кабинете по началу душно, но патом при падьеме начинаеца ветер и полегче становица",2026-08
Langkawi Skybridge Cable Car,5,"Very lovely experience. Plenty of parking. Lovely place at high altitude. Cool windy. Hot sun too. That's a great engineering at a very high mountain. A lots of food shop, food courts too.",2026-08
Langkawi Skybridge Cable Car,4,"The Langkawi SkyBridge is a 125-meter curved pedestrian suspension bridge in Malaysia. It hangs 660 meters above sea level on the peak of Machinchang Mountain.
SkyCab takes one over lush jungles and some of the oldest rocks on Earth—over 550 million years old. Ref.wiki",2026-08
Langkawi Skybridge Cable Car,5,"Безумно красивое место, обязательно надо посетить, раз уж приехали на Лангкави)) потратили около 4 часов  на всю прогулку... Конечно не Эльбрус, но очень красиво))",2026-08
Langkawi Skybridge Cable Car,5,"Book online and book the early sitting. Don't forget to include sky bridge and Eagle View Point if required as again saves cueing . Saves money and cues.
The views are spectacular. The service is well organised and the 1/2 way stop has escalators so convenient. Take your time take as many pics.
If the cable cars veiw are Good the Eagle view is spectacular and the sky bridge a must if nor the view then the experience is out of this world.
Skyglide has big cues so if u can walk to the bridge cheaper, quicker n more convenient.",2026-08
Langkawi Skybridge Cable Car,5,مكان روعه,2026-08
Langkawi Skybridge Cable Car,4,Amazing beauty!,2026-08
Langkawi Skybridge Cable Car,5,"The view ❤️
Highest point of Langkawi. You can see almost the whole island from there. Once in a lifetime experience. Must visit. Please buy tickets online for this place. It's easier. See the Eagle point first. Then go to the Sky bridge. Take the 2 way tramp or train that they have if you do not want to hike. It's warm during July end and aug.",2026-08
Langkawi Skybridge Cable Car,4,من اجمل اماكن لانكاوي لا يفوتكم حطوه في اول اللسته لزياره لنكاوي واختارو اليوم الي فيه غيوم يكون جميييل وجهزو نفسكم لاحلى صور ولا يفوتكم معرض ال 3D فيه اجمل الصور الي تأخذوها ذكرى لكم لازم تدخلوه وجهزو الكاميرات حاطين لكم فين توقفو عشان تأخذو صوره جداً جميله لكل منظر,2026-08
Langkawi Skybridge Cable Car,2,"Entendió la entrada que sea costosa por un tema de mantenimiento, pero después de eso que te quieran cobrar para todo me parece demasiado, hasta para ir al baño sucio tenes que pagar.",2026-08
Langkawi Skybridge Cable Car,4,"Eventhough sky bridge cable cars and scenary are good, very bad arrogant behavior from cable car handling staff at the top, especially from lady staff",2026-08
Langkawi Skybridge Cable Car,5,Aussicht ist HAMMER 👍👍,2026-08
Langkawi Skybridge Cable Car,5,Due to weather conditions some time sky bridge closed,2026-08
Langkawi Skybridge Cable Car,5,"We had a great day out in the cable cars and skywalk. I thought it was expensive around £240 for a family of 4. But it includes all express queue, gondola lift, glass car, 3d museum. We had a great day without queues.

There were stormy raining in the morning but it cleared up, the sky walk was closed when we got there but by the time we got up the middle station it had already cleared the clouds and sky bridge opened, so keep an eye on the weather forecast

Not for those with mobility issues, 1 rm to use the loos, the one at the top seems to be free. There's also small coffee snack shop at the summit",2026-08
Langkawi Skybridge Cable Car,5,جميل جدا رائع,2026-08
Langkawi Skybridge Cable Car,5,"Tempat yang menarik dengan panorama Langkawi yang memukau.

Extra tips untuk ke sini :-
• beli tiket awal di website rasmi atau di Klook jika tidak mahu beratur lama
• pastikan sebelum membeli tiket, selidik dahulu jenis pakej yang nak diambil. Kami beli tiket di klook fast lane : skycab + skyglide + skybridge. Untuk ke skybridge ada pilihan sama ada nak mendaki tangga 15-25minit bergantung pada individu atau skyglide (ada 1saja, ambil masa 20-30minit/per trip)
• screenshot siap² tiket masuk bagi memudahkan trip. Di atas internet kurang memuaskan (ada disediakan wifi cuma slow)
• semak forecast cuaca sebelum datang supaya dapat plan waktu masuk. Bazir masa & nak bergambar pun tak nampak view nanti kalau hujan. rugi sangat sebab moment diatas sangat mahal.
• stroller / wheelchair tidak boleh digunakan di atas. (Digalakkan ada baby carrier jika ada anak kecil)
• Makan dulu sebelum naik ke atas
• Pakai pakaian yang selesa & kasut bertutup sangat digalakkan
• Parking banyak dan berbayar (TnG / Debit card / Credit card)

Terdapat banyak restaurant asian, turkish, middle east, indian dan pelbagai disitu. Food court, 7e, toilet (RM1 tunai sahaja, no online transfer) & kedai cenderahati. Kalau selera kampung kami cadangkan kedai makan Kak K. FoodCourt. Harga berpatutan untuk pengunjung lokal.",2026-08
Langkawi Skybridge Cable Car,5,"Amazing Langkawi SkyCab & Sky Bridge Experience

What an amazing experience at the Langkawi SkyCab and Sky Bridge! 🚠🌴

The journey up on the SkyCab was fantastic, with breathtaking views of Langkawi’s beautiful mountains, rainforest, and surrounding islands. The views from the top were absolutely spectacular and definitely worth experiencing.

Walking across the Sky Bridge was another highlight. The scenery was incredible, and being surrounded by the mountains and beautiful nature made the experience truly unforgettable. 🌿⛰️

Highly recommended! If you’re visiting Langkawi, don’t miss the SkyCab and Sky Bridge. The views are simply stunning! ❤️🇲🇾",2026-08
Langkawi Skybridge Cable Car,4,Don't walk.. just go with sky glide,2026-08
Langkawi Skybridge Cable Car,5,"J’ai hésité mais je n’ai finalement pas regretté. Les vues sont à couper le souffle. N’hésitez pas à payer les extras pour faire le tour des différentes possibilités. Je suis resté au total 3h en arrivant le matin à l’ouverture pour éviter la queue et profiter de la météo dégagé. Si vous voyez que les nuages arrivent, décaler votre visite sinon vous ne verrez rien.",2026-08
Langkawi Skybridge Cable Car,3,"The ride is fun,but the cafe top wasn't good enough.",2026-08
Langkawi Skybridge Cable Car,5,It's beautiful but they try to get every penny out of you,2026-08
Langkawi Skybridge Cable Car,4,"È una tappa da fare, molto carina, paesaggio molto bello.attenzione al biglietto per ultimo tratto, se non rientra devi farti le scale in discesa per arrivare al ponte, in salita per riprendere la funivia. A male estremi si paga la differenza sul posto.Fatevi la discesa, comunque non molto pesante, per la salita sentite il vostro cuore.",2026-08
Langkawi Skybridge Cable Car,5,"Tempat cantik dan menarik
Masa menunggu tak lama
Cuma kalau hujan skybridge akan tutup mengikut keadaan.
Awan banyak kalau awal pagi dengan lepas hujan
Parking bawah banyak
Kedai makan pun banyak dan pelbagai jenis
Sesuai untuk dewasa, kanak2 dan orang tua
Tidak sejuk sangat di atas
Kalau lepas hujan dengan awal pagi sejuk",2026-08
Langkawi Skybridge Cable Car,5,"Самая высокая точка острова. Красивые виды. Sky Bridge висячий мост между двумя скалами уникальное строение и место для красивых фотосессий. Можно получить не только красивые фотографии, но и эмоции от шатания моста на ветру. Стоит посетить хотя бы один раз во время пребывания на острове.",2026-08
Langkawi Skybridge Cable Car,5,There are many interesting activities that can be done here and the scenery here is very beautiful.,2026-08
Langkawi Skybridge Cable Car,4,"Good place with a nice atmosphere. However, the ticket price is quite high considering what is offered.
You have to wait very very long time to come back from the top.",2026-08
Langkawi Skybridge Cable Car,5,انصح بالشراء للمذاكرة مسبقا لتجنب الازدحام في الإنتظار عند شباك التذاكر,2026-08
Langkawi Skybridge Cable Car,5,Bestttt tapi penat betul nak jalan masuk ke kaunter skycab.. jauh bebenorrrr,2026-08
Langkawi Skybridge Cable Car,5,"En arrivant sur place, nous avons pris les billets sur internet, cela nous a pris même pas 5 minutes et on a gagné plus d'une demi heure (la queue est au ticket seulement, pas pour prendre le téléphérique ensuite).
La vue est très jolie et l'expérience assez impressionnante.",2026-08
Langkawi Skybridge Cable Car,4,"Appart om te zien.
Een tempel boven in een berg.
Let wel op de apen.
Die zijn daar zeer agressief.
Zeker op de trappen naar boven.",2026-08
Langkawi Skybridge Cable Car,5,WOW. SubhanAllah. What a view. You don't see this everyday. Worth every second of it. Good price. Very professional organization.,2026-08
Langkawi Skybridge Cable Car,5,"Good ride up and down, good to walk the sky bridge to feel the nice cold air",2026-08
Langkawi Skybridge Cable Car,3,حلو المكان وجميل وانصح تخذ تذكرة عاديه وتقدر تركب لحالك ارفض تركب مع احد لان التلفريك فيه كثير واذا كنت اكثر من 2 مافي احد بيركب معكم فنصيحة تجنب تدفع 550 رينجت على في اي بي واخرتها تتاخر عشان تركب الفرق الوحيد في الفي اي بي المقصورة المفتوحه من كل الجهات,2026-08
Langkawi Skybridge Cable Car,5,World steepest cable car ride above canopy forest of Malaysia. Do check weather condition before visit.,2026-08
Langkawi Skybridge Cable Car,3,"To be honest in my opinion it is overrated. You will get best view, facilities and value for money with Vietnam Golden Hand , Ba nah Hilk Gondola ride and Thailand skywalk. Sky bridge walk+ gondola combo 91RM. Too expensive. You have to purchase sky glide ticket seperately .Near to it there is a isolated beach.",2026-08
Langkawi Skybridge Cable Car,3,"View is perfect. But the 3d, dome are not worth visit, T rex is under construction",2026-08
Langkawi Skybridge Cable Car,5,"Just imagine if a exhilarating roller coaster was built here? The skycab and bridge was breathtaking! Pointers for visitors, there are two booths to buy your tickets - a main one and a mini one, but people naturally go to main one thinking it’s “the one” - we beat all the queue as there was none. Our journey on the way up was smooth and we were just lucky once we’ve done the skybridge as we walked back, the clouds literally covered the bridge and shortly after there was heavy rain. Overall it was a good experience and I would recommend anyone visiting Langkawi for the first time to do this.",2026-08
Langkawi Skybridge Cable Car,5,"Arrive early. Parking is plenty and paid. If you are coming on a not a great weather day then check if everything is open before booking tour tickets online/offline. On the first day only the cable ride was open. Skybridge, glass bridge at eagles nest, skytrek (elevator) were all closed. On the second day everything was open.
On the second day they did not sell the 130myr combo ticket from the counter even when we asked for it. Gave us the 89myr ticket. We bought another 10myr skytrek ticket upstairs and skipped the eagles nest glass bridge.
If you want to do the eagles nest glass bridge or take photos outside that place then get  down on the way up. Its access was closed on the way down and the other couple with us couldn’t see it.
The views of the forest below is amazing. The cable car ride up is totally worth it. We also stopped at the cafe right at the top for a coffee and cheesecake.
We also saw a lot of those dusky leaf monkey on day 1.",2026-08
Langkawi Skybridge Cable Car,5,"Yes, it's touristy and they try to sell you lots of extras, but it's still a must-do in Langkawi. The views and the sensations are mesmerising, soaring high above the primeval rainforest. There is no better way to see the trees, the cliffs, the incredible mountain skylines, and most of Langkawi's islands, plus Thailand in the distance. Forests, clouds, and eagles around you, the sparkling Andaman Sea below you.",2026-08
Langkawi Skybridge Cable Car,3,"Hoog, leuk alleen jammer vd weer was regen & mistig maar alsnog een aanrader",2026-08
Langkawi Skybridge Cable Car,5,Great place,2026-08
Langkawi Skybridge Cable Car,5,Stunning views and one of the best cable car rides you have to take,2026-08
Langkawi Skybridge Cable Car,5,Great view and mind blowing experience. Feel the whole Langkawi with an eagle eye view scenic beauty. Sky bridge walk and sky glass walk will give you a one off lifetime experience. A must visit while you are Langkawi,2026-08
Langkawi Skybridge Cable Car,5,A wonderful experience. A must go to attractions. Recommended buy tixs in advance to avoid long q's and always check availabilty as cable car will not be able to ride if bad weather.,2026-08
Langkawi Skybridge Cable Car,4,"Nice, modern and very touristical. But it's worth a visit.",2026-08
Langkawi Skybridge Cable Car,4,"Rides were good but the hot, humid weather didn't let us enjoy the two rides & surrounds.",2026-08
Langkawi Skybridge Cable Car,3,"We visited on a couple of occasions. Our first trip was not the best for scenery as the mountain top was covered in fog. On the flip side it meant that the place was deserted and we walked right through to getting the cable car. Our second visit we had better weather and the bus tours were evident in the larger crowds.
We had the combo package that included such things as the 3D art work which was a good place to visit. Other parts of the combo inclusions were a mixed bag of being just for kids or not open due to construction work.",2026-08
Langkawi Skybridge Cable Car,5,Très joli et bien entretenu,2026-08
Langkawi Skybridge Cable Car,5,Breath taking view. Cable car was easy to get quite spacious and clean,2026-08
Langkawi Skybridge Cable Car,5,Good experience and enjoying  from 640 meters above  cafe deck,2026-08
Langkawi Skybridge Cable Car,4,Beautiful views from the cable cars. We took the glass bottom car which you had to wait a little longer for. We visited in the morning and the waits were generally not too bad. I suggest get there when it opens.,2026-08
Langkawi Skybridge Cable Car,4,"Super vue
Trop cher
Ils essayent de vous vendre des prestations complémentaires en permanence",2026-08
Langkawi Skybridge Cable Car,4,Highest elevation at 705m from MSL... very nice green forest scenery n blue sea.... experience it yourself,2026-08
Langkawi Skybridge Cable Car,5,"Absolutely fantastic place I’ve ever seen, love that steep cable car ride and the views over there! 🤍",2026-08
Langkawi Skybridge Cable Car,5,Excellent,2026-08
Langkawi Skybridge Cable Car,5,Recommend,2026-08
Langkawi Skybridge Cable Car,5,It was my second visit and definitely always have something new and I always love this place.,2026-08
Langkawi Skybridge Cable Car,3,"استغلال السائح ماليا ...
تدفع ثلاث مرررراتتت",2026-08
Langkawi Skybridge Cable Car,5,Nice place to enjoy steep roadway of the world,2026-08
Langkawi Skybridge Cable Car,5,"Die Langkawi Seilbahn, die SkyBridge und der SkyGlide gehören für mich zu den absoluten Highlights auf Langkawi. Die Aussicht während der Fahrt mit der Seilbahn ist atemberaubend und von der SkyBridge hat man einen fantastischen Blick auf die Berge, den Regenwald und das Meer. Ein unvergessliches Erlebnis!

Auch der SkyGlide ist eine angenehme Möglichkeit, den Weg zur SkyBridge zurückzulegen, wenn man sich den steilen Fußweg sparen möchte.

Ein kleiner Tipp: Überlegt euch gut, ob sich die Express Line wirklich lohnt. Wenn unten an der Talstation nicht viel los ist, ist sie meiner Meinung nach unnötig. Selbst mit einem Express-Ticket müsst ihr euch oben an einigen Stellen, z. B. für die SkyBridge oder den SkyGlide, teilweise wieder anstellen. Schaut euch daher zuerst die Warteschlangen an, bevor ihr den Aufpreis bezahlt.

Plant genügend Zeit ein, genießt die Aussicht und macht viele Fotos – dieser Ausflug ist jeden Ringgit wert und ein absolutes Muss auf Langkawi!",2026-08
Langkawi Skybridge Cable Car,5,Vue splendide. A voir....,2026-08
Langkawi Skybridge Cable Car,5,"Definitely must visit . Serene views, beautiful Langkawi!",2026-08
Langkawi Skybridge Cable Car,5,"Atracción que recomiendo por las vistas increíbles desde el sky bridge.  El nido del aguila vale la pena!! Te dan unos protectores para no pisar directamente el cristal con los zapatos y rallarlo. Lo que se debe evitar si no tienes problemas de mobilidad ni vas con niños pequeños , es el skyglide. Es lentísimo y hay mucha gente. La espera se hace eterna. Aunque haya humedad en el ambiente baja y sube por las escaleras.",2026-08
Langkawi Skybridge Cable Car,5,"Nice ride especially with the bottom glass gondola, spectacular views at the top",2026-08
Langkawi Skybridge Cable Car,3,i liked the skybridge it was nice however it was kinda scary if you are scared of height i would not prefer for you to go as it is very high from sea level however if you are not it us a very memorable moment,2026-07
Langkawi Skybridge Cable Car,5,"Leuke ervaring. Wel dure aangelegenheid als je en de skycab (kabellift), het skynest (glazen vloer) en de skybridge (brug tussen twee pieken) wilt bezoeken.
Wel jammer dag de organisatie niet via sociale media communiceert wanneer de kabelbaan gesloten is door slecht weer. Dit moet je ter plaatse ondervinden.",2026-07
Langkawi Skybridge Cable Car,5,Één goeie ervaring,2026-07
Langkawi Skybridge Cable Car,4,J'ai bien aimé le skycab! La vue était splendide ❤️,2026-07
Langkawi Skybridge Cable Car,5,Amazing experience.  The cable cars are brilliant.  Try to book the glass floor to get maximum experience,2026-07
Langkawi Skybridge Cable Car,5,Skip the Sky Guild and your visit will significantly improve,2026-07
Langkawi Skybridge Cable Car,4,Molto bello. Il ponte sospeso in verità vale meno di quello che ci si aspetta. La sky cab ti porta già nel punto più alto .,2026-07
Langkawi Skybridge Cable Car,5,A bit pricey but a must do for a visit to Langkawi. It rained slightly and we came like 3pm which avoided all the long queues,2026-07
Langkawi Skybridge Cable Car,1,"It’s nice overall, but very rude staff. There is only one tram operational back and forth. Long waiting lines with no provision. Very unhappy",2026-07
Langkawi Skybridge Cable Car,1,"We purchased tickets for the whole family at 15:45 for the same day (360 cable car, glide and sky bridge) via Klook. When we arrived at 16:00, we were told that the cable car stops operating at 16:30 and that the glide and the the bridge have already been closed (despite the normal operating hours displayed on their website until 18:00). We were given some slip to send to Klook and ask for refund. The refund process is cumbersome (the website says no refunds are possible and we spent ages looking for an email address to send everything), and the actual refund is yet to be seen. Waste of time and money. We feel like we were scammed. Avoid this place!",2026-07
Langkawi Skybridge Cable Car,5,"A visit to Langkawi SkyCab and SkyBridge was one of the absolute highlights of our time in Langkawi and an experience we believe every visitor should have on their itinerary.

We purchased the Combo Ticket for RM112 per person, which included access to the SkyCab and SkyBridge, and after completing the experience we can honestly say it was worth every ringgit.

Tip: You can pay an additional RM50 for the Express Lane, but based on our experience we don't think it's necessary. The standard queue moved efficiently, and the wait time was very reasonable, making it difficult to justify the extra cost.

Located within the UNESCO Langkawi Global Geopark, the SkyCab transports visitors high into the ancient rainforest of Gunung Machinchang, one of the oldest known geological formations in Southeast Asia, with rocks dating back more than 550 million years. The journey itself is every bit as impressive as the destination.

The SkyCab is no ordinary cable car. It holds the distinction of having one of the world's longest unsupported single cable spans, stretching over 950 metres without a supporting tower. As the gondola leaves the lower station, it climbs steeply over dense rainforest, soaring high above dramatic cliffs and deep valleys before reaching the upper stations. The scale of the engineering is remarkable, and it's impossible not to appreciate the ingenuity required to build such an attraction in this rugged landscape.

The views become more spectacular with every metre of the ascent. Looking down across the rainforest canopy and out over the Andaman Sea towards the surrounding islands is simply breathtaking. On a clear day, you can even see parts of southern Thailand in the distance.

Reaching the SkyBridge is the reward at the end of the journey. Suspended high above the rainforest, this remarkable curved pedestrian bridge appears to float between the mountains. Supported by a single inclined pylon, it offers an exhilarating walk with uninterrupted panoramic views in every direction. Standing above the ancient rainforest with nothing but glass, steel and open space beneath you is an experience that's difficult to put into words.

Everything throughout the attraction was well organised, from ticketing and queue management to the friendly staff and overall presentation. Despite its popularity, the experience never felt chaotic and was managed very efficiently.

Whether you're interested in engineering, geology, photography or simply want to experience one of Malaysia's most iconic attractions, Langkawi SkyCab and SkyBridge delivers on every level. It combines world-class engineering with one of the most spectacular natural landscapes in Southeast Asia to create an experience that is both exhilarating and unforgettable.

Without hesitation, this was one of the best experiences of our travels through Malaysia, and we would recommend it to anyone visiting Langkawi.

Disclosure: We visited independently and have no affiliation with this attraction. Our review reflects our personal experience.

Greg&Trina.",2026-07
Langkawi Skybridge Cable Car,5,Cantik dan sejuk. Mula xboleh masuk sebab hujan. Da masuk dapat tgk cantik sngt pemandangan wlpn gayat sikit,2026-07
Langkawi Skybridge Cable Car,5,Should ask from cash counter which facility is open and whic is close.,2026-07
Langkawi Skybridge Cable Car,5,What a best place to release tension and good spot for photo,2026-07
Langkawi Skybridge Cable Car,5,Must do in Langkawi,2026-07
Langkawi Skybridge Cable Car,5,"A must when come to langkawi.  ticket booked online, simple and instant.  beutiful secenery.",2026-07
Langkawi Skybridge Cable Car,4,Nice,2026-07
Langkawi Skybridge Cable Car,5,"Amazing views, unique bridge, unforgettable experience with beautiful mountain scenery.",2026-07
Langkawi Skybridge Cable Car,4,"Good service
Unfortunately cant access to the skybridge due to bad weather",2026-07
Langkawi Skybridge Cable Car,1,It is horrible weather and raining like crazy. The cable car company tells us that it is so dark that you cannot see anything and when we ask for a refund they say no because cable car is running you cannot get refund. Complete scam and ripping off customers. Extremely shocked by the poor level of customer service.,2026-07
Langkawi Skybridge Cable Car,1,"Wir kamen am 18.07.26 hier hin, um mit der Seilbahn zu fahren. Wir sind extra direkt morgens hin, um großen Betrieb zu vermeiden.
Nachdem wir den Parkplatz bezahlt haben, wurde uns unfreundlich mitgeteilt, dass die Seilbahn im Juli für 2 Wochen wegen Wartungen geschlossen ist.
Im Internet stand davon nichts, bei Google war die Seilbahn „geöffnet“ und auf der Website hätte man sogar Tickets kaufen können.
Schlecht Online-Kommunikation!",2026-07
Langkawi Skybridge Cable Car,1,"Ne vous fiez pas aux avis récents qui disent que c’est ouvert, visiblement les gens notent quelques mois après c’est fermé jusqu’au 25/07 en théorie.",2026-07
Langkawi Skybridge Cable Car,5,"visit during weekday, low season. the queue bearable but i would suggest not to purchase the photo on the first checkpoint because there are few more upstairs and prettier hahahaha. took the normal gondola but it’s quite hot during the travelling",2026-07
Langkawi Skybridge Cable Car,2,Télécabine fermé et activité médiocre… attrape touristes 😕 un certain charme dans le village !,2026-07
Langkawi Skybridge Cable Car,1,"Please note that this attraction is closed from 12 to 25 July 2026 for annual preventive maintenance. It’s quite surprising that such maintenance was scheduled in July, which is rather disappointing…",2026-07
Langkawi Skybridge Cable Car,1,Ist bis 24.juli geschlossen,2026-07
Langkawi Skybridge Cable Car,5,Too expensive,2026-07
Langkawi Skybridge Cable Car,5,"La montée vaut le coup… même lorsqu’on a la peur du vide …
La vue y est sublime de la haut.
On y rencontre des petits singes en famille ! On se rend compte de l’impressionnante nature qui nous entoure. Rien que pour les yeux, ça vaut le détour!",2026-07
Langkawi Skybridge Cable Car,3,"Nous sommes venus 2 fois. Une première fois (en mars) nous avons eu le droit au tarif étudiant sur simple présentation d'un justificatif et une seconde fois (en juin), le tarif étudiant ne nous a pas été accordé malgré les justificatifs que nous avions montré en mars.
Nous sommes venus en juin, un dimanche en plein après midi, il n'y avait que très peu d'attente (5 minutes). Les vues sont magnifiques. Nous sommes montés en téléphérique au niveau du pont suspendu puis nous l'avons atteint grâce au 364 marches. Cela se fait très bien en marchant (autrement il y a le funiculaire mais qui est payant) et la vue est incroyable.",2026-07
Langkawi Skybridge Cable Car,5,Best,2026-07
Langkawi Skybridge Cable Car,1,"Datang langkawi nak cable car..
Tutup pulak sampai 24hb/7
Kecewa betul la !!!!!",2026-07
Langkawi Skybridge Cable Car,5,"If you are visiting Langkawi then it is one of the most recommended place to visit. Don’t miss it please. You will enjoy a lot. The view from the sky bridge will be breathtaking.
I would recommend to take VIP pass to skip the lines and please take the tickets earlier.",2026-07
Langkawi Skybridge Cable Car,5,It was a wonderful experience i just love it you can see the full video in my channel sherlee journey,2026-07
Langkawi Skybridge Cable Car,5,"Worth taking it.
Choose basic option and pre book tickets",2026-07
Langkawi Skybridge Cable Car,5,"Teleférico cerrado hasta el 24 de julio por mantenimiento del teleférico pero el entorno es muy bonito la playa que está al lado es muy bonita y los montes dónde está el teleférico es precioso
Hay otras atracciones tiendas y restaurantes",2026-07
Langkawi Skybridge Cable Car,1,Absolutely disappointing. Came all the way to enjoy this and it's under maintenance. And we are supposed to attract tourism and foreign visitors?? Total disaster. Do not come here if you have not confirmed if it's running in the first place. What a disappointment? And which part of the government has failed again?? I'm not sure if they even posted this on Facebook or social media to tell people about this? Good thing we decided not to buy tickets online!,2026-07
Langkawi Skybridge Cable Car,5,"Sy pi langkawi 9-12 june 2026 setelah 5thn tak dtg langkawi.. Mmg lain dari dlu.. Byk kedai tutup, pelancong local boleh kata 1/10 je yg ade.. Mmg sunyi dah langkawi.. Yg best di langkawi cable car ni je sepanjang 4hari.. Yg lain byk tutup.. Mcm membazir je dtg.. Tiket mahal semua tempat .. Makan mahal.. Baik masuk thailand je lepas ni..",2026-07
Langkawi Skybridge Cable Car,5,"One of the highest cables in the world, it's a smooth and an almost must visit experience",2026-07
Langkawi Skybridge Cable Car,2,"2026년 7월 12일부터 24일까지 연간 정기 점검(Yearly Closure) 기간이라 스카이캡(케이블카)과 스카이브릿지 등 주요 시설이 모두 운영을 중단합니다.
​아쉽게도 해당 기간에는 다리에 올라가실 수 없습니다. 다만 3D 아트 뮤지엄이나 스카이드돔 같은 실내 시설은 정상 운영하니 참고하시기 바랍니다. 오늘7월16일 왔다그냥감",2026-07
Langkawi Skybridge Cable Car,4,Tempat sangat-sangatlah cantik tapi naik kat atas kabus tak nampak sangat pemanadangan tu. Nampak jelas masa naik cable car je,2026-07
Langkawi Skybridge Cable Car,5,Must do activity in langkawi,2026-07
Langkawi Skybridge Cable Car,5,مغلق للصيانة من ١٢ الى ٢٤ يوليو,2026-07
Langkawi Skybridge Cable Car,4,"Nice adventure
Could be much better if the wait time is less
Allow people to go downstairs instead of waiting for ages",2026-07
Langkawi Skybridge Cable Car,5,"After 13 years away, I finally returned to Langkawi — and honestly, the island has aged like fine wine.

Now, let’s talk about the real star of the trip: the cable car.

Calling it a “ride” feels unfair. It felt more like voluntarily signing up for a slow-motion launch into the clouds. The climb was ridiculously steep, the cabin swayed just enough to keep your survival instincts fully activated, and somewhere halfway up I started questioning every decision that led me there.

To make things more exciting, there are no fans inside the cabin. Add a few nervous passengers and tropical weather, and you’ve got yourself a very authentic “sweating at altitude” experience. Parents with small children might want to prepare a pep talk beforehand — for the kids and possibly for themselves.

But then…

The doors opened, the views appeared, and suddenly none of that mattered.

Towering mountains, endless greenery, and the Andaman Sea stretching all the way to the horizon. The kind of view that makes you forget your fear of heights and immediately start filling your phone storage with photos that somehow still don’t do it justice.

Standing up there, it’s easy to appreciate the amount of engineering, maintenance, and effort required to keep this experience running. It’s impressive from every angle.

Complaints? None.

Would I do it again? Absolutely.

Would I scream slightly less on the next ride? No promises.

Langkawi, you’ve officially earned a permanent spot on my “I’ll definitely come back for this” list. Some views you admire once. Others keep calling you back.",2026-07
Langkawi Skybridge Cable Car,5,Nice place.. view was wonderful,2026-07
Langkawi Skybridge Cable Car,1,"We were driving there with the taxi, when the driver ask if we really wanted to go there since it's closed for maintenance the coming month. Would have been nice if they'd closed the place on Google Maps or mentioned something on their website.",2026-07
Langkawi Skybridge Cable Car,1,"Site fermé car en maintenance tout la deuxième quinzaine du mois de juillet. Impossible d’avoir l'information sur le site web officiel. Une blague. Le staff m’a expliqué que lorsqu'on reserve en ligne, on a l’info. Si je réserve sur place pas d’info disponible. Très malin...",2026-07
Langkawi Skybridge Cable Car,5,Nice view and good environment,2026-07
Langkawi Skybridge Cable Car,3,Food is like any other eatery. Nothing special,2026-07
Langkawi Skybridge Cable Car,4,Thrilling steep cable car,2026-07
Langkawi Skybridge Cable Car,5,"Very scenic route.
Visit early to avoid crowd.
VIP rides also available to skip the long queues.
Preferred to book combo package for SkyBridge and Cable car.",2026-07
Langkawi Skybridge Cable Car,5,تجربة جميلة,2026-07
Langkawi Skybridge Cable Car,5,Must visit in langkawai for scenic views from the top,2026-07
Langkawi Skybridge Cable Car,1,"It's 2026. We can send people to space, but one of Langkawi's biggest tourist attractions still isn't properly accessible for wheelchair users or anyone with mobility issues. That's not just disappointing, it's embarrassing.",2026-07
Langkawi Skybridge Cable Car,5,Very enjoyable,2026-07
Langkawi Skybridge Cable Car,5,浮羅交怡必定會到的其中一個景區 。,2026-07
Langkawi Skybridge Cable Car,5,Always a great time visiting this place!,2026-07
Langkawi Skybridge Cable Car,5,"Extremely high,
Really good speed and only 6 pax by cart",2026-07
Langkawi Skybridge Cable Car,5,A must visit in langkawi,2026-07
Langkawi Skybridge Cable Car,5,An unforgettable experience with breathtaking views from the top. One of the highlights of Langkawi. Cable car to skybridge worth going experience.,2026-07
Langkawi Skybridge Cable Car,3,"Bit over rated, do if you have a morning free. The walk down from the gondola to bridge uneven and exhausting in the heat. Our water bottle was taken from us when we boarded, a scam for us to buy water at the peak???? Malaysian families just hide their water bottles in bags.",2026-07
Langkawi Skybridge Cable Car,4,"Not a bad morning out.

Good view. Worth it.",2026-07
Langkawi Skybridge Cable Car,5,one of most popular n must go if come to Langkawi..breathtaking view from the top,2026-07
Langkawi Skybridge Cable Car,3,"Came here on 3rd July 2026 @ 11.30 am, no queue at skycab entry the only long waiting around 50-60min is at skyglide. They only have 1 skyglide which is fetch and drop a group of people otherwise everything okay. And the counter staff at eagle nest is showing face when we ask about directions and confirmation. She is malay women and i don't see her name, i ask her the skyglide is next station because this is my first time at skycab and She reply yes with full of rude face and she using *phone during our conversation*. I don't have time to complain direct about this at customer service on sameday because I'm with my 4yo toddler and elderly people. Langkawi skycab should take action on this staff to avoid this kind of disappointment happens in future. Thank you",2026-07
Langkawi Skybridge Cable Car,5,Must visit and do when in Langkawi. Good value for m0ney.,2026-07
Langkawi Skybridge Cable Car,4,Very hot weather alot of rush,2026-07
Langkawi Skybridge Cable Car,3,The ticketing is a bit confusing. The skycab is scary. We went on a nice day and the views are awsome.,2026-07
Langkawi Skybridge Cable Car,5,"Must visited place when you go to Langkawi. The views from top of Gunung Matcincang, Skybridge and for skyglide u can paid RM10 per person.

For tickets I'm preferred to buy in advance used Agoda service, easily to cancelled. price cheaper from most advertise website.",2026-07
Langkawi Skybridge Cable Car,4,Roligt men läskigt! Molnigt,2026-07
Langkawi Skybridge Cable Car,5,Стоит посетить...,2026-07
Langkawi Skybridge Cable Car,3,Just nice,2026-07
Langkawi Skybridge Cable Car,5,50 hinggit memang berbaloi oii,2026-07
Langkawi Skybridge Cable Car,5,"Amazing experience in Langkawi! The view from the SkyCab and SkyBridge was absolutely breathtaking, especially with the mountains, sea, clouds, and the rainbow. The place is well organized and worth visiting. A must-do activity if you are in Langkawi.",2026-07
Langkawi Skybridge Cable Car,5,"Прекрасное место, очень красивые виды. Все организовано, на мой взгляд, достойно. Мы брали быстрый проход, но в нем не было особой надобности, мы были в низкий сезон, конец июня.",2026-07
Langkawi Skybridge Cable Car,4,"We have to wait around 1 hour or so because of the rain but once cleared they open it again. It was quite an experience being so high up.. it's above 600m from sea level. The Eagles nest walk also quite interesting, walk on glass bottom floor.. there's a lot of cloud when we came so it didn't feel that scary to walk through for someone that afraid of height..
We paid around SGD50/pax - includes sky cab, sky Bridge, eagle nest walk, sky glide.
If you want to use the toilet, you have to pay RM 1 each time per person.",2026-07
Langkawi Skybridge Cable Car,5,"Am Nachmittag ohne Anstehen hoch und wieder runter war entspannt, beeindruckend und spannend. Das lag aber auch an den so lustig aussehenden Brillenlanguren. Was mich allerdings irritiert hat, dass nur eine Bahn das kurze Stück bis zur Brücke und zurück bedient. Da haben wir wegen der langen Warteschlange dann doch den anstrengenden Rückweg durch den Dschungel gewählt.

Dann unten am See zu sitzen, die Ruhe des allmählichen Schließens der Buden mitanzusehen und dann noch ein netter Restaurantbesuch rundet diesen spektakulären Besuch für uns ab",2026-07
Langkawi Skybridge Cable Car,5,"No es el paseo más barato que harás en Malasia, pero sin duda vale la pena. Las pasarelas, plataformas y el teleférico están muy bien diseñadas y las vistas son increíbles.",2026-07
Langkawi Skybridge Cable Car,5,"One of the best attractions in Langkawi and well worth the visit. The cable car ride offers incredible views, and everything was well organised and easy to navigate. A must-do experience if you're visiting the island.",2026-07
Langkawi Skybridge Cable Car,5,"Even as a Malaysian, I’m still amazed every time I visit the Langkawi Sky Bridge and take the cable car. The ride up offers breathtaking views of the mountains and sea, and standing on the Sky Bridge feels both exciting and peaceful. The scenery is absolutely stunning and makes the whole experience worth it. It’s one of those places that reminds me how beautiful Malaysia truly is, and I never hesitate to recommend it to anyone visiting Langkawi.",2026-07
Langkawi Skybridge Cable Car,4,"Красиво!
Билеты покупали заранее, проблем с проходом нет.
Для спуска на подвесной мост нужно преодолеть достаточно крутой спуск и потом подъём, мне навстречу попалась девушка теряющая сознание при подъёме, поэтому я не решилась спуститься. Есть трамвайчик, который спускает/поднимает людей на/с моста, но очередь минут на 30 и забивается битком, не стала проверять на сколько это удобно.",2026-07
Langkawi Skybridge Cable Car,5,Amazing views.,2026-06
Langkawi Skybridge Cable Car,3,Unfortunately it is not clear enough a ticket someone gets includes what exactly.,2026-06
Langkawi Skybridge Cable Car,5,"Sehr moderne Seilbahn (bin schon mit deutlich älteren und ebenfalls sehr steilen gefahren), ein Muss in Langkawi. Tolle Aussicht. Wir sind danach noch über die Skybridge.",2026-06
Langkawi Skybridge Cable Car,4,"Amazing experience  , must to check weather before you go , i took the whole pack  and then start raining so they closed We the  skybridge,  after getting back to accounters they refund only 10% even it's nit the client fault.
but still good experience with magical views",2026-06
Langkawi Skybridge Cable Car,3,Not proper for walking to sky bridge,2026-06
Langkawi Skybridge Cable Car,5,Going early helps. It's well managed though and you get some phenomenal views while going up through the cable car.,2026-06
Jonker Street Night Market,5,Many street food .. worth to have a visit ..,2026-09
Jonker Street Night Market,3,"Visited this street for a few times, but getting a bit tired as many repeated stalls selling the same things throughout the street. It is definitely a good place to visit for the first time and get some local/ foreign foods plus enjoying the vibrate surrounding. Strong suggests to visit the red square and river side after that.",2026-09
Jonker Street Night Market,5,There was alot pf things to do there amd alot of food and various amount pf vendors and the price off the food and the item was resonable and i would take 2 days to fully explore the area.,2026-09
Jonker Street Night Market,5,"Loved it, vibrant and exciting  place.
Drinks , food , and a great atmosphere, you won't go home hungry.
Don't miss it.",2026-09
Jonker Street Night Market,5,Our regular & the place when buying tidbits about Melaka,2026-09
Jonker Street Night Market,5,Nice place to hype with the tourist and local. Enjoy the local food and the ambience.,2026-09
Jonker Street Night Market,3,"Zu voll, zu laut. Muss man mögen. Aber es gibt alle Arten von Essen hier, sonst leider nichts.",2026-09
Jonker Street Night Market,5,"Good food, good environment.",2026-09
Jonker Street Night Market,2,"Cos it located centre of the street so many tourists May just walk-in here, food no special even the waitress said their most famous dish is chicken rice",2026-08
Jonker Street Night Market,5,"Nice place, very interesting night market",2026-08
Jonker Street Night Market,3,"Great vibes, but side walk need to be improved",2026-08
Jonker Street Night Market,3,"食物整体变少也变贵了，质量也越普通
一年来几次的我",2026-08
Jonker Street Night Market,5,Reminds me of Bangkok before the turn of the century. Great place to have a beer and a meal.,2026-08
Jonker Street Night Market,5,Amazing but very very long rows of shops on end,2026-08
Jonker Street Night Market,5,"great place to find cheap and delicious food. huge variety of food ranging from different ethnicities. there's also a handful of souvenirs that are sold for a cheap price. great tourist place to get to know more of Malacca and its heritage. opens on friday, Saturday and Sunday night. would recommend to grab there as parking is a little difficult. might be a little hot so remember to carry around a little handheld fan if needed. overall great place to spend with friends and family",2026-08
Jonker Street Night Market,2,"Very touristy . It seemed most of the street stalls are repeated , with selling the same idea of tourist goods & foods",2026-08
Jonker Street Night Market,3,"The night market is ok but the hawker food street was a bad experience for us. We went as a family of three but we couldn’t sit down to eat together because of hawker politics. Certain stalls could only serve their food at specific tables. As we chose food from different hawker stalls, we couldn’t sit and eat together as a family. We had char kuey teow , Nyonya laksa which were both not tasty.",2026-08
Jonker Street Night Market,3,"Jonker Street Night Market is definitely full of energy, with lots going on and a lively crowd throughout the evening. I enjoyed wandering around and catching the live music near Hard Rock Cafe, which added to the atmosphere. It’s a busy spot and there’s always something happening, so it can feel a little overwhelming at times, but it’s still a fun place to experience once.",2026-08
Jonker Street Night Market,3,Interesting place. A but like SG Chinatown. Not too crowded but must be careful when grabbing.  Pick a noticeable location. My driver got  wrong lication and I had to get another grab car.,2026-08
Jonker Street Night Market,4,Nice lively place,2026-08
Jonker Street Night Market,4,"A faire parce qu il n y a rien d autre.
Même calme c est blindé.
Par contre les produits vendus ont peu d intérêt.",2026-08
Jonker Street Night Market,4,Nice place to enjoy typical nightlife in Malacca jonker street with nice bar and restaurant on the river side,2026-08
Jonker Street Night Market,5,熱鬧，非凡,2026-08
Jonker Street Night Market,5,À vibrant place at night and bustling street. Food street tables a long the way. Just like food street located at Bukit Bintang Kuala Lumpur... But at jonker street has more value bcos it has clean big river and historical buildings ex colonial,2026-08
Jonker Street Night Market,1,越是热门的越一般，又贵又难吃，真正好吃的一定藏在巷子里,2026-08
Jonker Street Night Market,3,"주말에 방문했더니
정말 발디딜틈 없다.
먹거리 생각보다 다양하지 않다.
살만한 물건도 많지 않다.
그냥 관광객이 많은 곳일뿐이다.
특히 중국인 관광객이 많다.
중국어만 들린다.",2026-08
Jonker Street Night Market,5,Nice place for tourist. But sadly i went there not on the weekend. So alot of store and restaurants are closed,2026-08
Jonker Street Night Market,5,Good steet night market but seems same type of steet food always.. parking is a hasdle during weekend,2026-08
Jonker Street Night Market,5,Almond Croissant超赞！！！,2026-08
Jonker Street Night Market,3,"1)A ""MUST"" Go/See place for tourists !!
2)Limited stalls compare to other Asia Night Markets (eg  Thailand. Cambodia  Vietnam. Loas. Hong Kong. Taiwan...)
3)Limited items and displays...
4)Higher prices...
5)Visit Just for Exposure..",2026-08
Jonker Street Night Market,5,Super food market. Beaucoup de choix et bonne qualité des stands. Super ambiance également,2026-08
Jonker Street Night Market,5,走在兩旁百年歷史故屋名房的街道上，感受這般懷舊氣氛。,2026-08
Jonker Street Night Market,4,"Un munt de paradetes de tot tipus, especialment de menjar, curiós, val la pena",2026-08
Jonker Street Night Market,5,"Ramai yang jualan,,banyak cemilan yg dijual.
Kita coba beli cookies ,takoyaki,jus semangka,dan markisa(segeer)",2026-08
Jonker Street Night Market,5,"超讚
非常的有文化又道地
而且白天開始就很熱鬧，也有很多美食可以嘗試",2026-08
Jonker Street Night Market,5,Be sure to bring a portable fan with you as it will gets really stuffy.. The experience is good and you can walk pass the bridge to reach Stadhuys.,2026-08
Jonker Street Night Market,5,볼거리먹을거리않아요,2026-08
Jonker Street Night Market,3,Je suis passé un jeudi et c’est une ruelle très calme en semaine. J’ai eu pour info que c’était le week end qu’il y avait de l’animation. Belle ruelle,2026-08
Jonker Street Night Market,5,Very happening with nice restaurants & cafe. Easy to stroll & the night market is vibrant. Loved the experience.,2026-08
Jonker Street Night Market,5,Macam2 jenis jualan cenderamata yg menarik boleh dibeli cuma kekurangan street food vendor muslim.,2026-08
Jonker Street Night Market,5,"Its a busy place at night during weekends.
There lots of stalls selling food, t-shirts and souvenirs.
Its happening along the streets and crowded.",2026-08
Jonker Street Night Market,5,Fabulous,2026-08
Jonker Street Night Market,5,Loveeee ❤️❤️❤️,2026-08
Jonker Street Night Market,5,"Mercado nocturno muy animado ,con mucha variedad de puestos y comida. Nos comimos unas brochetas riquísimas!",2026-08
Jonker Street Night Market,5,Mercado bastante grande y animado en fin de semana. Se sitúa en la calle principal de Melaca con puestos a los 2 lados. Se mezclan puestos de comida y puestos de regalos tanto para turistas como locales. Una buena experiencia para conocer Malaca de noche. Muy diferente a la Malaca de día.,2026-08
Jonker Street Night Market,4,Tourist trap it is but im willing to be trapped here. Had to walk until the end to find the best price for fridge magnet amd other souvenirs. Variety of food sold but not really sure if it Muslim friendly.,2026-08
Jonker Street Night Market,3,"Whenever I’m in Malacca, I always make an effort to visit Jonker Street. Honestly, not much has changed — just a few shops with new owners selling similar things. Couldn’t find my favourite roadside pineapple tart stall 😢 But there ARE more food stalls now!",2026-08
Jonker Street Night Market,5,"Go to malaka and spend time here for eating , hangout, masaage and go to tried any kind speacility food",2026-08
Jonker Street Night Market,5,Still able to find traditional shops along these rich cultural streets,2026-08
Jonker Street Night Market,5,Colourful street,2026-08
Jonker Street Night Market,5,"Jonker Street is a great place to visit for the food, old shops and lively atmosphere. However, parking can be quite challenging and the traffic around the area can get really heavy, especially during the weekend. Best to park a little further away and walk in.",2026-08
Jonker Street Night Market,5,"Great street walk , chill out and a little shopping 🛍️ in Melaka town.",2026-08
Jonker Street Night Market,2,"Jonker Street was honestly a bit of a mixed experience for me. I came expecting to find much more Peranakan and Melakan food, but the night market seems to have been increasingly overtaken by touristy food stalls and gimmicky snacks.

There’s Thai food, Vietnamese food, plenty of generic junk food, things like “dragon’s breath” cereal using liquid nitrogen, and lots of souvenir and bead shops. I completely understand why this happens. Local food may not always be as commercially profitable when catering to a more international palate, but it’s still a little sad to travel all the way to Melaka and find that the main night market feels like it could be almost any other tourist night market.

That said, I did find a little gem: Ondeh Ondeh Cenderella. They sell fresh Peranakan treats and are still open during the weekend night market hours. Definitely worth seeking them out if you’re around Jonker Street.

The couple running it are getting older, so honestly, enjoy it while they’re still around and strong enough to keep doing what they do.

Otherwise, I’d say don’t feel like you have to spend your whole evening at Jonker Street. There are plenty of other good places around Melaka where you can experience much more of the local food and culture. But it's smart, keeping the tourists in one area during peak hours.",2026-08
Jonker Street Night Market,5,"If you are visiting Melaka on a weekend, taking a night walk through Jonker Street Night Market / Pasar Malam Jonker Street is an absolute must-do experience packed with food, heritage, and culture.

​Vibrant Atmosphere & Weekend Crowd
​Every Friday through Sunday evening, this historic strip turns into a bustling pasar malam overflowing with a lively atmosphere, vibrant street stalls, and colorful busking performances. It attracts a huge crowd of locals and tourists alike. Spending 3 to 4 hours walking the full stretch and surrounding side lanes lets you soak in the electric energy, though wearing comfortable shoes is essential to handle the long stroll and tropical heat!

​Street Food Highlights: Cendol, Chicken Rice Balls & Halal Food
​The variety of local eats here is incredible:
​Local Favorites: You can cool off with authentic gula Melaka cendol or shaved ice, sample charcoal-grilled satay, or try famous chicken rice balls.
​Diverse Dining: There is an extensive selection of halal food options, Peranakan street snacks, and refreshing coconut drinks available across the market.

​Shopping & Heritage Architecture
​Beyond the food, the area is rich in historic Baba & Nyonya architecture, vibrant wall murals, and centuries-old shophouses. You will find hundreds of vendors selling unique souvenirs, local batik clothing, antique trinkets, and intricate handmade crafts.

​Whether you explore during a daytime stroll or experience the evening market buzz, it is an iconic Melaka highlight!",2026-08
Jonker Street Night Market,5,Great place ! Full of life,2026-08
Jonker Street Night Market,5,"I was told that some tourist might be mistaken, assuming the day time Jonker Street is the same as the night time...but worry not as it was totally different...if the day time already busy, then the night time was totally bustling with life...so many street food and it was so lively....don't forget the stall selling the assorted Thai salad...it was mind blowing delicious...kudos to the Auntie...",2026-08
Jonker Street Night Market,5,one of the havoc night market and very well known in Malacca! tourists and local themselves loveee Jonker Walk especially on festive seasonS! the river cruisee is a must to hop on! its so fun!,2026-08
Jonker Street Night Market,5,"Историческая туристическая достопримечательность Малакки. Вся движь начинается вечером после 6 часов. Некоторые заведения даже не пускают посетителей до 6 часов вечера. Популярный Ночной рынок с местным колоритом бывает только по пятницам, суботам и по понедельникам каждую неделю. Если убрать все современные декорации, то можно почувствовать себя как будто попали в прошлое, на несколько десятилетий назад. Вайбовое место. Есть часть со старым каналом. Можно назвать местной Венецией. Там можно увидеть не только плавучих лодок по маршруту для развлечения туристов, но и местных обитателей варанов плавающих по этому каналу. Однозначно стоит посетить это место. Ведь это визитка Малакки.",2026-08
Jonker Street Night Market,4,"Nice historical area, very crowded.
But sadly there are too many rubbish on the floor.",2026-08
Jonker Street Night Market,5,晴天白云,2026-08
Jonker Street Night Market,3,N’y aller pas finalement les w end. On se marche dessus. En semaine vous aures le temps de profiter du marché tranquillement et le temps de visiter les autres lieux. Faire un petit tour en tuc tuc disco c’est sympa. Souriez 😄,2026-08
Jonker Street Night Market,5,"Toutes les cuisines du monde, excellent.",2026-08
Jonker Street Night Market,3,"Beaucoup de chinoiseries et diverses babioles
Les prix sont assez élevés pour de la cuisine à emporter",2026-08
Jonker Street Night Market,5,Must visit. I have been coming here for 9 years and still want to return,2026-08
Jonker Street Night Market,4,Very colourful and exciting environments. It's a foodie galore!,2026-08
Jonker Street Night Market,4,"Very vibrant marketplace, worth coming!",2026-08
Jonker Street Night Market,5,非常熱鬧，食物種類多，只開星期五，六，日，值得一去,2026-08
Jonker Street Night Market,5,밤에 가니 신나고 좋네요,2026-08
Jonker Street Night Market,3,"The problem calling this place Jonkler Night market at day time is the massive supervision by powerful people. But hey... Buy the ice-cream, which café? Any will do. If you got an affinity to see and speak to spirits... don't be rude.",2026-08
Jonker Street Night Market,5,Jonker street night Market is tourist attractions.,2026-08
Jonker Street Night Market,5,Good place to go during night time in melaka.,2026-08
Jonker Street Night Market,4,Food is alright. Interesting tourist attraction but quite hot and crowded.,2026-08
Jonker Street Night Market,5,Super cool experience on the weekends,2026-08
Jonker Street Night Market,5,"Long stretched and bustling street that offer your art collection, tea pots, street food, drinks, toys and a lot more others that offer in a night market. Price may not be very fare but worth explore definitely. We visited this street food stalls they offer seats along the way - amazed by how delicious the food can be with simple
Cooking tools there. Yummy",2026-08
Jonker Street Night Market,4,在馬六甲的老街，天氣炎熱，老街的遮蔭較少，只能找兩旁的店家進去逛。老街氛圍濃厚，各式糕餅或是紀念品、乃至飲品店以及餐廳都蠻多的，值得細細體會（前提是不怕熱的話…）,2026-08
Jonker Street Night Market,5,Feel free to walk and get lost every corner where you can discover some beautiful artwork in a little ally.,2026-08
Jonker Street Night Market,5,"Very delightful dinner , shall be back 😍😍",2026-08
Jonker Street Night Market,5,I love this kind of night market 😍 I wanna go again!,2026-08
Jonker Street Night Market,4,The night market is open on weekends only. Very crowded place to shop around.,2026-08
Jonker Street Night Market,5,很熱鬧很多觀光客，馬六甲必遊景點。,2026-08
Jonker Street Night Market,5,Beautiful,2026-08
Jonker Street Night Market,5,A good food options,2026-08
Jonker Street Night Market,4,This place is close on weekdays,2026-08
Jonker Street Night Market,4,"Jonker Street is one of the most vibrant and popular places in Melaka. It is full of local shops, souvenir stores, cafés, and delicious street food. The street has a lively atmosphere, especially in the evening, making it a great place to walk around and enjoy the local culture. You can find unique handicrafts, traditional snacks, and many photo-worthy spots. Whether you love shopping, food, or simply exploring, Jonker Street is a must-visit destination in Melaka.",2026-08
Jonker Street Night Market,5,"🏮 雞場街夜市
✨ 馬六甲最熱鬧的週末夜市
🍢 邊走邊吃在地美食
🎁 挖掘特色文創與伴手禮
🎶 感受百年老街最有魅力的夜生活
山竹在這吃到不要不要😂",2026-08
Jonker Street Night Market,5,เป็นหนึ่งในตลาดนัดกลางคืนที่โด่งดังและคึกคักที่สุดในประเทศมาเลเซีย ตั้งอยู่บนถนนจองเกอร์ (Jalan Hang Jebat) ใจกลางย่านเมืองเก่ามรดกโลกของเมืองมะละกา. เมื่อพระอาทิตย์ตกดินในวันสุดสัปดาห์ ถนนสายวัฒนธรรมแห่งนี้จะปิดไม่ให้รถผ่านและเปลี่ยนเป็นถนนคนเดินที่เต็มไปด้วยแสงสี เสียงดนตรี และแผงขายของกว่า 450 ร้าน.,2026-08
Jonker Street Night Market,3,"Stopped by on a Sunday night.

Multiple stalls selling street food, however many stalls were repeats of the same food.

There was also an open mic karaoke at the event space at the end of the street.

Can stop by if in the area.",2026-08
Jonker Street Night Market,5,مكان رائع لا تفوت الاكل صيني,2026-08
Jonker Street Night Market,4,"Intéressant mais assez répétitif, je préfère manger dans les rues annexes",2026-08
Jonker Street Night Market,5,Tempat wajib pergi kalau datang Melaka .... berbagai henis makanan ada,2026-08
Jonker Street Night Market,5,الموقع بماليزيا منطقه ملاكا تبعد عن العاصمة كوالالمبور ساعتين بالسيارة أفضل وقت لزيارة Joker Street  يوم الجمعة والسبت فقط,2026-08
Jonker Street Night Market,5,"Très bon endroit, street food et animation.je recommande",2026-08
Jonker Street Night Market,5,Street full of shops,2026-08
Jonker Street Night Market,5,"Một trong những con đường sầm uất, mua bán, ẩm thực của người Hoa.",2026-08
Jonker Street Night Market,4,Good Place Tourist Attractions,2026-08
Jonker Street Night Market,5,"Friendly people, and lots of delicious food",2026-08
Jonker Street Night Market,4,"Il s'agit en fait du Hard Rock Café de Melaca. Qualité et prix très correctes pour les personnes qui veulent ne pas consommer dans un street food local.
Attention à ne pas tomber malade à cause de la climatisation qui est vraiment à fond.",2026-08
Jonker Street Night Market,5,"Freitag bis Sonntag verwandelt sich die historische Jonker Street in einen lebendigen Nachtmarkt mit unzähligen Essensständen, Souvenirs und Menschen unter roten Laternen. Die Atmosphäre ist herrlich lebendig und ein Muss für jeden Melaka-Besuch – von Street Food über lokales Kunsthandwerk bis hin zu kleinen Live-Auftritten ist alles dabei. Am besten kommt man hungrig und mit etwas Zeit im Gepäck, um sich gemütlich durch die Gassen treiben zu lassen.",2026-08
Jonker Street Night Market,5,"Nice place, must go at night for more colorful lights..",2026-08
Jonker Street Night Market,5,"Chợ đêm là một điểm đến rất đáng để trải nghiệm khi ghé thăm nơi đây. Không gian nhộn nhịp, sầm uất với rất nhiều gian hàng bày bán quần áo, đồ lưu niệm, đặc sản địa phương và vô số món ăn hấp dẫn. Đi dạo giữa những dãy phố rực rỡ ánh đèn, thưởng thức các món ăn đường phố và cảm nhận nhịp sống về đêm mang lại một trải nghiệm rất thú vị.
Điều mình ấn tượng là khu vực chợ khá sạch sẽ, lối đi rộng, người bán hàng thân thiện và không quá chèo kéo khách. Giá cả nhìn chung hợp lý, tuy nhiên vẫn nên tham khảo hoặc so sánh giá trước khi mua những món đồ lưu niệm. Đây là nơi phù hợp để đi cùng gia đình hoặc bạn bè, vừa tham quan, chụp ảnh, vừa khám phá văn hóa và ẩm thực địa phương.
Nếu có dịp quay lại, mình chắc chắn sẽ ghé thăm chợ đêm thêm một lần nữa để thưởng thức những món ăn chưa kịp thử và mua thêm một vài món quà mang về. Rất đáng để dành một buổi tối ghé thăm và trải nghiệm.",2026-08
Jonker Street Night Market,5,"La rue et ses boutiques est très sympa, le week-end elle se transforme en incroyable night market.",2026-07
Jonker Street Night Market,5,Lecker Drachenfrucht Smoothie,2026-07
Jonker Street Night Market,5,Beautiful place ❤️,2026-07
Jonker Street Night Market,5,新加坡很好玩,2026-07
Jonker Street Night Market,5,"A lively street full of history, delicious food, and unique shops. Great place to explore Melaka culture",2026-07
Jonker Street Night Market,5,Always good experience here. Many food choices,2026-07
Jonker Street Night Market,4,"Must go place when visiting Malacca, whole stretch of road for you to walk freely and many shops to explore.",2026-07
Jonker Street Night Market,3,Too crowded but this is one of the landmark that tourist should go,2026-07
Jonker Street Night Market,5,"I had an absolutely exceptional time at Jonker Street Night Market! 🤩 The atmosphere was lively and vibrant, with so many interesting sights to see. I particularly enjoyed the Old Shop Cafe's delicious drink 🍹, and the traditional architecture was just beautiful. What a fantastic experience! ✨",2026-07
Jonker Street Night Market,5,عجييييب,2026-07
Jonker Street Night Market,4,Nice market with good vives but little bit expensive and more with Chinese items than malaisian,2026-07
Jonker Street Night Market,4,"Schon spannend aber das Angebot an den Ständen wiederholt sich Recht häufig. Tagsüber kann man auch die Läden besuchen, wir haben günstige und gute Kleidung gekauft.",2026-07
Jonker Street Night Market,4,Good,2026-07
Jonker Street Night Market,5,Hele fijne markt met heerlijk lekker eten,2026-07
Jonker Street Night Market,5,"Ramai street food disini, berbagai macam makanan pun ada. Seperti Alornya versi Melaka. Berkunjung ke Melaka terasa kurang klo belum ke Jonker Street ini!!",2026-07
Jonker Street Night Market,3,Nothing special,2026-07
Jonker Street Night Market,5,"Jonker street got many activities for day and night. Tricycle for visiting points mark and take photos, cafe,restaurant Nyonya,shop selling food. We walk around Jonker street on weekdays. There were quite a lot of tourists.",2026-07
Jonker Street Night Market,4,"Too crowded weekends..so much variety of things to get, to see and to buy n eat. Excellent tourist spot.",2026-07
Jonker Street Night Market,5,各种美食，琳琅满目,2026-07
Jonker Street Night Market,3,"Just another market where tons of junk is sold.
There are some unique food options worth trying.
Jonker street is as packed as it can be in the evenings, if you cannot handle that, stay away",2026-07
Jonker Street Night Market,5,"A vibrent area, resturents closes too early",2026-07
Jonker Street Night Market,5,Awesome place for night out,2026-07
Jonker Street Night Market,5,금토일 18시부터 야시장이 열리는데 분위기도 좋고 즐거웠습니다. 즐겨보시길 추천합니다.,2026-07
Jonker Street Night Market,5,好逛好吃好地方,2026-07
Jonker Street Night Market,5,Don't go over 11.30 almost all stall are closed,2026-07
Jonker Street Night Market,5,So much different varieties of food. Already at the beginning of the street I was full. Great to see the night live at this street.,2026-07
Jonker Street Night Market,5,Lively,2026-07
Jonker Street Night Market,4,"Visited at the weekend.
Can get crowded.",2026-07
Jonker Street Night Market,1,Turistada máxima. Visita prescindible.,2026-07
Jonker Street Night Market,4,他是一个夜市，人潮也是很多。每逢星期五，星期六，星期天。三天都有摆夜市。,2026-07
Jonker Street Night Market,4,Not a bad little market with food and clothes and all sorts of other stuff...,2026-07
Jonker Street Night Market,5,"Jonker Street Night Market

Must-visit in Melaka! So much good food in one place, the cendol, satay, and durian puffs were amazing. Great atmosphere, super lively on weekend nights. Bring cash and come hungry!",2026-07
Jonker Street Night Market,5,"很喜欢来这条街逛，但只有星期五，六，日中间才有摆档，有很多小吃，
衣服，小饰品",2026-07
Jonker Street Night Market,5,"International night market
Taiwan peanut ice cream in popiah skin, Thailand mango sticky rice, coconut ice cream. Nice crepe cake from 1 of e shops",2026-07
Jonker Street Night Market,5,The most happening and must experience place of Melaka,2026-07
Jonker Street Night Market,5,Nice place to visit. Will come back again,2026-07
Jonker Street Night Market,5,"Tons of food and shopping options. Love the Thai stall with the raw shrimp and oysters! Nothing wrong with our tummy the next day after having it. They sell butter beers, stinky tofu, fried ice cream, fried worms and many other interesting stalls. Worth a visit and it’s very happening. Lively crowd tho can be squeezy at times.",2026-07
Jonker Street Night Market,5,Fun and lots of food and fun things to buy. Visiting from Australia!,2026-07
Jonker Street Night Market,5,"- 700公尺長，從入口Jonker Walk牌坊到基督堂
- 夜晚更熱鬧有趣，建議週末晚上拜訪
- 免費廁所：陳金福東成
- 推薦：默娘客棧餐廳(雞飯粒餐)、帥哥椰冰沙叶大婶、Stolen Cup椰糖咖啡、LAGENDA護手霜",2026-07
Jonker Street Night Market,5,Nice,2026-07
Jonker Street Night Market,5,Seronok jalan2 sini dgn family...tp susah sikit nk parking...n sesak sikit waktu hujung minggu...mlm2 minggu mmg happening,2026-07
Jonker Street Night Market,5,nice ambience,2026-07
Jonker Street Night Market,5,"When in Melaka must visit night market, only on Friday, Saturday and Sunday.",2026-07
Jonker Street Night Market,5,Schöne interessante straße,2026-07
Jonker Street Night Market,5,Experience the ambiance that make you travel through time,2026-07
Jonker Street Night Market,5,"A well decorated street, so spectacular !",2026-07
Jonker Street Night Market,3,Çok fazla hediyelik eşya yok ve pahalı.,2026-07
Jonker Street Night Market,2,作为中国人感觉跟八十年代末的中国县城夜市差不多。卖得都是义乌制造，烤鱿鱼，烤土豆片，糖葫芦之类的。地摊上都是我小时候（85年）左右的电动布玩具猫狗、彩色头绳，发卡之内的。深圳任何一个夜市基本都超越它两个时代！欧洲穷游鬼佬比较喜欢，再就是马来周边县城的过来旅游。。。,2026-07
Jonker Street Night Market,5,"There are so many food stalls from one end to the other, with so many choices that it’s hard to decide what to try 🤭🍢.

Must-try for me were the Air Mata Kucing , tanghulu, and pork satay! everything was delicious! A great place to enjoy local snacks and experience the vibrant night market!",2026-07
Jonker Street Night Market,3,Go once for the experience thats abt it.,2026-07
Jonker Street Night Market,5,Verry nice,2026-07
Jonker Street Night Market,5,Duriaaaaaan 100 ringgit 3 blacktorn doong best ga tuh,2026-07
Jonker Street Night Market,5,Perjalanan singkat dengan keramaian pada hari sabtu dan minggu tidak akan membosankan dengan keindahan di tempat,2026-07
Jonker Street Night Market,5,"Best for local vibes in the weekend and night. The night market is a long stretch, so make sure you have enough water to drink, proper shoes to walk & there are some halal food over here for chinese night market, for the other side they have halal food more. Is a long stretch it was worth it. Love it",2026-07
Jonker Street Night Market,4,Rất tốt và an toàn,2026-07
Jonker Street Night Market,5,Colourful n place to visit during nite market. Can find lots of interesting things for both adults m children,2026-07
Jonker Street Night Market,5,Tasty food,2026-07
Jonker Street Night Market,1,Its my first experience here. If you asked me. Not worth my time. Shouldnt waste my time here. A one sided place who doesnt even show a true identity of malaysia. Wasting of time.,2026-07
Jonker Street Night Market,5,"Jonker Street Night Market is one of Melaka’s most vibrant experiences and a must-visit if you are in the city over the weekend.

Tip: The night markets is only open on Friday, Saturday, and Sunday night. We found the best night to be Saturday as the markets extend much further out than just Jonker street.

As the sun went down, Jonker Street transformed into a busy pedestrian market filled with food stalls, local products, souvenirs, music and entertainment. The atmosphere was colourful, energetic and sometimes chaotic, but that was all part of the experience.

There was an enormous variety of street food available, from local Malaysian dishes and freshly cooked snacks to desserts, drinks and plenty of unusual options for more adventurous visitors. We enjoyed walking the length of the market, taking in the aromas and trying different foods along the way.

The entertainment added another layer to the evening. We encountered costumed characters including Iron Man, Bumblebee and Optimus Prime, while brightly decorated trishaws moved through the surrounding streets with flashing lights and loud music. There was always something happening and something new to see.

The market becomes extremely busy, particularly later in the evening, so expect crowds and take your time. We recommend arriving hungry, carrying small amounts of cash and sampling several smaller dishes rather than choosing only one meal.

Jonker Street Night Market is tourist-focused, but it remains a fun and memorable way to experience Melaka after dark. The combination of food, colour, music and entertainment created one of the most enjoyable evenings of our stay.

Disclosure: We visited independently and have no affiliation with this business. Our review reflects our personal experience.

Greg&Trina.",2026-07
Jonker Street Night Market,5,"金土日のみ開催されているマーケット。
マレーシアでも規模のでかい方だと思います。
私はココよりでかいナイトマーケットには行った事がありません！🐢",2026-07
Jonker Street Night Market,5,Climax Interior design,2026-07
Jonker Street Night Market,5,Good place,2026-07
Jonker Street Night Market,5,"A vibrant multi cultural experience.  Amazing sights and smells.  Caters to many tastes, including fussy children!",2026-07
Jonker Street Night Market,4,有一家印度餐馆味道很不错！,2026-07
Jonker Street Night Market,3,Shops was closed🙂‍↔️,2026-07
Jonker Street Night Market,4,Come and experience the traditional vibes.,2026-07
Jonker Street Night Market,5,Excellent!!,2026-07
Jonker Street Night Market,5,Lots of stuff to visit and see.... Day and night time are happening...mostly in weekend,2026-07
Jonker Street Night Market,5,"A perfect place to experience the heart of Melaka. Great food, friendly people, and a lively night market full of local charm!",2026-07
Jonker Street Night Market,5,"Jonker Street is an absolute must-visit when you're in Malacca. It's literally just a stone's throw from the Dutch Square, the Clock Tower, and A Famosa, making it easy to include all of these attractions in one leisurely walk.

While the famous weekend night market gets a lot of attention, I actually visited on a weekday and thoroughly enjoyed exploring the regular shops, most of which opened around 9:30–10:00 a.m. The streets were much more relaxed, giving me time to appreciate the beautiful Peranakan and colonial shophouses, each with its own unique façade and charm.

A definite highlight is Christina Ee, whose pineapple tarts are outstanding. Don't leave without trying their Nyonya durian cendol, the gula Melaka is rich, fragrant, and perfectly balanced. I also enjoyed the cendol at Peranakan Place, but Christina Ee's version was my personal favourite.

Take your time wandering through the heritage shops as well. You'll find beautifully handcrafted beaded shoes, traditional kebayas, antiques, and many other treasures that reflect Malacca's rich Peranakan heritage.

For food, I highly recommend Kochik Kitchen. The ayam buah keluak was exceptional, and the udang masak nanas was equally memorable. As someone with Peranakan roots, the flavours instantly reminded me of my mother's and grandmother's cooking. It was nostalgic, authentic, and one of the best Peranakan meals I've had in a long time.

If you're like me and enjoy browsing every little shop, you'll easily need a full day... or even two days, to really appreciate everything Jonker Street has to offer.

The only thing I found slightly overrated was the famous chicken rice balls. They're good and certainly unique to Malacca, but coming from Kuala Lumpur, I've honestly had better chicken rice elsewhere. It's still worth trying if you're curious, but if you only have room for one memorable meal, I'd recommend focusing on the Peranakan cuisine instead. After all, this is the heartland of Peranakan culture, and it's where you'll find some truly authentic and unforgettable food.

Overall, Jonker Street is full of history, culture, architecture, shopping, and fantastic food. I would happily visit again.",2026-07
Jonker Street Night Market,5,Đẹp,2026-07
Jonker Street Night Market,5,好吃好玩好逛,2026-07
Jonker Street Night Market,5,Mungkin kalau datang nya malam lebih bagus ya,2026-07
Jonker Street Night Market,4,"Ночной рынок. Работает 3 дня в неделю. Пятница и суббота до 23-24, в воскресенье до 22-23.

В другие дни и днем здесь ничего нет. Обычная проезжая часть.

Есть что посмотреть. Много людей. Цены выше среднего",2026-07
Jonker Street Night Market,4,Street food was good anything else is pretty mid imo :/,2026-07
Jonker Street Night Market,5,One of the happening place in melaka,2026-07
Jonker Street Night Market,5,Layak..,2026-07
Jonker Street Night Market,5,Nice environment,2026-06
Jonker Street Night Market,3,Not much variety and bit pricey. Some food stalls are good,2026-06
Jonker Street Night Market,5,Best view at night by river,2026-06
Jonker Street Night Market,5,Very active and lively street over in Malacca!,2026-06
Jonker Street Night Market,5,"Its A vast street with many varieties of food,branded and unbranded toys and bags. An overall good place to visit.",2026-06
Jonker Street Night Market,4,Best,2026-06
Jonker Street Night Market,4,There have some foods and toys.,2026-06
Jonker Street Night Market,3,"Es curiosos de ver, pero muy turístico y ruidoso. Los carritos de bicicletas con neón ponemos y música a tope no apto para epilépticos.me esperaba algo más auténtico",2026-06
Jonker Street Night Market,5,"Other than the tremendous heat (bring an umbrella and use sun block) , nice collection of traditional and contemporary shops.",2026-06
Jonker Street Night Market,4,"I found a good wire art shop near the Red Square. Jonker walk is okay, a lot of repeating food and shop.",2026-06
Jonker Street Night Market,5,"Was there after the covid pandemic and the place was dead. Many shops could not reopen for many reasons.

I was there in recent days. I must say the energy is back in full force. All stalls and shops are open. And so is the incredible night market.

Plenty of unique things to buy. Plenty of traditional snacks to savour. Although very crowded, everyone gives way to one another in good spirit.

There are traditional trishaws to ride. But unique to the Jonker Street Night Market, the trishaws are overwhelmingly decorated and blasting with popular music and songs of different languages.

Jonker Street is the place to soak up the Melakan energy. Day and night.",2026-06
Jonker Street Night Market,5,"Morning time ok to find parking, afternoon super difficult to find a parking.",2026-06
BOH Tea Centre (Sungei Palas Garden),4,Plenty of tourists during the weekend,2026-09
BOH Tea Centre (Sungei Palas Garden),5,Menarik,2026-09
BOH Tea Centre (Sungei Palas Garden),5,Best. Pergi awal pagi view ada kabus. sejukk,2026-09
BOH Tea Centre (Sungei Palas Garden),5,The view makes me want to go back again. 🥹✨,2026-09
BOH Tea Centre (Sungei Palas Garden),5,Sangat menarik Dan sesuai untuk cabaran,2026-09
BOH Tea Centre (Sungei Palas Garden),5,"Came not for the food but the experience of shopping LOTS of BOH's products! The challenging part was walking the steps to the top, where the building located (burned calories ngl). We bought several types of tea sachets and tea-based body soaps and lotions. Apart from that, they provided 4 types of tea samples for visitors (2 Hot & 2 Cold). I loved the Ice Lemon Tea Lime and decided to took one pack! With a purchase more than RM120, you may choose one free special items between a keychain or a blind box. So we picked the box and got a super cute Ice Tea Latte plushie :3",2026-09
BOH Tea Centre (Sungei Palas Garden),5,"Amazing Cafe and Great Views. Also they have the Tea Factory Tours. The Shop inside offers variety of Tea and Other product the company offers.

Overall the experience was Amazing, great job to the Team! ❤️💐",2026-09
BOH Tea Centre (Sungei Palas Garden),5,"The best tea plantation centre to visit. For me more worth it than other places. Clean, the food are delicious, the staff are friendly too. The Nasi Lemak Rendang is exceptional. However,make sure to come early to order more food on the menu. The place is accessible to people who can't climb upstairs, we can drop off people first and park before climbing upstairs. Truly an experience. There are tea factory you can visit according to their schedule and countless tea products. The ice cream is tasty too. Worth it.",2026-09
BOH Tea Centre (Sungei Palas Garden),5,The scenery was stunning and truly breathtaking. It has a way of making you forget about everything else. It's just so wonderful to feel yourself immersed in the beauty of nature.,2026-09
BOH Tea Centre (Sungei Palas Garden),5,Really nice place & amazing tea tasting experience!,2026-08
BOH Tea Centre (Sungei Palas Garden),4,Good service from Mr Thana in resolving my issue on the receipt.,2026-08
BOH Tea Centre (Sungei Palas Garden),5,LAMA SGT tapi.saya sanggup.dan puas hati. korang kena faham.ni tempat kecik je.. so jangan merungut. makan semua sedap..,2026-08
BOH Tea Centre (Sungei Palas Garden),3,The scenery is good. But the quality of food at the cafe can be improved. Curry mee too salty. Mee hoon soto sup is cold. Mushroom soup also cold.,2026-08
BOH Tea Centre (Sungei Palas Garden),4,"Der Ort eignet sich gut für einen kurzen Besuch um zu lernen wie Tee hergestellt wird und auch ein leckeres Stück kuchen mir einer frischen Tasse Tee zu probieren.

Man kann vom Parkplatz mit dem Shuttlebus zur Plantage kommen. Das gebiet eignet sich leider nicht zum Wandern oder Spazieren aufgrund eindeutiger Zugangsbeschränkungen.",2026-08
BOH Tea Centre (Sungei Palas Garden),4,"The main reason I stopped at BOH Tea Centre (Sungei Palas Garden) was really the view, and it did not disappoint. The tea plantation looked especially lush and scenic, which made the visit feel worthwhile even though the food was only average for me. I left thinking the setting was the best part of the experience.",2026-08
BOH Tea Centre (Sungei Palas Garden),5,Love d experience of walking up n down d slopes,2026-08
BOH Tea Centre (Sungei Palas Garden),5,"Very beautiful place,  big parking area, nice Excursion in a tea Factory",2026-08
BOH Tea Centre (Sungei Palas Garden),5,Great experience and memories with my family…might be will come again for next vacation ♥️,2026-08
BOH Tea Centre (Sungei Palas Garden),4,"La visita está muy bien, toda la zona es preciosa, pero no se te ocurra ir un fin de semana, es una locura de gente porque aquí los malayos también aprovechan para venir a descansar y visitar las plantaciones.",2026-08
BOH Tea Centre (Sungei Palas Garden),5,Vibe best..cuma klo hari cuti..ready la ramai org..nk turun ke bawah jln smpit..jgn bwk laju.,2026-08
BOH Tea Centre (Sungei Palas Garden),5,Super Aussicht,2026-08
BOH Tea Centre (Sungei Palas Garden),5,Endroit sympathique pour avoir une belle vue sur les plantations de thé.,2026-08
BOH Tea Centre (Sungei Palas Garden),5,"Delicious food at reasonable prices! The atmosphere was lovely, with cool and comfortable weather. There are also plenty of beautiful spots for taking photos. Definitely worth visiting!",2026-08
BOH Tea Centre (Sungei Palas Garden),5,Nice place to start at cameron if you are coming from simpang pulai.,2026-08
BOH Tea Centre (Sungei Palas Garden),2,Toilet busuk gila. Tolong la,2026-08
BOH Tea Centre (Sungei Palas Garden),1,pesanan pada pemilik.. buat la turutan meja.. buatkan sistem.. kawal meja makan.. tiada istilah cop tempat.. pegi la tgok gerobok salai.. itu terbaik sistem yg diguna untuk pelanggan dia.. takde la dh pegang makanan keuhulu kehilir cari meja..,2026-08
BOH Tea Centre (Sungei Palas Garden),4,"Natürlich nur für Touristen, aber trotzdem ist die Führung alle 20 Minuten ganz gut. Man sieht die Prozesse durch die Fenster ganz gut und die Leute arbeiten tatsächlich an den Maschinen. Die Cafés sind natürlich nur Geld-Druck-Maschinen, um überteuerten Tee zu kaufen, dennoch muss man das mitmachen, wenn man in den Cameron Highlands ist",2026-08
BOH Tea Centre (Sungei Palas Garden),4,Come for the view and picturesque memories! Cafe meal and boh teh are so-so. Sadly boh Tarik was in 3-in-1 sachets for a whopping myr 4.55!! Tastless.,2026-08
BOH Tea Centre (Sungei Palas Garden),3,Only a small shop with tea and a restaurant. There is a free tour through the tea factory as well and that was quite good.,2026-08
BOH Tea Centre (Sungei Palas Garden),5,Good short introduction and tasting the tea here in BOH,2026-08
BOH Tea Centre (Sungei Palas Garden),5,Tea tasting was fantastic,2026-08
BOH Tea Centre (Sungei Palas Garden),4,"Good environment,great place to chilling & have breakfast here.

The downside is the nasi lemak is not hot when served. And need to queue up to 30mins for the food.

There is plenty of parking here, but the routine when you come up here is quite dangerous as the road is narrow.

Overall it still a great place to hangout.",2026-08
BOH Tea Centre (Sungei Palas Garden),5,"Muy bonito de vistar, parada obligatoria a la fábrica de procesamiento y a la tienda de te",2026-08
BOH Tea Centre (Sungei Palas Garden),5,"im soo in love with this tea plantation, just the cafes were very over crowded",2026-08
BOH Tea Centre (Sungei Palas Garden),3,"If the toilets and food ordering queuing system are being improved,  the rating can be 5 stars. But now...",2026-08
BOH Tea Centre (Sungei Palas Garden),5,Agak crowded jgk. Naik tangga kena hati2 sbb ramai sangat orang lebih lebih lagi bawa anak2 kecil.. demi suasano hahaha,2026-08
BOH Tea Centre (Sungei Palas Garden),5,朝一番、オープンと同時に行くのがベスト。その後はどんどん混んできます。道も一本道なので朝に行くのがおすすめ。工場見学やBOH tea を買うお店、茶畑を見下ろせる絶景もあり楽しかったです。,2026-08
BOH Tea Centre (Sungei Palas Garden),3,Wel leuk om gezien te hebben. Proeverij gemist. Nog (zeer) kleine rondleiding fabriek gehad met uitleg.,2026-08
BOH Tea Centre (Sungei Palas Garden),5,Nyaman segar,2026-08
BOH Tea Centre (Sungei Palas Garden),5,مكان جميل والاطلالة تجنننن والاكل والشرب متنوع ولذيذ الايس تي رائع مع الاجواء البارده جميل جداً,2026-08
BOH Tea Centre (Sungei Palas Garden),5,Nice informative centre about the famous BOH tea brand and bought few boxes of aromatic tea and even tried a gelato......,2026-08
BOH Tea Centre (Sungei Palas Garden),5,"My tea tasting experience was very nice, it actually broaden my horizon on tea. Thanks to Mrs. Sangeethaa for this experience.",2026-08
BOH Tea Centre (Sungei Palas Garden),2,"Wir sind 30 minuten nach Öffnung gekommen, um bei der äußerst schönen Aussicht (ein Stern) zu frühstücken. Parken war kostenlos (zweiter Stern). Leider war die Auswahl spärlich und die Eier waren kurz nach Counter Öffnung direkt aus. Von dem Café ist jedem abzuraten, der es mit Hunger aufsucht.",2026-08
BOH Tea Centre (Sungei Palas Garden),2,The glass was old or scratched and lighting was poor so hard to see the factory floor. Factory guide had a monotonous tone in English and said everything outside the building instead of inside while walking. It’s free so can’t complain but there is opportunity to do better.,2026-08
BOH Tea Centre (Sungei Palas Garden),4,Iced tea ceroi tak macam dulu. Dulu pekat la jugak skrg ceroi tak rasa apa. Scone sedapp and harapkan view ja la cantikkk air teh tak best,2026-08
BOH Tea Centre (Sungei Palas Garden),4,Me encantó el sitio visita obligada,2026-08
BOH Tea Centre (Sungei Palas Garden),5,Erg leuk om hier te zijn geweest,2026-08
BOH Tea Centre (Sungei Palas Garden),4,"Nice scenery but nothing much to do.
Just viewpoint. But have super nice scone and strawberry shortcake",2026-08
BOH Tea Centre (Sungei Palas Garden),5,"Experience at BOH Sungai Palas Tea Centre, Cameron Highlands
Spending time at BOH Sungai Palas Tea Centre with my beloved wife was one of the most memorable moments of our trip to Cameron Highlands. The breathtaking scenery of the endless green tea fields, cool mountain breeze, and peaceful atmosphere made it the perfect place to relax and unwind.
We enjoyed a delicious lunch at the tea restaurant, including a warm bowl of soto, a hot cup of freshly brewed BOH tea, and a delightful strawberry cheesecake. Everything tasted even better while overlooking the beautiful tea plantation.
After our meal, we took a leisurely walk around the tea fields, admired the spectacular views, and captured many beautiful photos together. It was a wonderful experience filled with nature, good food, and precious memories.
A highly recommended destination for anyone visiting Cameron Highlands. We will definitely be back again!",2026-08
BOH Tea Centre (Sungei Palas Garden),4,fantastic view,2026-08
BOH Tea Centre (Sungei Palas Garden),1,Veel te druk (45 minuten wachtrij),2026-08
BOH Tea Centre (Sungei Palas Garden),4,Tea estates are very pretty..natural always my fav place.,2026-08
BOH Tea Centre (Sungei Palas Garden),2,"Fantastisch uitzicht! Absoluut mooi! Het is niet de moeite waard om iets te eten, dat is niet perse lekker. De sterren zijn voor het prachtige uitzicht!",2026-07
BOH Tea Centre (Sungei Palas Garden),5,Vue exceptionnelle,2026-07
BOH Tea Centre (Sungei Palas Garden),5,Excellent recreation place. Worth visiting,2026-07
BOH Tea Centre (Sungei Palas Garden),3,"View cantik sgt.Tea palas sedap rasa tea lah tanpa gula.
Green Tea Tiramisu cake tu tak rasa tiramisu or green tea pun.rasa mcm kek span je or apollo special edition.
Raspberry strawberry cheesecake paling sedap.
Tuna butter croissant sedap.
Mushroom soup sedap.
Boh Tea Halia sedap.
Nasi lemak Beehoon soup rasa biasa.",2026-07
BOH Tea Centre (Sungei Palas Garden),4,"Visited BOH Sungai Palas Tea Centre and had a wonderful experience! The food and cakes were delicious, and the tea was refreshing. We spent RM90.75 for 5 cakes, 1 muffin, and 4 drinks, which I think is very reasonable for the quality and experience.

The highlight is definitely the breathtaking tea plantation view. It's a perfect spot to relax, enjoy a cup of tea, and take beautiful photos. If you're visiting Cameron Highlands, this place is definitely worth stopping by!",2026-07
BOH Tea Centre (Sungei Palas Garden),5,"Parking lot is with some distance from the building, be ready to climb some stairs. Free entrance, spectacular view from the platform.",2026-07
BOH Tea Centre (Sungei Palas Garden),3,Getting more touristy.,2026-07
BOH Tea Centre (Sungei Palas Garden),4,Tea Story,2026-07
BOH Tea Centre (Sungei Palas Garden),2,"Very disappointed with the service at Teh Boh Sungai Palas Cameron Highland. Visited on 27/6/2026 at around 9:10 AM.

The staff in the orange uniform kept asking for my receipt, and I clearly told them that my receipt was with the staff  wearing a black hoodie. Instead, the staff in the black hoodie told me to “be patient” while waiting for my drink, even though I was never asking for my drink. I was only trying to get soy sauce for my soto.

Without understanding the situation, he raised his voice, scolded me, and glared at me. The misunderstanding was caused by the staff’s own poor communication, yet I was the one who was treated rudely. This was unprofessional and completely unacceptable. I hope the management takes this matter seriously!

If there is a misunderstanding, speak respectfully instead of raising your voice, glaring at customers, or showing an unfriendly expression. Good customer service starts with basic courtesy and respect.",2026-07
BOH Tea Centre (Sungei Palas Garden),5,"The vibe after the hike is excellent 😍
Boleh beli teh n ade free tester juga",2026-07
BOH Tea Centre (Sungei Palas Garden),5,Very wonderful and good places in this area.,2026-07
BOH Tea Centre (Sungei Palas Garden),5,A must visit place when you come to Camerons,2026-07
BOH Tea Centre (Sungei Palas Garden),5,"The rolling green tea fields are absolutely stunning. The café offers beautiful views while enjoying freshly brewed tea and delicious cakes. It's peaceful, scenic, and one of the highlights of visiting Cameron Highlands.",2026-07
BOH Tea Centre (Sungei Palas Garden),4,"Amazing view, the golden tea was really nice , but the spaghetti 👎",2026-07
BOH Tea Centre (Sungei Palas Garden),5,"We ended up having a private tea tasting, grateful they accommodated us. Such a nice experience! Shout out to Sangeethaa for being so friendly! ♥️",2026-07
BOH Tea Centre (Sungei Palas Garden),5,great experience with knowledgeable people. Tasty tea,2026-07
BOH Tea Centre (Sungei Palas Garden),4,Pas mal de monde mais un beau point de vues sur les plantations. Un incontournable de Cameron Islands.,2026-07
BOH Tea Centre (Sungei Palas Garden),5,Stunning tea plantation with breathtaking views. The tea is worth trying.,2026-07
BOH Tea Centre (Sungei Palas Garden),5,"Love the factory tour and tea tasting, highly recommend to anyone that enjoys tea or just want to enjoy nice view",2026-07
BOH Tea Centre (Sungei Palas Garden),4,Experience Tea Tasting!,2026-07
BOH Tea Centre (Sungei Palas Garden),5,Subhanallah..Superb view!!!,2026-07
BOH Tea Centre (Sungei Palas Garden),5,"La plantacuoon de te es enorme.
Tiene una cafeteria con vistas auqnue habia muchisima gente.

En la tienda de venta de te hay para probar 7 tipos diferentes a cual mas bueno de forma gratuita.

Tambien hay un pequeño tour por la fàbrica gratis.",2026-07
BOH Tea Centre (Sungei Palas Garden),5,مكان اكثر من رائع سبحان الله الخالق المبدع,2026-07
BOH Tea Centre (Sungei Palas Garden),5,Unas vistas impresionantes. Se agradece que sea gratuito y que los precios de la cafetería no sean desorbitados.,2026-07
BOH Tea Centre (Sungei Palas Garden),5,best.. menikmati teh panas berserta cuaca dingin dan pemandangan yg indah,2026-07
BOH Tea Centre (Sungei Palas Garden),4,A place for relaxing,2026-07
BOH Tea Centre (Sungei Palas Garden),5,setiap kali ke Cameron..akan pergi sini,2026-07
BOH Tea Centre (Sungei Palas Garden),4,"Lovely view and free to visit but let down by the cafe, more should be made of it being a tea plantation.

We expected it to be something resembling wine tasting where the tea is champion but sadly it wasn't.

Tea should be offered to sample in the shop...",2026-07
BOH Tea Centre (Sungei Palas Garden),3,"Hyper touristique
Dommage ca ne fait vraiment pas authentique",2026-07
BOH Tea Centre (Sungei Palas Garden),5,"Jalan masuk sangat mencabar terutamanya weekend.
Pergi: weekday
- Ramai tapi tak sesak.
- Makanan standard mahal. Cuma kalau dah pukul 1 ke 2 petang makanan banyak menu yang dah habis.
- Tempat duduk banyak kosong
- Tandas cantik dan selesa
- Kalau ada oku boleh bawak kenderaan ke atas atau ada buggy / shuttle yang akan bawa",2026-07
BOH Tea Centre (Sungei Palas Garden),1,Saya pernah makan disini dan saya ingat premis ini mempunyai sijil halal tetapi  tidak. Saya amat kecewa sebagai seorang muslim dimana saya telah makan di premis ini. Saya harap pemilik premis ini akan mengambil sijil halal jika ingin orang muslim datang sebagai pelanggan tanpa berasa was². Saya hanya memberi pandangan sebagai seorang muslim yang hanya ingin memakan premis muslim dan juga non muslim yang mempunyai sijil halal sahaja,2026-07
BOH Tea Centre (Sungei Palas Garden),2,"Never come on weekends. The hot tea is made from the Boh 3 in 1, not freshly brewed tea.",2026-07
BOH Tea Centre (Sungei Palas Garden),5,"Come here with a charted car for 5 adults, we don't have to climb the stairs to the cafe. The driver drove us to the top, and we just walk 30 sec to one of the 2 cafe there.
Haha, price was steep like the stairways, a scone I order at the Lord's Cafe cost Rm 3.20, here charge me I think was Rm 11.50
But I find the tea or coffee is affordable 🤔.  If you order a pot of tea, you could ask for extra hot water. But one of the item that made a very good impression for me was the 🥕  cake.",2026-07
BOH Tea Centre (Sungei Palas Garden),4,Lovely place to visit but very crowded on weekend,2026-07
BOH Tea Centre (Sungei Palas Garden),1,"I have been coming here for so many years. When the staffs we're Indian, their service was fast the food was also available but now the service very slow & the food also not available even before cut off time. The Tristan cafe line 5 times slower even with few customers compared to the main line.",2026-07
BOH Tea Centre (Sungei Palas Garden),5,good view,2026-07
BOH Tea Centre (Sungei Palas Garden),5,"Sehr schöne Plantage. Wir waren schon morgens um 8 Uhr da, somit war noch nicht viel los. Eigentlich öffnet die Plantage erst um 8:30 Uhr, aber wir durften schon um 8 Uhr hinein. Später war es voller. Ich empfehle früh da zu sein.
Wir haben lecker gefrühstückt auf der Terrasse mit tollem Blick.
Die geführte Tee-Tasting Tour für 25RM war leider ausgebucht, sie sollte vorher gebucht werden.
Die kostenlose Factory Tour für 10min konnte man super machen.",2026-07
BOH Tea Centre (Sungei Palas Garden),5,"You cannot visit Cameron Highlands without hitting up this place! Looking out at those endless, rolling green hills feels like stepping into a postcard. Plus, their cafe is fully loaded with a huge spread of savory croissants and pastries, like their signature strawberry raspberry tea cheesecake.

Inside, they have a gift shop with a massive variety of BOH tea products. While the prices are pretty much the same as retail outside, it is still great because their entire collection is right there. They also have an audio-visual room where you can watch a short educational video showing the history of BOH and how the tea is processed from the field to the cup.

Just looking at the endless green of the tea plants and mountains gives me such a relief. It makes me feel completely worry-free and stress-free. I am already hoping to visit this place once again for a quick mind reset.",2026-07
BOH Tea Centre (Sungei Palas Garden),5,زيارتي لحقول الشاي كانت ممتعه من اجمل ما رأت عيني من جمال الطبيعه والخضار والجو الغائم والسحاب معانق الجبال والامطار والجو البارد متعه حقيقيه بكل تفاصيلها,2026-07
BOH Tea Centre (Sungei Palas Garden),4,"Very nice the view, very super short the guided visit. Horrible the cheap self service. I was expecting to have a tea served like in a tea house on the terrasse.",2026-07
BOH Tea Centre (Sungei Palas Garden),1,"点餐系统非常不成熟，速度很慢，整个流程浪费很多时间
遇到问题时，员工态度不好，也没有积极帮忙解决，沟通了还是没有结果 还想骂人
整体体验很失望，不会再来 🤮🤮🤮🤢🤢👎🏻👎🏻👎🏻👎🏻👎🏻

The ordering system is very slow and poorly managed. When problems occurred, the staff had a poor attitude and failed to provide any solution. Communication was ineffective, making the whole experience very disappointing. I won’t be coming back 👎🏻👎🏻👎🏻👎🏻",2026-07
BOH Tea Centre (Sungei Palas Garden),5,Nyaman & healing..,2026-07
BOH Tea Centre (Sungei Palas Garden),5,We enjoyed the tea center. Glad we got there early as it got incredibly busy.,2026-07
BOH Tea Centre (Sungei Palas Garden),5,"I have done the tea tasteing. It was a wondefull experience. Very kind lady, but also very educational and tastefull! To recommend!",2026-07
BOH Tea Centre (Sungei Palas Garden),4,Nice place with great views. There is also a free factory tour to get to know their process of drying tea.,2026-07
BOH Tea Centre (Sungei Palas Garden),4,TTTTT. Till They Tell The Truth,2026-07
BOH Tea Centre (Sungei Palas Garden),5,"The tea plantations are incredibly vast.
They’re famous in Malaysia, so if you like black tea, this is a place you should visit at least once.
Unfortunately, the price of tea leaves is the same whether you buy them in town or here.",2026-07
BOH Tea Centre (Sungei Palas Garden),5,"No other better tea farm with amazing cafe and views than this one. A regular stop over everytime I am over in Cameron and the place never disappoints me.

Edit (25/08/19): 10 years of coming here and first time was denied very rudely that I was not allowed to drop off elders or kids up and then come back down to park. I was *rudely* told ""they can walk"". Although they were letting people up, not sure what they had against me today. Maybe wanted some money as gift? Not sure! Ended up carrying my daughter all the way up with her baby bags and stuff. Also noticed there were no baby changing stations. Both are things management should really look into. I should add that the place has more extensions now to accommodate more people and the renovations seemed very nice. Lastly, towards 3ish, usually pies and stuff are sold off regardless how many people are there.

Edit (12/07/26): Still enjoying this place in general. Dropoff and pickups have been improved. They so still inquire and strangely ask its needed that you drop kids / people off. We weren't refused but were annoyingly questioned why (apparently fit) people had to be dropped off. No baby changing facilities observed still",2026-07
BOH Tea Centre (Sungei Palas Garden),3,"Tea farms, resturants are on very ling queues from early mornings during weekends espicially",2026-07
BOH Tea Centre (Sungei Palas Garden),3,"Great place worth a visit but DO NOT COME ON A WEEKEND!!! This place goes crazy on Sat & Sun: traffic jam for kms in every direction, no taxi, no grab, and if you finally get one, it takes about 2 hrs for 5 km. Come here ONLY on weekdays!",2026-07
BOH Tea Centre (Sungei Palas Garden),5,Le chemin pour y accéder est très serré,2026-07
BOH Tea Centre (Sungei Palas Garden),1,Please have sufficient staff to manage the counter. It's been close to an hour to get the order completed. Never coming back again.,2026-07
BOH Tea Centre (Sungei Palas Garden),5,Nice place hanging out,2026-07
BOH Tea Centre (Sungei Palas Garden),4,"Las vistas son muy buenas, por poner un pero se ha convertido en un punto demasiado turístico",2026-07
BOH Tea Centre (Sungei Palas Garden),1,"Messy, drink not hot. Cup not clean also. Sitting arrangement sucks. Food menu so little. Drove so far in but no proper food.",2026-07
BOH Tea Centre (Sungei Palas Garden),5,"Superb, must visit place in Malaysia. Beautiful scenery, good cafe with full range of tea drinks and pastries. The scenery never ceased to amaze us. Full of tourist. Driving to and from need some nerve as the curve very narrow and winding. At an altitude of almost 2000 meter, the experience is very nice indeed.",2026-07
BOH Tea Centre (Sungei Palas Garden),4,Patut ada 2 kaunter utk order dh tau ramai giler manusia naik cameron,2026-07
BOH Tea Centre (Sungei Palas Garden),1,"Terrible experience. The store just opened at 8:30 AM, but after queuing for an hour until 9:30 AM, we were told that almost everything was sold out, including the nasi lemak and toast. However, right after we ordered and paid for something else, we saw the other counter continuously serving the exact nasi lemak and toast we were told didn't exist. Poor communication, unfair treatment, and to make it worse, there were so many flies around. Avoid this place.",2026-07
BOH Tea Centre (Sungei Palas Garden),5,"Informative free tour, decent food and amazing views. Very well run tourist spot",2026-07
BOH Tea Centre (Sungei Palas Garden),5,"A popular touristy location with a stunning view of a vast plantation. There is a teashop or rather a cafe and a shop which sells various type of tea. A short trip to the attached traditional tea factory is educational. A good place to visit for family. But, anticipate a bit of a hike up some stairs dfrom the public campak to the shop and factory.",2026-07
BOH Tea Centre (Sungei Palas Garden),5,"Hele leuke ervaring gehad bij de tea tasting met uitleg door Sangeethaa. Bijbehorende fabriek is ook interessant maar vrij kort (duurde bij ons 6 min max).

Uitzicht is mooi, hoef je ook niet voor in de rij te staan dus zou dat ook niet doen, tenzij je een kopje thee met bijbehorend gebak wilt eten.",2026-07
BOH Tea Centre (Sungei Palas Garden),5,"Best to come early as weather is cooler, parking is available and not so crowded. Walking along the view deck and taking beautiful pictures was such a breeze. Sampling all types of teas and reading Boh tea plantation history and walk through it's tea possessing factory was still as interesting back in 1980s.",2026-07
BOH Tea Centre (Sungei Palas Garden),5,So cozy while take a cup of tea..tapi biasa la kalu time cuti tu tersgat la pack dekat sini..plan your trip,2026-07
BOH Tea Centre (Sungei Palas Garden),5,"A very wonderful restaurant and cafe. My brother Youssef and the family were with me. The tea is refreshing and tastes special. The food is excellent and delicious. The desserts are delicious. The views from the restaurant are beautiful and breathtaking. It is worth a visit for the wonderful views of the tea farms. Sitting overlooking the farms and cool air. The prices are expensive. It is worth a visit.
مطعم و مقهى جدا رائع..كان معي اخي يوسف والاهل. الشاي منعش وطعمه مميز. الطعام ممتاز ولذيذ.  الحلويات لذيذه. المناظر المطلة من المطعم جميلة خلابة. يستحق الزيارة لروعة مناظر مزارع الشاي. جلسات على مطلات على المزارع  هواء بارد. الاسعار غالية. يستحق الزيارة.",2026-07
BOH Tea Centre (Sungei Palas Garden),4,蛮不错的体验。可是上面餐厅太多人要排队进我去的时间还是星期二上面卖的冰淇淋蛮特別的,2026-07
BOH Tea Centre (Sungei Palas Garden),5,"Had a wonderful visit to BOH Tea Centre Sg Pal during my trip to Cameron Highlands. The scenery was absolutely breathtaking, with lush green tea plantations stretching across the hills. The cool weather made the visit even more enjoyable.",2026-06
BOH Tea Centre (Sungei Palas Garden),5,"Waiting time around 15-30min
But the view is stunning!

Nasi lemak sedap, mee curry is also recommended!

Cake also tastes yummy 😍 we loved it so much! Will definitely come here again. But to hike and get to the restaurant so damn penat HAHAHA",2026-06
BOH Tea Centre (Sungei Palas Garden),4,Amazing scenery. tea centre is a good place to chill. too many visitors though,2026-06
BOH Tea Centre (Sungei Palas Garden),5,Everything is good perfect,2026-06
BOH Tea Centre (Sungei Palas Garden),5,"This is one of the most memorable cafés I have ever visited, not because of the menu, but because of the view. Sitting with a fresh cup of BOH tea while looking across endless rolling tea fields is an experience that simply cannot be rushed.

The terrace overlooks one of Malaysia’s most famous tea plantations, and every table seems to have a spectacular panorama. The cool mountain air, the peaceful atmosphere and the scent of fresh tea make it easy to stay much longer than planned.

I also enjoyed walking around the visitor centre and learning more about how Malaysian tea has been produced here for generations. Everything is clean, well organised and surprisingly relaxing despite being a popular destination.",2026-06
BOH Tea Centre (Sungei Palas Garden),5,"Semua perfect kecuali kebersihan, tapi mungkin sbb ramai orang hujung minggu.",2026-06
BOH Tea Centre (Sungei Palas Garden),1,Food was bad and a fly was in my drink. Waited so long in the queue and kitchen was dirty.,2026-06
BOH Tea Centre (Sungei Palas Garden),5,The mee Kari was fantastic. Come early so you do not need to queue.,2026-06
BOH Tea Centre (Sungei Palas Garden),4,"Had a lovely couple of hours here on a weekday lunchtime. It was nowhere near as busy as I understand it gets at weekends. Had lunch which was reasonable and not tremendously expensive. The tea of course was lovely. The tour was slightly underwhelming- it lasted about 10 minutes and it was quite hard to hear the very nice young lady who was talking to us.
You can do a tasting for 25RM if you want. The views are stunning but you can only walk for a small part of the plantation.",2026-06
BOH Tea Centre (Sungei Palas Garden),4,The place quite cooling.. Food need to eat faster.. Due to the weather..,2026-06
BOH Tea Centre (Sungei Palas Garden),4,Nice view. Standby to walk up several steps to reach the centre. View was nice but was extremely crowded with for people queuing for food. So we skipped lunch there. Bought some souvenirs tea and visited the centre,2026-06
BOH Tea Centre (Sungei Palas Garden),5,"⭐️BOH Tea Centre Sungei Palas is one of the must-visit attractions in Cameron Highlands, especially if you’re a tea lover or simply enjoy beautiful scenery.

😌I visited during a public holiday, so traffic leading to the tea centre was quite heavy. However, once I arrived, the experience was well worth the journey. Visitors can tour the tea factory and learn about the tea-making process, with the staff providing an informative and engaging explanation throughout the tour.

👍🏻After the factory visit, you can relax at the café while enjoying a freshly brewed cup of BOH tea overlooking the stunning tea plantation. The scenery is peaceful and makes for a memorable experience.

🔥My recommendation is to visit early in the morning. Not only will you avoid the larger crowds, but you’ll also enjoy cooler weather and have a more relaxing visit.

✅Overall, it’s a great place to experience the history of Malaysian tea while taking in the beautiful highland landscape. I would happily visit again.

I regularly share my travel experiences, hiking adventures, and destination reviews on TikTok & YouTube (@Nyonya Kacak) for anyone who enjoys exploring Malaysia and beyond.",2026-06
BOH Tea Centre (Sungei Palas Garden),1,"The food was cold, when we arrived most of the menu was unavailable, yet it was stated that the previous day was a holiday? Does that mean that just because the previous day was a holiday means that almost half the menu would be unavailable? Horrible service. The mushroom soup, when we ordered an extra bread, they gave us one. And when we pointed out the mistake, they looked almost as if shocked and went back to the kitchen to fetch the remaining bread. Horrible horrible service.",2026-06
BOH Tea Centre (Sungei Palas Garden),4,"Ganz nett mal gesehen zu haben, denn landschaftlich schon mal einen Ausflug wert. Wir waren mit Grab oben. Unterwegs aktuell viele Baustellen",2026-06
BOH Tea Centre (Sungei Palas Garden),5,"A must-visit place in Cameron Highlands with beautiful BOH tea farm views, great food, and an interesting factory visit. The experience was amazing overall. The only downside is the long waiting time to order food during busy hours. During the queue, one girl even fainted, possibly due to hunger or long waiting time in 9am morning.",2026-06
BOH Tea Centre (Sungei Palas Garden),5,Remarkable must visit place at Cameron Highland..love the view love the food..but pricey 🫣,2026-06
BOH Tea Centre (Sungei Palas Garden),4,Nice views but feels a bit overly touristic. The factory tour was interesting though,2026-06
BOH Tea Centre (Sungei Palas Garden),3,"View memang sangat cantik dan menjadi tarikan utama tempat ni. 🌿✨ (9/10)

Untuk makanan pula, saya rasa masih ada ruang untuk penambahbaikan.

• Nasi Lemak Ayam Rendang – Rempah agak terlalu kuat sehingga rasa keseluruhannya kurang seimbang. (5/10)
• Chicken Pie – Sedap, rasa ngam dan portion pun okay. (8/10)
• Mi Kari – Presentation boleh diperbaiki. Kuah tertumpah pada mangkuk tetapi tidak dibersihkan sebelum dihidangkan (rujuk gambar). Dari segi rasa, kuah kari juga agak terlalu kuat. (5/10)

Secara keseluruhan, saya akan beri 5/10 untuk makanan.

Satu lagi perkara yang perlu diberi perhatian ialah bekas scone yang tidak ditutup dengan sempurna. Terdapat banyak lalat mengerumuni kawasan tersebut, yang agak mengganggu.

Dari segi servis, masa menunggu agak lama. Kami tiba sekitar jam 10.30 pagi tetapi makanan hanya sampai pada jam 12.15 tengah hari. Mungkin pihak pengurusan boleh mempertimbangkan untuk menambah tenaga kerja kerana kelihatan staf yang bertugas perlu mengendalikan kaunter dan pesanan pelanggan pada masa yang sama.

Saya percaya kebanyakan pelanggan masih datang dan sanggup menunggu kerana pemandangan di sini memang sangat menarik.

Terima kasih dan semoga pihak pengurusan dapat terus menambah baik pengalaman pelanggan.

🌟 Overall: View 9/10 | Food 5/10 | Service 4/10",2026-06
BOH Tea Centre (Sungei Palas Garden),5,Loved the tea tasting - it was so informative and was so great to learn from a real tea master!,2026-06
BOH Tea Centre (Sungei Palas Garden),5,Cantik kalau nak ootd,2026-06
BOH Tea Centre (Sungei Palas Garden),4,"Eine schöne Teeplantage auf der man alle Sorten des BOH tees probieren und kaufen kann.
Die Preise auf der Terrasse sind ziemlich hoch  aber dafür bekommt man eine schöne Aussicht geboten.
Die ""tour"" ist zwar kostenlos, aber dennoch etwas enttäuschend, da der Informationsgehalt sehr gering ist und man nach 5 Minuten schon fertig ist.
Es ist sehr schade, dass man praktisch keine Möglichkeit hat direkt in die Teefelder rein zu laufen. Eine art Detail-Tour mit mehr Informationen und vielleicht auch Besichtigung der Teefelder hätte uns gefreut.",2026-06
BOH Tea Centre (Sungei Palas Garden),5,"I must say the architecture is incredible with lush tea leaves views. The cantilevered element make it an icon here in Ladang Boh Sg Palas. Staff are friendly, informative & they really enjoy/fun working there. Also i had so much fun in ‘Know Your Tea’ session. Thumbs up!",2026-06
BOH Tea Centre (Sungei Palas Garden),3,"Food was okay, the view from the coffee shop was okay too. If you want to take photos, you can go to the outside balcony.
The weather can get cold and rainy in the afternoon, so remember to bring a raincoat. Alternatively, you can buy a raincoat from their tea shop.",2026-06
BOH Tea Centre (Sungei Palas Garden),4,"Good pit stop experience. See the leaves. Get good photos and enjoy some local food, coffee and of course, the BOH tea.",2026-06
BOH Tea Centre (Sungei Palas Garden),5,Very scenic place with a 15min tour of how the leaves are made. Many different varieties of tea to buy back home as well.,2026-06
BOH Tea Centre (Sungei Palas Garden),5,جدا جميل المكان وانصح بالذهاب مبكر جداً لتجربة الشاهي,2026-06
BOH Tea Centre (Sungei Palas Garden),5,"Very beautiful scenery!
It is worth to visit!
I visited here on national holiday. It was very very crowded.
The road to here was crazy busy and it took two hours from the downtown. And the cafe was also very crowded and I could not find table. So I could not try tea there.
It was just crowded.
I will come back here on weekday!!",2026-06
BOH Tea Centre (Sungei Palas Garden),5,Fantastische plek! Kom niet op zaterdag als je van ver komt!,2026-06
BOH Tea Centre (Sungei Palas Garden),2,"Timestamp: 12 June, 3.20pm

Overall the place was nice with the breeze and all, food was ok-ish.

But re the factory tour HAHA. Gurl. MMMM. I’m not sure if the tour guide was having a bad day but the entire posture when educating the tea making process was as though she hated her job???? Not even a smile, and quite a few sighs and subtle eyerolls 🙄 for what idk

And like mid way through, when the group was looking inside the factory to idk maybe actually OBSERVE what happens in the process - she suddenly stopped explaining and asked (and in a serious tone) “ARE YOU LISTENING?”

…? HUH. I’m confused. So stern for what? were we supposed to be tested on the tea knowledge at the end of the tour? 🤨 idgi. tsk. major flashbacks to primary school bruh.",2026-06
BOH Tea Centre (Sungei Palas Garden),3,Pegi kol 830pg. Mknn x siap lg. Beratur kemain pjg. Mknn x smp2. Dh la pnt2 naik tgga. Meja pon penuh. Tunggu smp 10 masih xdpt lg mknn. Sudahnya turun je lah. Mls nk tggu dh.,2026-06
BOH Tea Centre (Sungei Palas Garden),5,"Among of beautiful attractions in Cameron Highlands. The rolling tea covered hills, fresh mountain air, and stunning viewpoints create an unforgettable experience. The café overlooking the plantation is the perfect place to enjoy a cup of tea while taking in the scenery. Highly recommended for visitors to Cameron Highlands. 🍃☕📸",2026-06
BOH Tea Centre (Sungei Palas Garden),4,Comfortable,2026-06
BOH Tea Centre (Sungei Palas Garden),5,"A must to visit. We could smell them brewing their teas before we even got to their center. Long queue during peak seasons (public holiday/school holidays) though.
Their factory tour was severly underwhelming but it was still fun to see it in real live. To see more, it would be best to try their Tea Tasting, where you could see their process on the screen.
Their tea shop lets you smell the leaves and blends before you buy them too, it was really helpful. Best place to get their tea blends that you wouldn't really find in supermarkets.",2026-06
BOH Tea Centre (Sungei Palas Garden),5,Very beautiful,2026-06
BOH Tea Centre (Sungei Palas Garden),5,Love the view and the journey to go there. We can visit the tea factory for free. The cafe a bit crowded with people. Not really good place to hang out. Just take photos of the view and went to other places.,2026-06
BOH Tea Centre (Sungei Palas Garden),1,ada lalat dalam air. sorg staff buat keje hempas hempas 🙄,2026-06
BOH Tea Centre (Sungei Palas Garden),4,"Beautiful, but overcrowded",2026-06
BOH Tea Centre (Sungei Palas Garden),5,"Nádherná krajina a kopce porostlé čajovými plantážemi,a když ještě stihnete za krásného počasí východ slunce je to super.Občerstvení je zde na terasách ve dvou restauracích.Když jsme zde byli měli zrovna mistní děti prázdniny, tak tady bylo docela narváno, ale i tak to stálo za to.Doporučuji navštívit.",2026-06
BOH Tea Centre (Sungei Palas Garden),4,"View spot yg cantik, surround dengan tea  farm dan Udara sejuk sejuk sikit,mee kari Dan nasi lemak kt situ ermmm just so so jer, Teh ais pun same, lain lain just ok ok ner",2026-06
BOH Tea Centre (Sungei Palas Garden),2,"Very nice, but don't bother lining up for an hour or more to buy any food or drink.
The factory tour is 10 mins.",2026-06
BOH Tea Centre (Sungei Palas Garden),5,This also one of the beauty view point 🥳,2026-06
BOH Tea Centre (Sungei Palas Garden),5,👍👍👍,2026-06
BOH Tea Centre (Sungei Palas Garden),5,"Really enjoyed our visit to the BOH Tea Centre as part of a tour to the best sites around the Cameron Highlands. The day of our visit was a public holiday, so it was very busy, but there is plenty of space across two cafe areas. Started with a tour of the processing factory, which wasn't in action due to the holiday, but had a brief but interesting tour anyway. The cafe is lovely with beautiful views of the tea plantations below. Ordered a teh tarik and banana carrot cake, which were both excellent. All the cake and dessert options actually looked phenomenal, and if they taste as good as they look, they will be universally wonderful. Well worth a visit!",2026-06
BOH Tea Centre (Sungei Palas Garden),5,Great place to visit. Learn about tea cultivation and processing. Have lunch or cake and tea at the cafe. Visit the gift shop and enjoy the magnificent views.,2026-06
BOH Tea Centre (Sungei Palas Garden),1,"Beratur panjang nak dekat 1 jam setengah dan tempat duduk tak organize, ada yang reserve tempat walaupun the one yang beratur lagi sejam lebih nak sampai turn untuk order, jadi tempat duduk untuk orang yg ready untuk makan tak de. Tolong la improve",2026-06
BOH Tea Centre (Sungei Palas Garden),5,Chill place to have your tea and scones while enjoying the views,2026-06
BOH Tea Centre (Sungei Palas Garden),4,The road is quite challenging,2026-05
BOH Tea Centre (Sungei Palas Garden),5,"bg saya scone dia sedap sangat. cake sedap. luas tempatnya tp ramai org. dtg on weekday naik jeep pun tak dapat duduk tepi 🥹 sy recommend korang bayar naik jeep. cari je kt tiktok. takyah drive. dia pickup. takyah naik tangga. sesuai utk yg ade org tua, anak kecik, pregnant. tau2 sampai cafe. bestttt. makanan ok sdp.",2026-05
BOH Tea Centre (Sungei Palas Garden),1,"The food and drinks are not as good as they used to be, and the drinks weren't even served hot. The only thing I enjoyed was the beautiful view and the natural surroundings.",2026-05
BOH Tea Centre (Sungei Palas Garden),4,Seronok pergi ladang ni. Service semua laju tapi sayang sebab ada services jep yang buat jalan keluar masuk tu macam jalan dia dan menyebabkan jammed. Tolak 1 star sebabkan jep ni.,2026-05
BOH Tea Centre (Sungei Palas Garden),4,"Jalan nak pergi sana quite sempit and berpusing pusing. Sampai pukul 8 pagi pun dah ramai orang. Meja tak banyak tapi orang ramai masalahnya pergi makan. Makanan ashe ashe je. Tak sedap sangat pun mahal je lebih. Cake okay.

Sempat la join tour kilang buat teh lepas makan tu. Mind that tour tu ada specific time dia open. Lepas tour tu boleh beli ice cream and also product boh kat store dia.",2026-05
BOH Tea Centre (Sungei Palas Garden),4,"Nel passaggio da un lato all altro della Malesia l esperienza nei campi di raccolta the merita.
Sono tutte attività ancora manuali e merita probabilmente un tour con i fuoristrada",2026-05
BOH Tea Centre (Sungei Palas Garden),5,Long que over the weekend. Nice view and challenging drive. Can take 4x4 from outside if not confident to drive.,2026-05
BOH Tea Centre (Sungei Palas Garden),5,Good Explanation and Excellent Experience at Boh Tea especially the Tea Taste session 👍,2026-05
BOH Tea Centre (Sungei Palas Garden),5,Had an amazing experience at the tea tasting session ! 👍,2026-05
BOH Tea Centre (Sungei Palas Garden),4,Possibilité restauration et dégustation de thé.  Pas de thé  en vrac. Visite guidée rapide de la fabrique de thé,2026-05
BOH Tea Centre (Sungei Palas Garden),5,"Very good experience
5 tastings plus lots of information on how the tea is harvested and processed",2026-05
BOH Tea Centre (Sungei Palas Garden),1,Very bad service. Expensive food,2026-05
BOH Tea Centre (Sungei Palas Garden),1,"Very poor staff attitude..  no manner
Two male staff at the counter very rude",2026-05
BOH Tea Centre (Sungei Palas Garden),1,"cashier cafe marah2 halau ckp kami nk tutup pada 3.40pm, mkn aku pun dia ckp "" ha tu ambik lah.!""",2026-05
BOH Tea Centre (Sungei Palas Garden),2,"Overrated places. Nasi lemak sticky like porridge. Notice the big green ginger in my nasi lemak. For price RM15 totally not worth it. The place is beautiful, but quite far from main road. Would not repeat. Come here at your own risk.",2026-05
BOH Tea Centre (Sungei Palas Garden),3,Untuk view 🔛🔝 Untuk makanan 👎🏻,2026-05
BOH Tea Centre (Sungei Palas Garden),5,"Visited BOH Tea Centre (Cafe) 🍃
The cafe is very popular and can get quite crowded, but the view of the tea plantation is stunning. Food and drinks were alright, nothing too fancy, but the overall experience of enjoying tea with that scenery makes it memorable ✨",2026-05
BOH Tea Centre (Sungei Palas Garden),5,Hot tea with the view of tea farm. Nothing better than being here. They also offer factory tour and it’s free. You just need to wait for the schedule but unfortunately no cameras or videos throughout the tour. Anyway it was interesting to watch the process of tea making.,2026-05
BOH Tea Centre (Sungei Palas Garden),5,"Had a wonderful experience at BOH Tea Sungai Palas 🍃
The scenery was absolutely beautiful with stunning tea plantation views and cool fresh air. The cafe was cozy and relaxing, perfect for enjoying tea and desserts while overlooking the hills. Staff were friendly and the place was well maintained. Definitely one of the must-visit spots in Cameron Highlands! ☕🌿",2026-05
BOH Tea Centre (Sungei Palas Garden),4,Good 👍,2026-05
BOH Tea Centre (Sungei Palas Garden),5,"A truly breathtaking place to visit in the Cameron Highlands. The scenery was absolutely beautiful and relaxing. They also offered a free factory tour, which was very interesting and informative to see how BOH tea is produced.

The shop had a wide variety of teas and products from BOH, perfect for souvenirs or tea lovers. There was also a nice cafe serving many types of tea, along with delicious cakes and snacks. Overall, it was a great experience and definitely worth visiting.",2026-05
BOH Tea Centre (Sungei Palas Garden),5,Sangat best..cuma penat sikit Naik ke atas pergi ke kilang teh...bercuti sambil Cari ilmu..,2026-05
BOH Tea Centre (Sungei Palas Garden),3,Jalan2 tengok kilang tea. Menarik,2026-05
BOH Tea Centre (Sungei Palas Garden),5,"朝方運良くgrabで配車がすぐみつかり、前泊したキャメロンハイランドの町中から30分程度で着きました。（帰りは正午前にしたのですが、少し渋滞し、50分程度かかりました。）grabが見つからない場合はバスセンター横のタクシースタンドからタクシーも使えるようです。
展望台とカフェ兼食堂は土曜日だったこともあり、けっこう客の入りは良かったです。
カフェでも紅茶は複数種類から選ぶことができ、伝票に記入して注文するスタイルでした。",2026-05
BOH Tea Centre (Sungei Palas Garden),5,Destination which you can see mostly greenish,2026-05
BOH Tea Centre (Sungei Palas Garden),5,"Sangeethaa gives a very good knowledge about BOH tea plantation and the types of tea. Now I know how to brew white tea, green tea and black tea. Thank you for a fun session🩵💝.",2026-05
BOH Tea Centre (Sungei Palas Garden),5,the experience is really good also sangeethaa is really friendly and everything she speak is very clear,2026-05
BOH Tea Centre (Sungei Palas Garden),5,We have a fun tea tasting session with Sangeethaa. I learned more about TEA🩷,2026-05
BOH Tea Centre (Sungei Palas Garden),4,The main attraction is its majestic view of the tea plantation. The viewing deck is great and the seatings are comfortable. The food is delicious with a variety selection but some meals are only for mornings and some are only for afternoons which limits the choice. Nice experience but would be better with better menu and availability.,2026-05
BOH Tea Centre (Sungei Palas Garden),5,"Worth a visit if you have not been here before. Features a restaurant and a shop where can sample taste some tea products and of course, the amazing views of the Boh tea plantation.",2026-05
BOH Tea Centre (Sungei Palas Garden),1,Service is bad. Tea was cold. I prefer Cameron Valley Cafe a thousand times more,2026-05
BOH Tea Centre (Sungei Palas Garden),5,"View ladang Teh Boh sini memang stunning. Cuma nak complaint dekat restoran kat sini. Turn out rupanya kiri dan kanan beratur rupanya restoran yang sama. Bila customer ramai, maka ada inisiatif untuk bagi kertas menu dan pensil untuk customer pilih menu siap2. Bagus dah kat situ. Taktau lah tak bernasib baik ke apa, bila sampai kaunter nak order, senang je dia cakap apa kita nak tu “habis”,”tak de”. Kalau betul habis takpe. Ni elok kits dah order yang lain. Tup2 tengok meja sebelah customer lain yang beratur selepas kita dapat menu yang kita nak tadi yang di takdek kan tu. Kalau lambat sikit takpe saya boleh sabar tunggu. Saya beratur panjang tu pon sebenarnya saya dah bersabar banyak dah kat situ. Beratur panjang tapi bila sampai turn nak order tak dapat apa yang diingini. Tup2 orang lain selepas kita dapat menu tuu. Dah la bayar mahal. Mee kari makcik gerai tepi jalan jual lagi sedap. Hahaha. Tapi still 5 stars review for Ladang Teh dengan view yang sangat cantik. But 1/5 stars for restaurant. Better tengok ladang teh enjoy view pastu turun pergi makan dekat mana2. Sekian",2026-05
BOH Tea Centre (Sungei Palas Garden),5,环境很好，但是要避开假日，不然人潮会特别多。,2026-05
BOH Tea Centre (Sungei Palas Garden),4,Still same as 10 years back,2026-05
BOH Tea Centre (Sungei Palas Garden),5,BOH tea plantation is beautiful. Come early to avoid crowd.  Great place to learn about the founder of BOH tea and his family legacy.  Free admission to the BOH tea factory tour (10 minutes) and you can also buy BOH tea at the outlet.,2026-05
BOH Tea Centre (Sungei Palas Garden),5,Hier kann man sehen wie der Tee gemacht wird,2026-05
BOH Tea Centre (Sungei Palas Garden),2,"Wanna talk about line up, is okay.. Masalahnya, bila brg list tu da sold out. Staff bole ja gtaw customer y belakang tgh beratur tu pilih makanan lain.. Nie x, dekat counter jugak la.. customer nk pilih makanan atau minuman y lain.. Kena tggu situ saja da 10 minit, untk customer tuka plihan lain... Please improve 👏🏻
about services mmg pantas..",2026-05
BOH Tea Centre (Sungei Palas Garden),5,"Boh Tea Sungai Palas has a very beautiful and peaceful environment with amazing tea plantation views. The tea was very good and refreshing, while the cake was superb and delicious. Perfect place to relax and enjoy the cool weather in Cameron Highlands. Definitely worth visiting!",2026-05
BOH Tea Centre (Sungei Palas Garden),4,좋아여. 그런데 너무 제한된 곳만 볼 수 있어서 거기 가는 길이 오히려 더 좋았아요.,2026-05
BOH Tea Centre (Sungei Palas Garden),5,"Mit ein bisschen Übung ist die Straße gut zu meistern, auch mit dem Leihwagen. Wir konnten die pflücker aus der Nähe beobachten bei ihrer harten Arbeit- schon ein krasser Unterschied zu den verwöhnten und verhänselten Touris, uns einschließlich. Der Besuch ist auf jeden Fall dort sehr angenehm, auch die Verpflegung und eine kleine Tour durch die Teemanufaktur, sehr empfehlenswert.",2026-05
BOH Tea Centre (Sungei Palas Garden),5,Nice place to enjoy the view and have tea,2026-05
BOH Tea Centre (Sungei Palas Garden),5,BOH-Tee ist der beste Tee der Welt. !!,2026-05
BOH Tea Centre (Sungei Palas Garden),5,"Nous avons fait la dégustation de thé avec Sangeetha, c’était super. Elle nous as donné de nombreux indications sur le thé BOH. Merci à elle, on a passé un très bon moment !",2026-05
BOH Tea Centre (Sungei Palas Garden),5,Quelle beauté….,2026-05
BOH Tea Centre (Sungei Palas Garden),5,"I have been here twice, on a weekday and on a weekend respectively.

A bit crowded on weekends, which is expected and understandable.

I find the food was delicious, love the variety, and the ambiance and view was breath-taking. I'm a frequent traveller to Cameron as of late, would definitely go there again.",2026-05
BOH Tea Centre (Sungei Palas Garden),5,"Eine riesige Teeplantage, die schon seit gefühlter Ewigkeit besteht. Es gibt es Restaurant und eine Shop.",2026-05
BOH Tea Centre (Sungei Palas Garden),4,Driving here is a bit challenging especially when traffic is packed.,2026-05
BOH Tea Centre (Sungei Palas Garden),5,"A spectacular reward for a nerve-wracking drive—the panoramic views and warming comfort food make every bit of effort worth it.

​The atmosphere is amazing with plenty of seating to take in the highlands. For a cold day, the mihun sup is the perfect soul-warmer, and the scones were impressively fresh and held their texture well. There is ample parking, but be warned: the single-lane road up is tight and requires careful navigation. Also, the steep climb from the lot lacks handrails on one side, which can be tricky for some.",2026-05
BOH Tea Centre (Sungei Palas Garden),5,Excellent place to visit,2026-05
BOH Tea Centre (Sungei Palas Garden),5,Amazing view overlooking the tea plantation and mountains. The food was good. Refilled my tea stock here as well👍🏽.,2026-04
BOH Tea Centre (Sungei Palas Garden),4,"Boh Tea Center in Sungai Palas, Cameron Highlands is beautiful and has its charms. The only problem which irks visitors are the long and narrow twisty road to go in and out. It would take almost 3 hours to navigate this 3 km road during peak times. It would be great if the Management of Boh Tea Plantation, Sg Palas can adopt a system just like what was practiced in Fraser's Hill a long time ago. Why not adopt the same traffic management system whereby Vehicles can only go UP into the Boh Tea Center at EVEN hours (eg 8 am, 10 am, 12 noon, 2 pm, 4 pm etc.....while vehicles can only GO down at ODD hours eg 9 am, 11 am, 1 pm, 3 pm, 5 pm etc.

Wouldn't this help prevent the traffic jams encountered by tourists to your wonderful place?

Please do seriously consider to implement my proposal as a win-win for everyone.

Thank you.",2026-04
BOH Tea Centre (Sungei Palas Garden),5,"Absolutely loved this place, definitely was one of the highlights during my short trip to Cameron Highlands! Be prepared for beautiful and picturesque scenery, and upon reaching the top you can find a cafe where you can enjoy sone refreshments while enjoying the view over the tea plantations! Perfect spot to enjoy some Boh tea straight from the source.

We came by car, beware of the extremely narrow roads, so please drive with care! They do have traffic controllers who direct the traffic, giving turns for both sides of traffic.

Definitely worth the trip and journey if you're in Cameron Highlands! ✨",2026-04
BOH Tea Centre (Sungei Palas Garden),5,View mahal 😍,2026-04
BOH Tea Centre (Sungei Palas Garden),1,"The food it's like a scam. Better eat somewhere  else a good breakfast before you come here. Just order tea and enjoy the view here. I ordered nasi lemak ayam rendang, the rice is overcooked and  they using old chicken. You will know when you cut the chicken. The garlic bread is very hard, maybe they did it earlier and keep it aside. The teh Tarik is not hot and the taste 6/10. I ordered green tea tiramisu too, but the taste like normal butter cake some green tea power on top. Overall it's 3/10. I advice to eat earlier before come up.",2026-04
BOH Tea Centre (Sungei Palas Garden),4,Cool weather but extreme road conditions made travelling difficult.,2026-04
BOH Tea Centre (Sungei Palas Garden),5,Beautiful scenery,2026-04
BOH Tea Centre (Sungei Palas Garden),2,Banyak lalat. Stress,2026-04
BOH Tea Centre (Sungei Palas Garden),5,Beautiful scenic views,2026-04
BOH Tea Centre (Sungei Palas Garden),5,"This is a review for the Tea Tasting experience (RM25 pax) at BOH Sungei Palas. My girlfriend and I came early in the morning and we were the only two people for the 9:00 tasting. Our host Sangeethaa was incredibly kind and smart, and is the reason I feel inclined to leave a review. She answered all of my questions and even knew about the small leafhoppers that feed on the tea plants (I am a biologist, and she has a degree in biotech). She made our experience full of learning and laughter, and also gave helpful tips for us as tourists in Cameron Highlands. I hope future customers will also get to meet Sangeethaa for the tea tasting!",2026-04
BOH Tea Centre (Sungei Palas Garden),5,the tea tasting here was amazing! Sangeethaa was very knowledgeable and friendly!,2026-04
BOH Tea Centre (Sungei Palas Garden),5,Excellent tea tasting - very informative and friendly. Sanghita took the time to answer all our questions. Thank you!!,2026-04
BOH Tea Centre (Sungei Palas Garden),4,"Food, drink, dessert, vibes were all perfect. Just one thing we dislike was number of flies flying around while we were eating. A well known established place should have overcomed this issue.",2026-04
BOH Tea Centre (Sungei Palas Garden),3,"overall utk scenery mmg u must visit ! msyaAllah mmg lawaa sangat . toilet clean and convenience . tmpt makan da makin membaik, furniture bru ditukar and yah for the makanan i is kecewa since i order soto bihun sup but for few time makan, this time tkde nasi impit, bile i tnye staff dia ckp mmg tkde, mcm i plk menipu before this makan mmg ada 😭 pls make it ada bru berbaloi utk makan dgn hrga tu okay. and pls nasi tu utk nasi lemak / nasi ayam gepuk tu pls tmbh sikit quantity, people went there utk rasa n kenyangkan perut but pls consider since the price bit pricy",2026-04
BOH Tea Centre (Sungei Palas Garden),5,goods for release stress..beautiful scenery.will come back just for your  tea..😍,2026-04
BOH Tea Centre (Sungei Palas Garden),5,"Cakesss and tea were super good especially strawberry cheese cake and raspberry cake 😋😋😋 yummmyyy , and scones were pretty tasty too , literally loves the honey lemon tea ice , worth the prices and taste . Enjoyed with family a lot and pictures were instagram worthy 🫶🏻",2026-04
BOH Tea Centre (Sungei Palas Garden),5,"Very2 nice cafe all staf friendly, have one girl i think name hanum..very helpful cstmr..tq",2026-04
BOH Tea Centre (Sungei Palas Garden),3,I suppose this is a must visit when you’re in the Cameroon highlands. Just alone for the views. Amazing scenery and greenery all around the highlands. The tea centre is located in a very touristic location. The food and drinks themselves are not exactly that great. The “hot” tea was served lukewarm warm at best. I had to tell the staff to head it up in the microwave. The desserts are not fresh. For the views I rate this highly however for the coffee shop I have reduced the rating to reflect the tea centre and garden combined. Never the less it is still worth coming here.,2026-04
BOH Tea Centre (Sungei Palas Garden),3,"There was tourist crowd when we visited. Howeve if you are driving, do note that the last 2km towards the plantation is narrow and inexperienced drivers must take note, as you may need to reverse for cars to pass before continuing.

But the view is spectacular.",2026-04
BOH Tea Centre (Sungei Palas Garden),5,"As usual, a must visit in Cameron. Got scones here and tea of course, view was great! Bought lots of tea and left happy people",2026-04
BOH Tea Centre (Sungei Palas Garden),5,Must visit,2026-04
BOH Tea Centre (Sungei Palas Garden),4,"We've been here more than 10 years ago, still we decided to come back and to our surprised this is still the most beautiful tea garden view point. Cafeteria food provided are mostly with inspired by Boh tea produced which is an amazing way in promoting their garden. Amazed that the food served were also not bad and pricing wise we feel it is still affordable given that this place give you a great view, cozy environment and is still pretty well kept and clean unlike other similar touristy spot in this area. Will still recommend people to visit as the view here is still the best and get to enjoy the serene view from cafeteria (free entrance anyway), just the driving journey is bit challenging due to the super narrow road.",2026-04
BOH Tea Centre (Sungei Palas Garden),4,Came with guide and spent time in the fields as well as the factory. There is a deck woth amazing view as well as a shop amd cafeterias.,2026-04
BOH Tea Centre (Sungei Palas Garden),2,"Disappointing. The cafes are not good quality and not clean, and you are not able to walk around the tea plantation without an overpriced tour",2026-04
BOH Tea Centre (Sungei Palas Garden),5,best,2026-04
BOH Tea Centre (Sungei Palas Garden),5,Very educational,2026-04
BOH Tea Centre (Sungei Palas Garden),5,I enjoyed my time here in BOH plantation especially the Tea Tasting Session. Thank you madam Sangheeta for your good briefing and hands on experience on the tea testing,2026-04
BOH Tea Centre (Sungei Palas Garden),5,The tea tasting was awesome,2026-04
BOH Tea Centre (Sungei Palas Garden),5,"One of the main attractions in the Cameron Highlands! A guided tour would serve you best. Even without a guide you can do the factory tour here, which is completely free. There is also a tea tasting session, 2 cafés, and plenty of information about the tea making process.",2026-04
BOH Tea Centre (Sungei Palas Garden),5,Es ist wirklich sehr schön. Alle sind sehr nett und das Teatasting war ebenfalls interessant.,2026-04
BOH Tea Centre (Sungei Palas Garden),5,"Nice..makanan dia sedap2...harga kena dgn portion and taste..banyak2 tpt dkt Cameron, rse ye ni paling sdp makanan dia..",2026-04
BOH Tea Centre (Sungei Palas Garden),5,"nak dapat view lawa memang kene daki sikit.
kalau daki2 ni x sesuai bagi warga emas atau ada masalah kaki. jauh
kalau amik pakej yang naik jip mungkin okay
wajib beli teh dia
tapi nak p makan dia punya cafe perlukan kesabaran sebab terlalu ramai",2026-04
BOH Tea Centre (Sungei Palas Garden),5,"Great tea tasting – perfect for tea lovers! We learned a lot about the production process and got to try several high-quality black teas. Much better than the free tastings in the shops, where the teas are usually simpler and quite sweet. The guide was very friendly and also gave us some great restaurant tips. Highly recommended!",2026-04
BOH Tea Centre (Sungei Palas Garden),1,"Poor service by a staff called Phlomenia, busy complaining about her uncomfortable feeling to another staff while me as customer waiting for my ordered food to be delivered... Very bad attitudes in front customers.. HOPE THE MANAGEMENT COULD IMPROVE ON THIS",2026-04
BOH Tea Centre (Sungei Palas Garden),1,Indian girl at serving counter so rude to all customers because of her own mistake. staff name philomena,2026-04
BOH Tea Centre (Sungei Palas Garden),5,"キャメロンハイランドの代表的な観光スポットで、宿泊していたキャメロンハイランドリゾートから車で約30分ほどで到着しました。途中は道幅が狭く注意が必要ですが、要所ではスタッフが無線で連携し交通整理を行っており安心して進めました。無料駐車場から少し階段を上がると施設があり、緩やかな斜面を活かした美しい建物と広大な茶畑の景色が広がります。
訪れた時はホテルで朝食を取ったばかりでしたので、紅茶とアップルパイだけ頂きましたが、雄大な茶畑の景色を楽しむ時間は非常に贅沢でした。併設ショップではここ限定の商品もあり、お土産選びにも最適です。",2026-04
BOH Tea Centre (Sungei Palas Garden),4,"You’ll need to walk up to reach the restaurant, but the view from the top is absolutely stunning. There’s a viewing deck where you can enjoy a wide, uninterrupted panorama.

Food and drink options are quite limited, especially when it comes to cold beverages. The service was also a bit disorganised—the staff mixed up my order with another customer’s.

Also, be careful not to move the tables and chairs around. Overall, the experience was just okay—the scenery is beautiful, but I probably wouldn’t come back again.",2026-04
BOH Tea Centre (Sungei Palas Garden),3,"Vale la pena fare un giro solamente per la visita alla fabbrica (7 minuti totali) e per gli assaggi di the del negozio. NON si può passeggiare tra le piantagioni, cosa che invece si fa alla piantagione di cameron valley Tea ( 4 ringgit a persona)",2026-04
BOH Tea Centre (Sungei Palas Garden),5,"Absolutely loved my visit to BOH Sungai Palas Tea Centre! The view is simply breathtaking — endless rolling tea plantations that look even more stunning in person. The atmosphere is peaceful and refreshing, perfect for a relaxing escape from the city.

The café experience was wonderful too — enjoying a cup of freshly brewed tea while overlooking the hills was definitely the highlight. The scones were delicious and paired perfectly with the tea. The place is also well-maintained, and it was interesting to learn a bit about the tea-making process.

Yes, the road leading up can be a bit narrow, but it’s totally worth it once you reach the top. Highly recommended to come early to avoid the crowd and fully enjoy the serene environment. A must-visit spot in Cameron Highlands!",2026-04
BOH Tea Centre (Sungei Palas Garden),4,"Visite de la plantation + dégustation de thé :)
Moment agréable et lieu magnifique 🫶",2026-04
BOH Tea Centre (Sungei Palas Garden),1,"Came to BOH Tea Sungai Palas Tea Garden despite reading about rude staff in previous google reviews… turns out the reviews were right. Great view, disappointing service.

One of the staffs named Nabilla came across as rather rude and unwelcoming towards customers. The interaction felt unfriendly and lacked basic courtesy, which affected the overall experience.

Hope the management can look into this and improve the service quality to match the wonderful environment.",2026-04
BOH Tea Centre (Sungei Palas Garden),5,No wheelchair accessibility,2026-04
BOH Tea Centre (Sungei Palas Garden),5,Nice view followed by tasty food. Come here and experience yourself,2026-04
BOH Tea Centre (Sungei Palas Garden),2,"solo turistico, troppo chiassoso.",2026-04
BOH Tea Centre (Sungei Palas Garden),5,"One of Cameron's most famous Tea brand and with a history that is well documented. It's listed as a must visit in most recommendations amd thus can get crowded quite easily esp. in peak season.
We went in shoulder season (End March) and enjoyed beautiful scenery and food in the cafe that we didn't have to queue for. Like every eatery in CH this place offers scones and strawberries, but we were delighted to find Kaya Toast and soft boiled eggs here. Went well with the tea.",2026-04
BOH Tea Centre (Sungei Palas Garden),5,"Healing, Food become much better and better and was very nice",2026-04
BOH Tea Centre (Sungei Palas Garden),5,Good tea tasting session,2026-04
BOH Tea Centre (Sungei Palas Garden),4,"Cantik. Banyak tempat nak ootd. Penat sikit nak mendaki. Kalau ada orang tua, maybe boleh parking kat atas. Kena check balik dengan orang jaga kat situ. Makanan ada macam2. Tapi depends la ada lagi ke tak. Maybe kalau pergi petang2 sikit tu makanan banyak dah habis.",2026-04
BOH Tea Centre (Sungei Palas Garden),3,"Dit Tea Centre zit bij een prachtige theeplantage en verkoopt de daar verbouwde thee. De rondleiding is alleen echt een groot minpunt. Het gaat heel vlug, meisje is slecht te verstaan en je mag niet eens foto's maken. We hebben in Sri Lanka veel leukere rondleidingen gehad. Je kunt er wel wat theetjes proeven, maar dat zijn allemaal mierzoette theetjes... Hoop verbetering mogelijk.",2026-04
BOH Tea Centre (Sungei Palas Garden),5,"Nice tea center which is home to the Best of Highlands (BOH) tea plantation. The factory tour runs at specified timings throughout the day and is free - no photo taking inside the factory building though. Its a short 8 minute tour to learn more about the tea growing process.

The on site cafe offers various hot food items, pastries and BOH tea of various kinds. Prices are a bit on the high side but the view kind of makes up for it.

The BOH gift shop allows you to buy various kinds of tea flavours and types that you might not see so easily elsewhere in Malaysia, and at slightly cheaper prices.

Drive slowly and carefully on the winding mountain road up and down from BOH tea center.",2026-04
BOH Tea Centre (Sungei Palas Garden),4,Tenang dan nyaman,2026-04
BOH Tea Centre (Sungei Palas Garden),5,早上好冷的环境。讲话都出烟咯。食物很有水准。蛋糕非常美味。,2026-04
BOH Tea Centre (Sungei Palas Garden),4,"Visited BOH Tea Centre and had a pretty good experience overall. The food was just okay, nothing too special but the presentation was nicely done. The highlight was definitely the tea plantation itself; it looked more lush and scenic compared to Cameron Valley.",2026-03
BOH Tea Centre (Sungei Palas Garden),1,"que for 10-15 minutes (i came early), then sampai cashier dia amek kertas order kita terus pangkah makanan yg tak ada. nohhh baik takpayah list banyak banyak makanan. staff yg nak terima order pulak rude, panggil customer dengan ketuk ketuk je cermin",2026-03
BOH Tea Centre (Sungei Palas Garden),3,"Si vous n'avez jamais vu des champs de thé c'est beau a voir sinon pas trop d'intérêt.
Les champs de thé ne sont pas accessible sauf une visite à 10h le matin.
Deux restaurants permettent d'admirer la vue et il y'a un stand de glace.
La visite de la Factory n'est pas terrible non plus.
Beau paysage mais sans plus",2026-03
BOH Tea Centre (Sungei Palas Garden),5,I made the tea testing. It was so interesting and the tea was so good ! I recommend the experience,2026-03
BOH Tea Centre (Sungei Palas Garden),5,"Lovely tea plantation, family-run. They offer free factory tours and tea tasting for 25mr",2026-03
BOH Tea Centre (Sungei Palas Garden),5,"A beautiful spot to explore BOH tea plantations, visit the factories, and enjoy a couple of cafes. Be prepared to climb quite a number of stairs to reach the top.",2026-03
Genting SkyWorlds Theme Park,5,"Is a nice family day in skyworld theme park. Staffs are nice. Keep it up Genting, but really high spending",2026-08
Genting SkyWorlds Theme Park,5,Skyworlds park is amazing,2026-08
Genting SkyWorlds Theme Park,5,Wonderful experiences me and my family,2026-08
Genting SkyWorlds Theme Park,5,"Some attractions were not available, available ones also broken. But worked ones were superb.",2026-08
Genting SkyWorlds Theme Park,5,Great and fun day experience,2026-08
Genting SkyWorlds Theme Park,2,"Long q, poor rides",2026-08
Genting SkyWorlds Theme Park,2,Queues are always so long and only got to know the express queue can be done via their app 1 hour before closing. Alot of visitors keep cutting queue and there was no staff that maintain the queing. All the staff are in front managing the front queues. Alot of rides are closed. The rides that we managed to ride was fun though.,2026-08
Genting SkyWorlds Theme Park,5,Fabulous Place 👌,2026-08
Genting SkyWorlds Theme Park,5,Sangat bestt nanti nak repeat lagi,2026-08
Genting SkyWorlds Theme Park,4,Great experience,2026-08
Genting SkyWorlds Theme Park,5,Disappointed few game close during our visit but the rest is still good.,2026-08
Genting SkyWorlds Theme Park,5,Got promotional discount for RM38 for kids. Crowd was lesser than usual and rides queues was shorter. Much more enjoyable trip this time. Went to Independence Day twice,2026-08
Genting SkyWorlds Theme Park,5,"It’s Malaysia’s best amusement park, but the elevation is so high that after having so much fun, my ears felt muffled when I got home..🫨 But it was a day I have no regrets about! It’s cold, so be sure to bring a jacket. It’s colder than I thought, so I bought a piece of clothing at the department store!🧤",2026-08
Genting SkyWorlds Theme Park,5,"Theme park was amazing, we love the rides. And especially 4D independant day.",2026-08
Genting SkyWorlds Theme Park,5,مدينة ملاهي متكاملة ومذهلة,2026-08
Genting SkyWorlds Theme Park,4,Good but if you have visited any theme parks in Abu Dhabi you won't like it. The rides are good for adults but children rides are very limited. Good thing is you can rent stroller if you are traveling with kids. But tickets online the kiosk there sometimes doesn't work. Try visiting during weekdays as it's very crowded. Mornings are best time. Food they have multiple option. You can have in cafe as well and in food truck as well. Food is a little expensive but you can get a Indian thali for 27 Ringgit with decent food quality. Navigation to the theme park is very tricky go for the outdoor park. Ice age is good for children. They have plays for kids and ride for adults. Ride is amazing. Play is enjoyable for both young and adults. Must visit Independence day theme ride. Aaamaaazzziiinnggg. Full paisa vasool feel. A lot more is happening there.,2026-08
Genting SkyWorlds Theme Park,5,Really advanchure like - train and jhula,2026-08
Genting SkyWorlds Theme Park,5,"Most wonderful place on earth  fully entertained place
Nice weather",2026-08
Genting SkyWorlds Theme Park,4,"masa pergi hujan,, so x banyak benda boleh main",2026-08
Genting SkyWorlds Theme Park,4,Seems indian Wonderla is better than this,2026-08
Genting SkyWorlds Theme Park,5,Enjoyable outlets,2026-08
Genting SkyWorlds Theme Park,5,Wonderful place,2026-08
Genting SkyWorlds Theme Park,5,فخم ورائع حقا,2026-08
Genting SkyWorlds Theme Park,5,"Best hill station visit in malayasia
Life time experience in the place
Visiting and cable drive in superb and enjoyed a lot
U can witness 2 climates at a time in a day",2026-08
Genting SkyWorlds Theme Park,5,"المكان جميل مررره والالعاب فيه حلوه
ما يحتاج مرشد
انا رحت بقراب ورجعت بقراب
والتذاكر شريتها من عندهم",2026-08
Genting SkyWorlds Theme Park,5,"很好的體驗無論是天氣還是價錢還是體驗。
只是🈶兩項遊戲是必須用genting skyworld 進行預約才可以玩的。
一張門票有給我們三次的預約機會。
用完三次後就必須walk in 排隊。",2026-08
Genting SkyWorlds Theme Park,4,Kids will enjoy,2026-08
Genting SkyWorlds Theme Park,3,Not many rides were open,2026-08
Genting SkyWorlds Theme Park,5,Good place for enjoy,2026-08
Genting SkyWorlds Theme Park,5,cold weather. very enjoyable,2026-08
Genting SkyWorlds Theme Park,5,One of the best places to be once you are in KL,2026-08
Genting SkyWorlds Theme Park,4,مكان رائع بس للاسف الاولاد ماقدروا يلعبوا فى الألعاب الخارجية بسبب الأمطار الكثيفة,2026-08
Genting SkyWorlds Theme Park,1,"Ticket for foreigners(3 times the citizen prize)not worth the money.
Waiting lines and additional cost for lockers before entering a ride",2026-08
Genting SkyWorlds Theme Park,4,مكان جميل,2026-08
Genting SkyWorlds Theme Park,5,"أكتر من رائع
أنصح بتجربته
ولكن إذا تستطيع اللعب بالألعاب الخارجيه OutDoor اشتري التذاكر أون لاين لأنه أرخص
وإذا عندك أولاد الألعاب الداخليه أفضل لهم.
اشتري كل شي أون لاين أرخص ويوجد خصم ١٠ رم ونزل تطبيق genting sky world لكي يتم ربط الخصومات وحجز الألعاب والدخول بدون أن تأخد الطابور.",2026-08
Genting SkyWorlds Theme Park,4,"I had fun here, though I’m not the type to enjoy thrilling rides. The service was good — lockers were available, the toilets were clean, and there was a nice variety of food. Unfortunately, my experience was disrupted when another customer cut in line while I was buying food.",2026-08
Genting SkyWorlds Theme Park,5,لا يحتاج أي تعليق ممتاز,2026-08
Genting SkyWorlds Theme Park,5,"Fun for family, couples & even elderly...",2026-07
Genting SkyWorlds Theme Park,5,روعه look like dinsey land,2026-07
Genting SkyWorlds Theme Park,3,"Banyak ride utama atau menarik masih tidak buka.
Ride roller coaster di ice age , kekdg break down.",2026-07
Genting SkyWorlds Theme Park,5,Wow place special with nice weather,2026-07
Genting SkyWorlds Theme Park,3,Not  happy..the  entry  tickets are  very  expensive. Most  of  the  attractions  n  games  were  either  closed or  not  operational..the  adverts  were  misleading..,2026-07
Genting SkyWorlds Theme Park,3,"الصعود بالتلفريك جميل
عندما وصلنا اغلب الالعاب تعمل ببطى لهذا لم نستطيع اللعب بشكل كامل
بشكل عام جيده",2026-07
Genting SkyWorlds Theme Park,5,Awesome place. We went vai cable car ride. Beautiful view. The skyworlds is divided in 2 sections wet and dry. Both are mind-blowing. We took many rides and all were great experience. Booking by mobile app makes it more easy for planning which ride to take next.,2026-07
Genting SkyWorlds Theme Park,5,Awesome place awesome weather mind blowing experience.must visit place in Kuala Lumpur if you are visiting,2026-07
Genting SkyWorlds Theme Park,5,Must visit place,2026-07
Genting SkyWorlds Theme Park,4,环境很好,2026-07
Genting SkyWorlds Theme Park,5,"Genting SkyWorlds was one of the highlights of our family trip to Malaysia. The park is beautifully designed, with every themed zone feeling unique and immersive. The cool mountain weather makes it much more comfortable than visiting a typical outdoor theme park.

We visited with two young children, and there was a great mix of family rides, thrill rides, and attractions for all ages. The Independence Day ride was especially outstanding. The park was clean, well-maintained, and the staff were friendly and helpful throughout the day.

The Genting SkyWorlds app was very useful for checking queue times and planning our next ride, which helped us make the most of our visit. We also loved how the park is connected to restaurants, shopping, and the cable car, making it easy to spend a full day in the area.

A tip for future visitors. Arrive early, wear comfortable shoes, and be prepared for some waiting on the most popular attractions during busy periods. Despite that, the overall experience was fantastic and well worth it. It started raining but we went with umbrella so it was quite enjoyable.

If you're visiting Kuala Lumpur or Genting Highlands with family, this is a destination you shouldn't miss. We made some wonderful memories here and would happily return on our next trip.",2026-07
Genting SkyWorlds Theme Park,5,"Ive been indoor and outdoor, those are so pycially active and need more ride and enjoy outdoor ambients, enbiromental, plwase choose outdoor.

I buy tix using klook apps, i got rm88 per person if ypu walkin u will have to 168 plus plus, all the ride are amazing, however eventho i came early 10am still cant finish all the ride because the line que are too long and time taking also longer then i expected, for certain game.",2026-07
Genting SkyWorlds Theme Park,3,Es waren nicht alles Fahrheschäfte geöffnet,2026-07
Genting SkyWorlds Theme Park,5,So much fun at skyworlds theme park,2026-07
Genting SkyWorlds Theme Park,5,"It’s not a huge park, but it is packed with fun rides, and the virtual queue system works really well. If you download the app, you get three reservation slots that allow you to queue for popular rides in advance. We especially loved the Ice Age rollercoaster; the natural fog added such a cool, immersive element to the ride!",2026-07
Genting SkyWorlds Theme Park,5,Amazing experience,2026-07
Genting SkyWorlds Theme Park,5,Super!,2026-07
Genting SkyWorlds Theme Park,5,Expensive,2026-07
Genting SkyWorlds Theme Park,3,"It's really nice, yet half of the games were closed and we payed almost 50$ per person for 4 to 6 games to play.",2026-07
Genting SkyWorlds Theme Park,5,"العاب رائعة تناسب الكبار والصغار .
الأفضل شراء تذاكر من النت لتفادي الزحام وكذلك تكون ارخص من الكاشير",2026-07
Genting SkyWorlds Theme Park,3,"Quite nice, but theres not many rides that are the sweet spot like not top harsh not too boring. Its either extreme or pleb.",2026-07
Genting SkyWorlds Theme Park,5,زياره تفيد بس الاحلى للاطفال والعوائل,2026-07
Genting SkyWorlds Theme Park,5,Service terbaik by En Rahim… murah dengan senyuman👍🏼👍🏼👍🏼👍🏼👍🏼👍🏼,2026-07
Genting SkyWorlds Theme Park,5,مكان رائع لقضاء يوم كامل,2026-07
Genting SkyWorlds Theme Park,5,"Genting Highlands is a premier hill resort destination in Pahang, Malaysia, sitting at 1,800 meters elevation. Located about an hour northeast of Kuala Lumpur, it features the massive Resorts World Genting, which houses a casino, theme parks, and malls. Temperatures range from a cool 15 to 25°C year-round.",2026-07
Genting SkyWorlds Theme Park,4,Top choice for family short vacation，my kids love it. Have to buy the ticket 1 day earlier to avoid double price,2026-07
Genting SkyWorlds Theme Park,1,Lots of facilities unavailable. At least 5 of them. Bad value for bucks.,2026-07
Genting SkyWorlds Theme Park,5,تجربة التلفزيك ( اخذنا لاين B / يكون زي ال vip والتلفزيك يكون كله زحاجي وبدون سرا ولاين طويل ( شعور جمييل ) // والملاهي جميلة والمول والمطاعم والمكان بشكل عام جميل جداً ( بس اذا مادخلت بحجز vip للملاهي انننسى انك تقدر تلعب ) اللاين طويل جداً وزحممة وكتتتتمة مستحيل احد يستانس / اخذنا تذاكر vip الشخص ب ٤٥٠ رينجت تقريباً ودخلونا لاونج ولنا خدمة خاصة وبعدين طلعنا قروب ٧ اشخاص فقط ومعانا مرافقة طيلة فترة اللعب ولعبتنا ٨ العاب كلها حلوه  بدووون لاين وزحمة وبعدها وجبة غدا وايسكريم في مطعم اعطيه ٤ من عشرة / وبعدها نزلنا تسوقنا وبشكل عام هي اجمل يوم في ماليزياااا ( لابد منه ),2026-07
Genting SkyWorlds Theme Park,2,Banyak tutup. Sian anak nak main tak dapat. Safety kurang.,2026-07
Genting SkyWorlds Theme Park,5,Have fun,2026-07
Genting SkyWorlds Theme Park,5,"Fun, less busy on weekdays, some new attractions",2026-07
Genting SkyWorlds Theme Park,5,Just go there were Malaysia students aren’t at school holidays.,2026-07
Genting SkyWorlds Theme Park,3,"One time experience only. You gonna have to rent a locker unless you absolutely bring nothing inside or someone not riding it with you. Samba glider didn't allowed you to bring anything. Like 3 or 4 rides weren't working when we were there, when there were already not so many rides to begin with.",2026-07
Genting SkyWorlds Theme Park,4,The parking system needs something to be done!,2026-07
Genting SkyWorlds Theme Park,5,كان افضل وجهات لمليزيا,2026-07
Genting SkyWorlds Theme Park,5,Best,2026-07
Genting SkyWorlds Theme Park,5,Nice place to stay 🤩🤩🤩,2026-07
Genting SkyWorlds Theme Park,5,"Amazing theme park located at the very top. Please arrive early around 10 am as the ride wait time can go upto 90 mins. Also, bring a jacket or jumper as the temperature may fall to around 19•C",2026-07
Genting SkyWorlds Theme Park,5,"From the initial cable car, to the ease of getting tickets into the theme park, to the awesome rides - our kids had an absolute blast. Perfect for 7 - 11 year olds as the rides were set at the right level for them. A wonderful day trip from KL. We visited onna weekday, outside of local school holidays, so the park wasnt busy, which meant it was fairly easy to get onto rides. The mall next door felt like a tourist trap, so we headed back to KL for dinner that evening.",2026-07
Genting SkyWorlds Theme Park,4,مرتفعات جنتنج تتميز بأجوائها الباردة والالعاب والمول الكبير بس الاسعار جدآ مرتفعه لغير الماليزيين ويمكنك الذهاب للمول بدلا من الالعاب,2026-07
Genting SkyWorlds Theme Park,5,"Such a beautiful amusement park!! Amidst clouds. Super fun rides! It was worth every penny spent... both us adults and my kid loved it. I wish it was completed with the bike section n all.... but u need entire day to cover all zones as waiting time is high, and then there are VIP passes who can skip the Qs. So reach at 10 when park opens. Also download their app and you can skip Qs for upto 3 rides",2026-06
Genting SkyWorlds Theme Park,5,It's really very great experience. If you want to explore all things then must go early morning or at least stay there for 1 or 2 days. I just love this.,2026-06
Genting SkyWorlds Theme Park,5,Fine with kids and adults to spent a day there with all the rides. Queuing can be an issue if you have finished up your booking slot. Some rides can up to 40 minutes of queuing time.,2026-06
Genting SkyWorlds Theme Park,5,"The last time I came here was about 23 years ago and alot changed. It was public holiday in Malaysia and unfortunately we arrived late in the morning. I couldn't purchase tickets from their app so had to queue to buy tickets. The wait was only few minutes. The theme park was awesome, like a mini Disneyland! Just come, enjoy and have fun.",2026-06
Genting SkyWorlds Theme Park,2,"For someone who hates queue, this is the worst experience.
-Queue can last up to two hours PER RIDE (depends on the ride)
-While waiting, one of the ride broke down, just wasted my 1.5 hours just for waiting
-Not time worthwhile, as queing time is longer than the game itself.

Can't say much about the ride, 'cause I  don't have enough time for it.",2026-06
Genting SkyWorlds Theme Park,5,We got the VIP experience and it includes a guided tour by Syakair and we were made to feel comfortable to go on the rides at our own pace even though we were late. The package includes lunch and the use of lounge with drinks. Overall a very pleasant experience and the rides were amazing!! I love the ESD!,2026-06
Genting SkyWorlds Theme Park,2,"Terraform tower broke two times whilst we attempted to visit, as well as the ice age expedition once. It seems the terraform tower in the first case took 40 mins to be fixed but there is no notification and you must visit each time to see. In all cases we were not given an expected time that it would be fixed. No refund, please be careful and not waste your time.",2026-06
Genting SkyWorlds Theme Park,5,bestrttttt,2026-06
Genting SkyWorlds Theme Park,5,We got here on a long weekend + public holiday + school holiday. Surprisingly we didnt have to wait long for rides. The longest duration we had to wait was only 20 minutes. So our family got to play some rides for more than 2x. The indoor rides were mostly very mild and some were exremely slow 😂 but there were also thrill rides that my kids get to enjoy (aged 9-14). We got free access to Night At The Museum 3D ride and got to play that for 4x (no queue at all). Spent 8 hours there including lunch and prayers (there was a surau located coveniently near the park.,2026-06
Genting SkyWorlds Theme Park,5,VIP service all the way . Much appreciated for the tour guide Sykhir for the experience and guide throughout the day.,2026-06
Genting SkyWorlds Theme Park,5,sooo good!!,2026-06
Genting SkyWorlds Theme Park,5,Skyway view,2026-06
Genting SkyWorlds Theme Park,5,Very fun ngl,2026-06
Genting SkyWorlds Theme Park,5,Very nice theme park with thrilling rides for adults and fun rides for kids. The unlimited pass entrance process has been enhanced with the removal of the fingerprint scanning.,2026-06
Genting SkyWorlds Theme Park,5,priscillia is very welcoming and friendly. thank you for your service,2026-06
Genting SkyWorlds Theme Park,3,"Genting Skyworlds Theme Park is a theme park that has a lot of potential but currently does not deliver enough to justify what visitors are paying, especially international ones. The park looks impressive on the surface with well themed areas and some genuinely good attractions that show what this place could be at its best.

The biggest frustration is that a significant number of rides and attractions were either closed or under maintenance during our visit. When you pay full price for a theme park ticket you expect to have access to the full experience. Walking around and constantly seeing barriers, closed signs, and out of service notices is incredibly disappointing. It feels like you are paying for a complete theme park but only getting access to half of one. There is no discount or acknowledgment that a substantial portion of what you are paying for is simply not available.

The pricing structure adds another layer of frustration. International visitors pay significantly more than local residents for the exact same experience. Dual pricing is something you encounter in various places across Southeast Asia and opinions on it differ, but when you are already paying a premium as a foreigner and then discover that half the rides are not even operational, the value proposition completely falls apart. You are essentially paying more than locals for less than the full experience, and that combination feels genuinely unfair.

If the park were fully operational with all rides running and the experience matched the price tag, the higher entry fee for foreigners might be easier to accept. But charging a premium while delivering an incomplete product is a tough sell that leaves a bitter taste.

Three stars because the park has clear potential and the attractions that are open are decent. But until they get all rides consistently operational and address the gap between what visitors pay and what they actually receive, this park is not delivering the value it should. Fix the availability, and reconsider the pricing disparity, and Genting Skyworlds could be a genuinely great theme park.",2026-06
Genting SkyWorlds Theme Park,4,"The theme park is really nice but a lot of rides were closed or under maintainance when I went. Some attractions like planet of the apes and INDEPENDENCE DAY were exceptionally amazing. Overall the park is a full fun day activity. But for sure, they have less food options and they do not accept Cash.",2026-06
Genting SkyWorlds Theme Park,5,Nice place to bring child to play..,2026-06
Genting SkyWorlds Theme Park,5,Wonderful experience.. Something to not be forgotten,2026-06
Genting SkyWorlds Theme Park,4,"Genting Highlands ne dil jeet liya ❤️. Badalon ke beech khoobsurat nazare, thandi hawa, cable car ka mazedar safar aur yaadgaar moments. Malaysia trip ki sabse best jagah yahi lagi. 🌄✨
Genting Highlands lagbhag 1,800 meter (karib 6,000 feet) ki unchai par sthit hai aur apne cool weather, mountain views, cable cars aur entertainment ke liye mashhoor hai...",2026-06
Genting SkyWorlds Theme Park,5,"It was a super experience. Our tour guide ERIan was outstanding , polite.",2026-06
Genting SkyWorlds Theme Park,5,"Genting SkyWorlds was one of the highlights of our trip to Malaysia. The park is beautifully designed, with immersive themed zones that make you feel like you've stepped into different worlds.

The rides offer a great mix of thrills, family-friendly fun, and interactive experiences, so there's something for everyone.
Went on a public holiday and was impressed by how efficient everything was. Did not wait too long for the rides, despite how busy it was.
We were also impressed by how clean and well-maintained everything was, and the staff were friendly and helpful throughout our visit.

Photo+ is a bit expensive but definitely worth paying for. Great way to capture the day 🫰🏽

From exciting roller coasters to detailed themed areas and entertainment, the park delivered a memorable experience from start to finish.
Definitely worth visiting!",2026-06
Genting SkyWorlds Theme Park,1,"Too crowded, casinos are also not very inviting",2026-06
Genting SkyWorlds Theme Park,5,Nak pu lagi. Best,2026-06
Genting SkyWorlds Theme Park,5,"It’s been a while since I had so much fun & I had the time of my life earlier today at the Genting SkyWorlds Theme Park. It was quite foggy at times, but it’s only because it’s so cold! So, my family and I barely felt tired from going on lots of rides. Moreover, I totally loved the architecture of every single building & attraction there. Somehow, it felt like I wasn’t even in Malaysia anymore haha 😅😅. Not to mention, the SkyWorlds app is sooo convenient. It has a virtual map of the theme park so it’s easier to navigate attractions & it has this system where people can book/reserve their spots way before going on the ride itself. P.s. it also has a special roadway to enter the attraction itself for those that reserved way before going in the ride so you can actually save lots of time rather than having to queue for a long time 😆😆. In conclusion, my experience was a solid 10/10 here, would definitely visit here again some time in the future. Thank you Genting SkyWorlds for the amazing experience.",2026-06
Genting SkyWorlds Theme Park,5,"來玩就知道了
這邊來吧，馬來西亞不來這邊就可惜了",2026-06
Genting SkyWorlds Theme Park,5,Azwa good service.,2026-06
Genting SkyWorlds Theme Park,5,Azwa is very good service,2026-06
Genting SkyWorlds Theme Park,3,"It was not a good experience for me during the Eid holiday.  The waiting line is too long and the 3 virtual line booking are not enough, and it was hard to understand the GROUP method also to book for our group.. no one has explained that!

The variety of the games for the different ages are not good.. and the thrill games are not much or that wow.

Most of the stuff aren't friendly 🥲
And this is found actually everywhere in Malaysia... Not sure why!",2026-06
Genting SkyWorlds Theme Park,5,Kak nurin sgt baik dan layan kitorang dengan baik..,2026-06
Genting SkyWorlds Theme Park,5,It was a very fun experience lead by Ellya,2026-06
Genting SkyWorlds Theme Park,5,"Ms Nurin(VIP Guide) is the best we could ever had! our first meet was for VIP 2025 and she’s very understanding , accommodating , kind and so many more that we could ever describe. We have a special need son and the trip was very seamless and happy for us. Lucky for us, we managed to get her again for our vip trip this year 2026 and like always extravagant service from her! definitely will repeat again!! kudos to genting and Ms Nurin♥️",2026-06
Genting SkyWorlds Theme Park,5,Semoga azwa jadi manager service terbaik dan tourguide paling best kami pernah ada kerana dapat memenuhi masa dengan pelbagai aktiviti,2026-06
Genting SkyWorlds Theme Park,5,"لكي تقضي يوم كامل جميل في مرتفعات جنتنج الذهاب وسط الاسبوع
الذهاب الى kl sentral اشتري تذاكر صعود الباص والتلفريك ذهاب وعودة ...واتمنى لك رحلة سعيدة",2026-06
Genting SkyWorlds Theme Park,1,"Please dont come here. Not worth your money at all. trying to contact management thru email & whatsapp but no reply. Fyi, i am waiting 3hr line to play 1 game. What a stupid management from Genting Skyworld",2026-06
Genting SkyWorlds Theme Park,4,"Going for a day trip on May 31, 2026.

Honestly my kids were disappointed because our 3 VQ reservations wasn't smooth at all.
We started at 10 AM - 6PM but only got 5 attractions due to we start our day without VQ, and all the VQ we put it around 3.40 - 5.40 PM was stucked!
4 attractions around 10 AM - 3.40 PM without VQ was using a regular line, but it became worst when we started using VQ line on the Ice Age Thin Ice because the queue at that moment was crazy. Even the staff informed us to use the regular line because the VQ line was longer than the regular line. But after almost 1 hour we didn't make it because the line was stucked. And then we decided to get out of the stucked line and move to the next attractions.
At the Invasion of the Planet of the Apes, it looks smoother so we going inside to queue but after almost 45 minutes waiting the staff informed that the attractions was error and got stucked again without direction what to do.
After along waiting without direction from the staff, we decide to move to our last VQ, but only my kids going to queue to Samba gliders and totally they finished on around 6PM.",2026-06
Genting SkyWorlds Theme Park,5,Loved the outdoor theme park! They've got a wide variety of fun rides to experience; definitely worth the money and I enjoyed it so much!,2026-06
Genting SkyWorlds Theme Park,2,"Most of the rides are amazing. The experience was worth it . Only that not all but A LOT of the staff are sooo impatient and unprofessional. Especially the ones in charge of the independence day.  During the safety reminders , they're joking around with the other staff laughing and laughing obnoxiously about nonsense stuff through the mic. You're not funny missy. You're annoying. And your condescending tone delivery about safety is so unprofessional. Leave your pick-me behavior at home , this is your workplace , so BE PROFESSIONAL !!!
However , we met with best nicest staff at the Epic Hummingbird Flyers ride . He was smiling at all times with the best gentle talking voice. He even offered to help us take our pictures. This is good quality staff. Unlike the Epic Boat Ride staff which were so harsh for no absolute reason.. we were queuing patiently waiting for our turn and these women yelling ""stay in line"" when we were in fact already staying in line . 🙄
Honestly, I unapologetically think these people need more training.",2026-06
Genting SkyWorlds Theme Park,5,"best experience of my life, had a lovely guide on my vip trip. The best
The name of the guide is Priscilla",2026-06
Genting SkyWorlds Theme Park,5,"Highly recommended the vip tour because the experience was very good its a vip truly  , our tour guy name saykir he's very good and kind guy thank you alot",2026-06
Genting SkyWorlds Theme Park,5,VIP Ticket is worth the price,2026-06
Genting SkyWorlds Theme Park,5,"The theme park is not expensive and offers great value for money. There are plenty of rides and attractions to enjoy, making it a fun day out for all ages. I would recommend bringing a raincoat, as the weather can change quickly. The Ice Age roller coaster was especially fun and definitely a highlight of the visit. Overall, a great theme park experience with lots to do and enjoy.",2026-06
Genting SkyWorlds Theme Park,3,مدينة العاب غنية عن التعريف وتستاهل الزيارة والمكوث يومين في جنتنق للاستمتاع بالضباب والامطار والجو البارد اغلب اوقات السنه,2026-06
Genting SkyWorlds Theme Park,1,X banyak permainan untuk kanak (bawah 5 tahun) enjoy,2026-06
Genting SkyWorlds Theme Park,5,"Livaashini was so professional and kind, patient with the kids
We made a great experience with her and had so much fun",2026-06
Genting SkyWorlds Theme Park,5,Livaashini very good for vip for good experience,2026-06
Genting SkyWorlds Theme Park,5,"Livaashini
She was so cute and sweet doing the best for us thank you",2026-06
Genting SkyWorlds Theme Park,5,"Thankyou so much Liva for ur vip experience today, it’s very enjoyed🥰",2026-06
Genting SkyWorlds Theme Park,5,Amazing,2026-06
Genting SkyWorlds Theme Park,5,"A big thank you to our Genting guide dear yusri for making our day full of fun, excitement, and unforgettable memories. Your guidance helped us enjoy every ride to the fullest!""""From thrilling rides to wonderful experiences, everything became easier and more enjoyable because of your support. Thank you for being such an amazing guide.""

Regards ,
Ankit
Kiran
Ankur
Shewta",2026-06
Genting SkyWorlds Theme Park,4,"This particular item is exceptionally well-suited for young learners. Its design prioritizes engagement and ease of use for children. Many find it to be a delightful and beneficial tool for their development. It fosters a positive learning environment, encouraging exploration and curiosity. The interactions it offers are both educational and enjoyable for kids. Parents and educators often commend its suitability for this age group. It truly stands out as a valuable resource for childhood growth. This item is highly recommended for its benefits to children.
We understand that timely engagement is important for children's enjoyment. We appreciate you sharing your thoughts on the balance between fun activities and the duration of any waiting periods. Your feedback helps us to continuously evaluate and improve our offerings. We are always striving to create the most engaging and accessible experiences for young players. Ensuring that children have ample opportunities to participate and have fun is a key consideration for us. Thank you for bringing this aspect to our attention. We value your input as we work towards an optimal balance.",2026-06
Genting SkyWorlds Theme Park,5,Will repeat again later..,2026-06
Genting SkyWorlds Theme Park,5,Siti duriani is the most kind person that we have encountered in the theme park she has been very helpful and honestly has made the experience all worth it,2026-06
Genting SkyWorlds Theme Park,4,"We went on public holiday 31 May 2026 with kids age 8 and 11.

Highlight:
Try to cover your favourite rides in the morning. If you enter at 10am, go straight to Planet of the Apes, then Epic Voyage to Moonhaven, and then Ice Age: Expedition Thin Ice because the queue is short like 5 minutes. For Independence Day and other popular rides, the queue already become 40 minutes at 10am, so use Virtual Queue instead of normal queue.

Genting SkyWorlds Review:
The entrance opened at 10am. I suggest buying the ticket online one day earlier because the price is half price, and you can also avoid the long queue at the ticket counter.

In my opinion, try your best to enter the park exactly at 10am. Once you enter, go straight to the popular rides like Planet of the Apes, Epic Voyage to Moonhaven, and Ice Age: Expedition Thin Ice. These rides are better to do early because the queue is usually shorter in the morning, and the weather is usually clearer.

We entered smoothly at 10am and straight away rushed to Planet of the Apes because there was no queue. At first, we wanted to go to Independence Day, but the queue was already around 40 minutes, so I used the Virtual Queue instead.

For Independence Day, I really suggest using Virtual Queue and booking it early. When I booked the Independence Day VQ at around 10.20am, the earliest available slot was already only at 2.40pm. So don’t wait too long to book your VQ because the good time slots can finish fast.

After Planet of the Apes, we went to Ice Age: Expedition Thin Ice, and there was also no queue. Then we went to Epic Voyage to Moonhaven. The queue was not too long, but suddenly the staff announced that the ride was temporarily closed or technical issue because it was foggy and light rain. So we went to Buck Cafe, they have lot of food variety here and delicious also.

Lesson learned: when Genting gets foggy or light rain, some rides like Epic Voyage to Moonhaven and Ice Age may close until around 3pm. So it is better to finish these rides early from 10am to 12pm, because after 12pm Genting usually becomes foggy and has light rain until about 3pm.

Since Epic Voyage was closed, we went to Bigweld’s Zeppelin and used our Virtual Queue. However, the queue was still quite long, around 20 minutes. I noticed the queue became long because they did not fully use the ride capacity. For example, there were around 5 pods with 4 seats each, which means about 20 seats total, but from what I saw, they only allowed around 10 seats, maybe about 50% capacity. This caused the queue to move slower.

After that ride, we reached Independence Day about 10 minutes early for our VQ slot at 2.40pm. But even with VQ, the queue was still long, and we waited around 40 minutes. I also noticed that the Independence Day ride seemed to use only around 50% capacity too.

The last ride is Boot Camp Training. My kids love it so much. For this ride, I set VQ at 4pm and I noticed they only allowed VQ to queue and normal queue is not allowed.

In my opinion, the waiting time could be improved if the rides used more capacity, maybe around 80%, especially during busy hours. This should help reduce the queue and make the experience better for visitors.

Overall, come early, buy tickets online before going, and use the Virtual Queue wisely. My suggested plan is: enter at 10am, go straight to Planet of the Apes, Epic Voyage, and Ice Age, then use VQ for Independence Day and other popular rides. This will make your trip easier and less stressful, especially if you come with family or kids.

Others info:
I realized , Night At Museum ride no longer available.",2026-06
Genting SkyWorlds Theme Park,5,"很好玩,买了年票，下次再来，很刺激，很久没感受那么刺激了",2026-06
Genting SkyWorlds Theme Park,5,"Tempat OK,lagi seronok dengan family",2026-06
Genting SkyWorlds Theme Park,3,On many of the rides looks like it is in need of maintenance. The place has been open for a while and now it need it's repairs. A bit Concerning.,2026-06
Genting SkyWorlds Theme Park,5,"Wonderful experience at the park and our trip was made even better by VIP customer service officer Nurin who was very friendly, knowledgeable and helpful. Thanks again!",2026-06
Genting SkyWorlds Theme Park,5,"Buying VIP tickets is the best decision ever. Our tourist guide/concierge, Livaa was very patient, friendly and warm. Had a very pleasant experience here, definitely will repeat!",2026-06
Genting SkyWorlds Theme Park,5,"Livaa shini is the BEST Tour guide ever , if we ever go somewhere and she doesn’t know she will find us and she will wait for us . She is very sweet and kind",2026-06
Genting SkyWorlds Theme Park,5,Ms. Priya So Nice & Very Very Very Good 👍🏻👍🏻👍🏻🫶🏻🫶🏻,2026-06
Genting SkyWorlds Theme Park,5,marvellous unforgettable moments in my life..,2026-06
Genting SkyWorlds Theme Park,5,Amazing time. I just don’t know why the vendors and janitors look really sad also the time though :(,2026-06
Genting SkyWorlds Theme Park,5,"A huge thank you to SYAKIR for the outstanding service today. He was incredibly friendly, professional, and always made sure we were having a great time, checking on us after every ride and asking for our feedback. His kindness, positive attitude, and dedication to guest satisfaction made our VIP experience at Genting Highlands truly unforgettable.💯💯❣️",2026-06
Genting SkyWorlds Theme Park,5,Very fun abang Syakir so nice and chill would recommend he is very fun and make jokes very funny 10/10 5 star⭐️⭐️⭐️⭐️⭐️,2026-06
Genting SkyWorlds Theme Park,5,"Sure is the best VIP Experience for us a family with ADHD kids, Erin the tour guide is veru helpful and make the most memorable family experiences",2026-06
Genting SkyWorlds Theme Park,5,VIP的体验超级棒！下次来还会再体验的！带领我们的导员Azwa小姐姐也很友善！整个体验都很满意👍,2026-06
Genting SkyWorlds Theme Park,5,"Ms.Azwa is very good service!
We enjoy it!!!",2026-06
Genting SkyWorlds Theme Park,5,Booked VIP experience and honestly it is worth... Fantastic service from Hernie & Yee... they remembered their customer names and very friendly...well done to the both of them,2026-06
Genting SkyWorlds Theme Park,1,"So many technical issues, queue twice, to end up having technical issues. Some rides close early, they knew they about to close the ride, but still let people in. We were cramped inside the planet of the apes, and terraform ride, only for it to have technical issues, only let vip in. after vip got inside,suddenly all the ride got technical issues. should have cater specific ammount of visitor if you cut down so many ride with limited time. worst experienced. may all who responsible for all this technical issues, got stomache ache and cannot poop for a year. i swear by god name im so pissed. this isnt about long queue, its about TECHNICAL ISSUE. for some reason, the technical issue feels like it was planned. LIKE EVERY RIDE GOT TECHNICAL ISSUES.",2026-06
Genting SkyWorlds Theme Park,4,المكان جدا رائع فوق السحاب أجواء جميله وغيوم المرافق جميله ويوجد مطاعم لا بأس بها يعيبه وهذا ممكن بسبب ايام الأعياد الزحمه الخانقه والانتظار الطويل بين كل لعبه ولعب و الوقت جدا قصير من وقت التشغيل الى وقت الاعلاق ونص الألعاب كانت مغلقه بسبب الصيانه او تغلق اثناء اللعب والانتظار مع اني حضرت في وقت مبكر الساعه ١١ والملاهي تفتح الساعه ١٠ صباحا الا اني لم اقدر لعب الا ٣ العاب فاقترح في وقت العطل والأعياد زيادة وقت التشغيل الى الساعه ٩ مساء مثلا حنى يستطيع الزوار اكتشاف جميع الانشطه بشكل مريح بدون الحاجه لسباق الوقت حتى تنقطع انفاسك ولا يوجد وقت للراحه او الحصول على وجبه وايضا جعل التذكره مفعله يومين او ثلاثه ايام حتى لو ارتفع سعر التذكرة كما هو الحاصل في ديزني لاند ومدن الألعاب الكبيره,2026-06
Genting SkyWorlds Theme Park,5,جميله جدا والجو بارد ولطيف وغيوم اجواء خيال يعكس طبع المكان,2026-05
Genting SkyWorlds Theme Park,5,Nurin was a great guide 💯,2026-05
Genting SkyWorlds Theme Park,5,Guide Nurin was awesome.,2026-05
Genting SkyWorlds Theme Park,5,"Ellya was an exceptionally pleasant and professional staff member. She was sweet, cheerful, responsible, and demonstrated outstanding customer service.

We accidentally left our handphone behind and only realized it later. Ellya not only safeguarded it for us, but also went the extra mile by returning to the ticket lounge to retrieve our contact number and personally called us. Her initiative and dedication were truly commendable.

In addition, she patiently waited for us while we placed our meal order and was helpful throughout our visit.

It is increasingly rare to find staff who show such genuine care and commitment to customers. I would like to strongly commend Ellya for her excellent service and kindness. She is a valuable asset to the company and deserves recognition and reward for her outstanding efforts.

Thank you for having such a wonderful team member

Regards,

Jessica",2026-05
Genting SkyWorlds Theme Park,5,"Highly recommended for families. The rides were amazing and thanks to VIP access and Nurin, we were able to enjoy all the rides in 2.5 hours.",2026-05
Genting SkyWorlds Theme Park,5,"Here’s a polished review you can use:

We had an absolutely wonderful experience at Genting SkyWorlds, thanks to Ellya and the VIP Service team.

From the moment we arrived, Ellya made our day truly special. She was exceptionally patient, kind, professional, and attentive throughout the entire experience. Her excellent command of English made communication effortless, and she explained every detail clearly and thoroughly, ensuring that we felt comfortable and well-informed at all times.

What impressed us most was her warm personality and genuine dedication to providing outstanding service. She went above and beyond to make sure our family enjoyed every moment, helping us navigate the park efficiently and maximizing our time on the attractions. Her knowledge of the park, attention to detail, and thoughtful recommendations made our visit smooth, enjoyable, and stress-free.

Ellya consistently demonstrated professionalism, courtesy, and a positive attitude. No request was too much trouble, and she always assisted us with a smile. Her passion for customer service truly shines through in everything she does.

We are incredibly grateful for her exceptional hospitality and would highly recommend the VIP Service experience to anyone visiting Genting SkyWorlds. Ellya is a true asset to the team, and she played a huge part in making our visit memorable and unforgettable.

Thank you, Ellya, for creating such a fantastic experience for us. We look forward to returning and hope to see you again on our next visit!",2026-05
Genting SkyWorlds Theme Park,5,The Ambassador Amysha provided excellent service to my family in our VIP trip on 31/5/2026. She was always smiling and pleasant throughout the time. She demonstrated the highest standard of customer service. Thank you Amysha.,2026-05
Genting SkyWorlds Theme Park,5,"Absolutely! Here’s a warm, well-rounded comment you can use or adapt to your experience at Genting SkyWorlds Theme Park, with special thanks to Miss Erin:

We had an unforgettable day at Genting SkyWorlds Theme Park, and our experience was made extraordinary by the friendly and attentive guidance of Miss Erin. From the moment we arrived, Erin’s enthusiasm and thoughtful planning helped us maximize every moment. She patiently explained the park layout, recommended must-try rides, and offered tips to minimize wait times without sacrificing fun. Her passion for guest service truly shined through as she checked in on our comfort, helped tailor our day to our interests, and even shared insider tips about the best spots for photos and snacks.

Highlights of the visit include:
Seamless navigation and excellent crowd management tips that kept our day smooth and stress-free.
Erin’s insightful ride suggestions, which let us experience a perfect mix of adrenaline-pumping attractions and immersive shows.
Thoughtful recommendations for dining options, including timing to avoid peak hours and spots with great views.
A warm, welcoming atmosphere that made our family/our group feel cared for and valued.

Genting SkyWorlds impressed us with its imaginative themes, immersive experiences, and clean, well-maintained surroundings. Erin’s exceptional service added a personal touch that elevated the entire day. Highly recommend asking for her kindness and expertise on your next visit—she’s a true asset to the park team. We’re already looking forward to returning!",2026-05
Genting SkyWorlds Theme Park,5,Excellent VIP experience in Genting Skyworld theme park. Awesome to complete theme park in short time. Were able to complete all ride in 3 hours. Good personalized service by Ellya.,2026-05
Genting SkyWorlds Theme Park,1,"You can hardly play, either too many people or technical issue. Total waste of money and life.",2026-05
Genting SkyWorlds Theme Park,5,"Jumpa Aimie masa nak buat reservation Global Defender. Dia sangat helpful, friendly dan explain semua dengan jelas. Terima kasih banyak!"" 😊",2026-05
Genting SkyWorlds Theme Park,4,"土曜日の朝一から行きました。10時より少し前に入れたので早めに行くのがおすすめです。
午前中なら長くても待ち時間は30分程度ですが、時間が経つにつれて待ち時間が伸び、70分を越えてくるものも出てきます。
インデペンデンス デイが飛び抜けて面白く、2回目は予約しましたが、予約しても結局1時間くらい待ちました。",2026-05
Genting SkyWorlds Theme Park,1,"The worst ever experience on the sky world, i bought a full day ticket and couldn’t use any of it the park was super busy and the queue for one game took over 3 hours, i never felt being rubbed that bad, thank you for nothing",2026-05
Genting SkyWorlds Theme Park,5,"Priscilla is a Wonderful Person, she helped us in VIP Tour so efficiently. 5 STARS to her.",2026-05
Genting SkyWorlds Theme Park,5,priscilla was our host and she was really friendly and we were able to complete all the rides within the given period 🙏🏼,2026-05
Genting SkyWorlds Theme Park,5,Awesome place to enjoy and have fun with family.,2026-05
Genting SkyWorlds Theme Park,5,Good place and attractions..,2026-05
Genting SkyWorlds Theme Park,5,Very responsive and helpful akak Siti Duriani!,2026-05
Genting SkyWorlds Theme Park,5,"Good service, excellent",2026-05
Genting SkyWorlds Theme Park,4,permainan agak lama masa untuk menunggu.makanan agak terlalu mahal.,2026-05
Genting SkyWorlds Theme Park,5,Staff mwmbantu untuk bermain dalam ni,2026-05
Genting SkyWorlds Theme Park,1,Apps always error. Cant create group bcs of stupid error,2026-05
Genting SkyWorlds Theme Park,2,"NOT ENCOURAGE to go during Public/School holiday. You will end up wasting your time queing and only got to play very few games as waiting time per game almost 1 hour+.

Also they started to apply Virtual Queing (VQ). And it only limits to 3 VQ only. It should be only 3 games that is mandatory for VQ to speed up waiting time. But some games still need to use VQ as their staff asked us to use VQ even it is NOT mandatory. Thus ended up we cannot play some games due to this. And despite applying VQ, waiting time still long and we get tired of standing and the excitement is reducing over the time.

If you want to skip queue, the only way is to pay VIP ticket which cost around RM400+ for Malaysian. I would rather pay that money to go USS Singapore with more exciting games and better time management.

All and all, choose your time to come wisely. And get rich if you want to honor your time and not wasting it unnecessarily.

I WOULD NOT recommend to attend this in near soon until they finds better way to improve what needs to be improved.",2026-05
Genting SkyWorlds Theme Park,5,So beautiful ❤️,2026-05
Petronas Twin Towers,5,Amazing View and very well maintained.,2026-09
Petronas Twin Towers,5,"I've been to the Aquaria in this tower, such a wonderful building in Malaysia.",2026-09
Petronas Twin Towers,5,"Had such a nice experience visiting the Petronas Twin Towers! The towers are honestly even more impressive when you see them in person. The whole place was beautiful, clean and well maintained, and the view was amazing. Definitely worth visiting if you’re in Kuala Lumpur. Had a really good time and would definitely come again ❤❤.",2026-09
Petronas Twin Towers,5,"Bangunan kebanggaan rakyat Malaysia!
Walaupun agak lama tunggu queu nak masuk skybridge tp berbaloi.
Gayat wehhhh
Kalau pergi malam maybe lagi lawa sebab penuh lampu-lampu bercahaya dan berkilauan tp tula nk hadap jem nye,dengan ramai nye org x berape nk sanggup
Overall great experience
Setiap rakyat malaysia patut datang tmpt ni sekali seumur hidup",2026-09
Petronas Twin Towers,5,"very stunning building, LOVE IT!!",2026-09
Petronas Twin Towers,5,"Beautiful place! Very clean, well-maintained, and worth visiting. I really enjoyed the experience and would definitely recommend it to anyone visiting Malaysia🇲🇾",2026-09
Petronas Twin Towers,5,"The Petronas Twin Towers are one of the most iconic places in Malaysia. The view is beautiful, especially at night, and it is a great place to take photos. Definitely worth visiting when you are in Kuala Lumpur!",2026-09
Petronas Twin Towers,5,"Bello e interesante, mucho para comprar, aunque no es barato. El patio de camidas del 2do piso está bastante bien.",2026-09
Petronas Twin Towers,5,好壮观，好特别的两栋建筑，然后中间使用天桥链接起来的“世界第三”和“世界第一” 。外面看起来摩登时尚有许多休闲拍照点，里面商场都是名牌高级专卖物品等，及许多的餐厅。✌👍打卡成功,2026-09
Petronas Twin Towers,5,"The Petronas Twin Towers are a fantastic and stunning landmark located in Kuala Lumpur. The towers look really nice, especially at night when the lights are turned on. The view from the Skybridge and Observation Deck is amazing, and the area around KLCC is also busy and fun to explore. It's a wonderful spot to visit, capture some great photos, and gain insight into Malaysia's architectural style and cultural heritage. I really suggest you visit the Petronas Twin Towers if you're in Kuala Lumpur!",2026-09
Petronas Twin Towers,5,"A must-visit place in Kuala Lumpur. The towers look amazing, especially at night.",2026-09
Petronas Twin Towers,5,Very beautiful ❤️,2026-09
Petronas Twin Towers,5,"The tallest twin tower in the world, the architecture of this tower very strong!",2026-09
Petronas Twin Towers,5,"Une visite incontournable à Kuala Lumpur ! Nous avions réservé pour 18h15 et c’était vraiment le créneau parfait nous avons pu admirer le coucher de soleil depuis les tours c’était magnifique !!
La visite est très bien organisée, avec notamment le passage sur le Skybridge et l’observation de la ville depuis les hauteurs est incroyable",2026-09
Petronas Twin Towers,5,"Finally, after planning it for a few years, I got to visit the Petronas Twin Towers with my kids! ❤️ Such an amazing and beautiful place. The towers look even more impressive in person, especially at night. We really enjoyed the view and taking photos together. A special moment with my kids and definitely a place worth visiting in Kuala Lumpur!",2026-09
Petronas Twin Towers,5,Nice place worth,2026-09
Petronas Twin Towers,5,"The Petronas Twin Towers are an amazing landmark in Kuala Lumpur. The architecture is impressive, and the surrounding area is great for sightseeing and taking photos.",2026-09
Petronas Twin Towers,5,Must Visit if you're visiting Kuala Lumpur. Iconic landmark.,2026-09
Petronas Twin Towers,5,"Such a beautiful place, and even better in person",2026-09
Petronas Twin Towers,5,Absolutely stunning! The iconic towers are even more impressive in person and definitely worth visiting for the amazing views and photos. 🇲🇾🏙️,2026-09
Petronas Twin Towers,5,"Magnificent spectacular skyscraper, I can’t get enough of looking at it. It’s such mesmerizing and beautiful art engineering art this building has.",2026-09
Petronas Twin Towers,5,One of the most beautiful landmarks in Malaysia. The towers look especially stunning at night and the surrounding KLCC area is great for spending time with family and friends.,2026-09
Petronas Twin Towers,5,খুব সুন্দর শহর।,2026-09
Petronas Twin Towers,5,Very nice place,2026-09
Petronas Twin Towers,5,"Breathtaking architectural scale, stunning night illuminations, and seamless organisation of the guided deck tours.",2026-09
Petronas Twin Towers,5,"Such an iconic Kuala Lumpur landmark. The towers look amazing, especially in the evening. The surrounding KLCC area is also nice for walking and taking photos.",2026-09
Petronas Twin Towers,3,"Ничего особенного. Внутри торговый центр. Цены такиетже, как и везде. Очень много народу. Есть указатели, но все равно лабиринт какой-то.",2026-09
Petronas Twin Towers,5,"Absolutely stunning experience! The Petronas Twin Towers are truly a masterpiece and an iconic symbol of Kuala Lumpur. The views from the top are breathtaking, and the entire experience was well organised and memorable. Definitely a must-visit when in Kuala Lumpur!",2026-09
Petronas Twin Towers,5,"It's iconic, go just before dusk to see it in daylight and experience it at night when it's lit up.",2026-09
Petronas Twin Towers,5,"Kalau datang Kuala Lumpur, memang wajib singgah sini! 😍 Twin Towers memang cantik, lagi-lagi waktu malam bila lampu dah menyala. Memang nampak lagi wow! ✨🏙️",2026-09
Petronas Twin Towers,5,Menggunakan perkhidmatan pengangkutan awam seperti LRT Laluan Kelana Jaya (Stesen KLCC) atau MRT Laluan Putrajaya (Stesen Persiaran KLCC) tanpa perlu risau tentang kesesakan lalu lintas atau tempat letak kereta.,2026-09
Petronas Twin Towers,5,"The iconic Twins Tower of Malaysia truly Asia
Very good and magnificent views
With colourful lightning",2026-09
Petronas Twin Towers,5,"“Beautiful place! Very clean, well-maintained, and worth visiting. I really enjoyed the experience and would definitely recommend it to anyone visiting Malaysia.”🇲🇾",2026-09
Petronas Twin Towers,5,"The Petronas Towers (Malay: Menara Berkembar Petronas), also known as the Petronas Twin Towers and colloquially the KLCC Twin Towers, are an interlinked pair of 88-storey supertall skyscrapers in Kuala Lumpur, Malaysia, standing at 451.9 m (1,483 ft). From 1998 to 2004, they were the tallest buildings in the world until they were surpassed by the Taipei 101 skyscraper in Taiwan. The Petronas Towers remain the world's tallest twin skyscrapers, surpassing the original World Trade Center towers in New York City, and were the tallest buildings in Malaysia until 2019, when they were surpassed by The Exchange 106. The Petronas Towers are a major landmark of Kuala Lumpur, along with the nearby Kuala Lumpur Tower and Merdeka 118, and are visible in many places across the city.",2026-09
Petronas Twin Towers,5,"First time visiting the KLCC Twin Towers and I was absolutely amazed! They are huge, gigantic, and even more impressive in person than in photos. 😍

I also visited Suria KLCC Mall and really loved it. The mall has so many shops, a great atmosphere, and it's a wonderful place to walk around after enjoying the Twin Towers. Definitely a memorable first visit!",2026-09
Petronas Twin Towers,4,"It was turned out only a building, but it very massive",2026-09
Petronas Twin Towers,5,stunned 🤩 absolutely beautiful ❤️,2026-09
Petronas Twin Towers,5,this place is wonderful 👍,2026-09
Petronas Twin Towers,5,"Absolutely breathtaking, especially when viewed at night. A must-see when visiting Kuala Lumpur.",2026-09
Petronas Twin Towers,1,Mitarbeiter können nicht ihren Job richtig machen. Dreckige Fenster und schlecht Aussicht im Gegensatz zu anderen kostenlose Türmen. Viel zu hoher Preis für so eine schlechte Sicht. Nicht zu empfehlen. (Hotels haben meist eine bessere Sicht.,2026-09
Petronas Twin Towers,5,Good,2026-09
Petronas Twin Towers,5,"This is my first time to go up in the twin towers, have visited this area many times, if you don't come with tickets you won't be able to get on the spot always take online tickets, this is a ones in life time experience viewing the KL from the top skylines,, having a coffee in Skycafe in 83rd floor was amazing, bought many souvenirs like fridge magnet,, and coins of the tower,,",2026-09
Petronas Twin Towers,5,Good experience to be here. Toilet wise comfortable. Must take photo with background twin towers,2026-09
Petronas Twin Towers,4,"【来訪日時】
2026.8.26　10:15
【チケット購入方法】
Trip.com(公式サイトより安かった)
【アクセス】
KLCC駅からスリヤKLCC内を通り、ちょうど真ん中くらい
まで来たら一度、一階まであがり専用EVで下がる
(難易度高いので迷ったら聞くのが一番!)
【チケット】
エージェント経由で購入した場合でもQRコードが
ついていればそのまま入場可能
【荷物】
大人のデイバックくらいのリュックサックでも受け付け時に
預かりが発生(無料)。
【ツアーの流れ】
展望台へ上がるためのチケットではなく見学ツアーのチケット
なので間違えないようにする。
見どころで、何分と決められて、班ごとに動いていく
①入場券確認場所にて、ステッカーが渡される。ステッカーは
色ごとに分けられており、同じ色の人たちと行動をともに
する。
②セキュリティチェックを通った後、そのままエレベーターで
一気に・・・ではなく、係員の案内に沿って歩いてオフィス
タワーにある専用エレベーターまで向かう。
オフィスタワーの受付前を通るのでお上りさんな感じが
少し恥ずかしい(笑)
③最初は二つのタワーを結ぶブリッジ部分に案内される。
ここで10分間の自由時間。
その後、シールの色で呼び出しがかかるので高層階EVに
乗って最上階に向かう。
④最上階では15分の自由時間。KULの町の模型があり
タブレットを操作すると模型内の対象部分が光るように
なっている。また、日本では100円必要な望遠鏡が
無料で使える。
⑤最上階の見学終了後、階下におりてから下りEVに
乗車するが、この下りEV乗車階については時間が
決まっていない。カフェや、お土産屋もあるので
もう少し、上にいたい方はここでのんびりする
⑥EVでオフィスタワーエントランスまでおりる。その後
係員が敷地外まで案内してくれるので、荷物がない人は
そのまま解散。荷物がある人はまた入場口がある地下まで
降りて、荷物のピックアップ
【総評】
あがる価値はあると思うが自国民と外国人の価格差が
すごく、しかも外国人は高すぎではないか。と感じた。
(大人1名5,000円くらい・・・)
時間的には1時間ちょっとなので、最終日空港に向かう前に
少し時間がある。という場合でも十分楽しめる。",2026-09
Petronas Twin Towers,5,"We had so much fun at Petrosains. It has been quite a while since our last visit, that was when the children were still at primary schools. Today mother and teenage daughter join batches of pre schools, primary school pupils as well as tourists from Indonesia and Britain  and others having lots of fun here. There are more games this time, and the Dinosaurs are roaring louder 😃",2026-09
Petronas Twin Towers,5,"Замечательная локация для посещения. Очень красиво здание подсвечивается ночью. Фотки просто изумительные. Водное шоу начинается в 20:00. Пол зданием имеет огромный ТРЦ, где можно купить всё, что душе угодно. Рекомендую.",2026-09
Petronas Twin Towers,5,Really amazing place need to go when you visit KL.,2026-09
Petronas Twin Towers,5,สวยงามมาก,2026-09
Petronas Twin Towers,5,Einfach fantastisch der Anblick auf diese beeindruckenden Towers. Am Abend super beleuchtet (offensichtlich jeden Tag anders). Über die link bridge von der Pavillon Mall einfach erreichbar.,2026-09
Petronas Twin Towers,4,Schön,2026-09
Petronas Twin Towers,5,"The Petronas Twin Towers and KLCC are among the most impressive attractions in Kuala Lumpur and definitely worth visiting. The iconic twin towers dominate the city skyline and look spectacular from both close up and from the surrounding areas. The architecture is stunning, especially when the towers are illuminated in the evening.

The area around KLCC is clean, modern and well maintained, with plenty of open spaces where visitors can relax, take photographs and enjoy the atmosphere. The KLCC Park is a great place for a leisurely walk, with greenery, fountains and beautiful views of the towers. It is particularly enjoyable in the evening when the area becomes lively and the city lights create a wonderful atmosphere.

Suria KLCC shopping mall is directly connected to the towers and offers a wide selection of international brands, restaurants, cafés and entertainment options. There are also many food and drink choices, making it easy to spend several hours in the area.

For visitors interested in the towers themselves, the observation areas and Skybridge provide an opportunity to see Kuala Lumpur from above. The views are impressive, although tickets can be limited during busy periods, so booking in advance is recommended.

The location is also convenient because KLCC is well connected by public transportation and is easy to reach from other parts of Kuala Lumpur. There are plenty of hotels, restaurants and attractions nearby.

Overall, KLCC and the Petronas Twin Towers offer an excellent combination of architecture, shopping, food, entertainment and outdoor space. Whether visiting during the day or at night, the experience is memorable. It is a must-visit attraction for first-time visitors to Kuala Lumpur and a fantastic place for photography, sightseeing and enjoying the city skyline.",2026-09
Petronas Twin Towers,5,"Beautiful,  even more in person",2026-09
Petronas Twin Towers,5,KL signature. Must visit while travel in KL,2026-09
Petronas Twin Towers,5,Beautiful place,2026-09
Petronas Twin Towers,5,Went here at night and the view was really nice. The towers look so good with the lights on. Quite a lot of people around but still nice to walk around and take some pictures. Definitely worth coming here if you’re in KL.,2026-09
Petronas Twin Towers,5,Great building and decoration.,2026-09
Petronas Twin Towers,5,Perfect to visit,2026-09
Petronas Twin Towers,2,"Underwhelming, honestly. The views cover KL comprehensively, but ""comprehensive"" is doing a lot of work there — nothing about the daytime view is spectacular. You'll get better views, day or night, from surrounding buildings like KL Tower, for less hassle. Service is basic at best, and the ""complimentary drink"" is just water or tea, which feels like a consolation prize rather than a perk. Save your time and go up one of the other towers instead.",2026-09
Petronas Twin Towers,5,"Good place in Kuala Lumpur.
It's so beautiful.",2026-09
Petronas Twin Towers,5,Yg suka shopping disini tempatnya,2026-09
Petronas Twin Towers,4,"View from within the towers are Good BUT the towers themselves are spectacular.  Especially at night and the view from different parts of the city centre are spectacular.  Especially from the new mall. Giving you a unhindered view.
For view buy online.",2026-09
Petronas Twin Towers,5,مكان حلو للعائلة وللجميع,2026-09
Petronas Twin Towers,5,"One of the must visit places in Kuala Lumpur! Memang cantik sangat especially at night when the lights are on. Actually dekat sini ada banyak lagi spot cantik untuk ambil gambar, and the whole area pun nice untuk jalan-jalan. Definitely worth visiting and taking lots of memorable photos! 🤩",2026-09
Petronas Twin Towers,5,訪吉隆坡必拜訪之地,2026-09
Petronas Twin Towers,5,Amazing,2026-09
Petronas Twin Towers,4,"La verdad, me impactaron más que Burj Khalifa
Hipnoticas",2026-09
Petronas Twin Towers,5,"Iconic, magnificent, and absolutely breathtaking! The tallest twin towers in the world — the architecture is so elegant and futuristic. The skybridge view is incredible, and the whole area at night with lights is magical. A symbol of Malaysia’s pride and beauty. You can’t come to KL without seeing these!",2026-09
Petronas Twin Towers,5,"Returning to the Petronas Twin Towers after 12 long years felt like reconnecting with a cherished memory, yet experiencing it entirely anew. Standing beneath these towering architectural giants once again, I was instantly struck by their sheer scale, timeless elegance, and breathtaking modern grandeur.

More than a decade has passed, yet the towers haven't lost a single ounce of their magic. By day, the stainless steel and geometric glass facades gleam brilliantly against the skyline, capturing Malaysia’s soaring ambition with effortless grace. The iconic Skybridge connecting the two towers remains a marvel of engineering, appearing just as sharp, futuristic, and inspiring as it did on my very first visit.

As evening sets in, the transformation is nothing short of mesmerizing. When the lights illuminate the facade against the dark night sky, the towers glow like radiant silver crystals. Walking around the bustling plaza with family, gazing up at the glowing spires, and capturing these moments created a wonderful bridge between the past and present. The vibrant energy around KLCC only enhances the atmosphere, making every angle photo-worthy.

Twelve years later, the Petronas Twin Towers still hold the power to leave you completely spellbound. It is a landmark where heritage meets cutting-edge innovation—proving that true architectural majesty never fades with time. A timeless, five-star icon that remains an absolute must-visit.",2026-09
Petronas Twin Towers,5,Good place to visit,2026-09
Petronas Twin Towers,5,Impressive building. Very nice to enjoy the perfect view,2026-09
Petronas Twin Towers,5,"As a Malaysian, I'm truly amazed with the designated Petronas Twin Towers building and structured plan and always in awe everytime watching it. I'm proud to be one! Lets explore here more 🥰🥰",2026-09
Petronas Twin Towers,3,Arrived at the designated time and still had to wait half an hour to go up. Many people who had arrived after us were allowed up first. The views were good at the top although taking photos was difficult as the glass was dirty.,2026-09
Petronas Twin Towers,5,"Impressive building offering a stunning view from the top. Beneath it, there's a spacious and attractive shopping mall with direct access to the Red Line MTR. The towers are beautifully surrounded by KLCC Park.",2026-09
Petronas Twin Towers,5,"Petronas Twin Towers (Menara Berkembar PETRONAS) are Malaysia’s most iconic landmark, located in Kuala Lumpur City Centre (KLCC).

The towers were officially opened in 1999 and stand at 451.9 metres tall, with 88 floors each. They were designed by Argentine-American architect César Pelli.

For a period, they were the tallest buildings in the world — from 1998 until 2004. Today, they remain the world’s tallest twin towers.

🌉 The famous Skybridge

One of the most interesting parts is the Skybridge, which connects the two towers at Levels 41 and 42, around 170 metres above ground.

Visitors can go up to the Skybridge and continue to the Observation Deck on Level 86 for a spectacular view of Kuala Lumpur.

I’d recommend going late afternoon so you can see KL in daylight, watch the sunset, and then see the towers illuminated at night.

And don’t miss the area around KLCC Park — it’s one of the nicest places to photograph the towers.",2026-09
Petronas Twin Towers,5,Interesting show starting at 9 PM,2026-08
Petronas Twin Towers,5,Late afternoon to enjoy the sunset and the sparkling city lights,2026-08
Petronas Twin Towers,5,Menakjubkan,2026-08
Petronas Twin Towers,5,masterpiece building. Highly recommended place to visit.,2026-08
Petronas Twin Towers,5,It's KLCC for godsake - wife 2026,2026-08
Petronas Twin Towers,5,"I visited the Petronas Twin Towers again on 30 August 2026, and this time the experience felt quite different from my previous visit. The first time I came here was around noon, while on this occasion I visited at about 8 PM.

Seeing Kuala Lumpur after dark from the towers gave me a completely different perspective of the city. From above, I could see illuminated buildings, busy roads, and the surrounding skyline stretching into the distance. The lights across KL made it interesting to spend some time simply looking out from different sides.

The timing also made this visit more memorable, as Malaysia’s National Day celebrations were taking place and I was able to see fireworks during the evening. Watching the bursts of light across the city added something unexpected to the night views.

I also enjoyed seeing the Petronas Twin Towers themselves illuminated after dark. The surrounding KLCC area had a lively atmosphere, especially with the National Day celebrations happening nearby.

Having now experienced the towers during both daylight and evening hours, I personally preferred the night visit because of the skyline, city lights, and festive atmosphere.

A pleasant second visit and a very different experience from seeing the towers during the daytime.",2026-08
Petronas Twin Towers,5,"Such an iconic landmark in Kuala Lumpur. The towers looked amazing, especially in the evening. Great place for photos",2026-08
Petronas Twin Towers,5,"A must-visit when in Kuala Lumpur! The towers are beautiful, especially when viewed at night.",2026-08
Petronas Twin Towers,5,"The Petronas Twin Towers are absolutely stunning, especially when viewed at night. The architecture is impressive, and the surrounding area is perfect for walking, shopping, and taking photos.",2026-08
Petronas Twin Towers,5,Excellent,2026-08
Petronas Twin Towers,4,"Great views and super well organised. Really friendly staff. Bit expensive for what it is, hence four stars.",2026-08
Petronas Twin Towers,5,Impressive building. Very nice to enjoy the perfect view on top of the building. Below the building there is a large and nice shopping mall.,2026-08
Petronas Twin Towers,5,Great views and photo opportunities across Kuala Lumpur.,2026-08
Petronas Twin Towers,5,Alhamdulillah dari Indonesia,2026-08
Petronas Twin Towers,5,رهيب,2026-08
Petronas Twin Towers,4,"正に圧巻の存在感！！！

マレーシアを代表する観光地ペドロナスツインタワー！

因みにペドロナスとは石油会社のペドロナスである。

行き方は、klcc駅から降りて直ぐである。

だだし、私も最初ペドロナスツインタワーに訪れたかったが、チケットが取れなかったし、かなり細かい時間制限があったし、この辺りには高層ビルが乱立しており、ホテルのトップバー、又はインフィニティプールから夜景を見るだけで十分楽しめコスパが良いと思う。

この辺りは、東京と同じ位栄えている。
日本に例えるならば、ペドロナスツインタワーを含む高層ビル群辺りが東京とすれば、klcc公園は皇居周辺といったところか?

昼はクソ暑いので早朝、夕方の訪問をおすすめします😆",2026-08
Petronas Twin Towers,5,经典的环境，自我小时候的回忆没差大变化。但是人潮拥挤，停车位偏小，但不是大问题,2026-08
Petronas Twin Towers,5,It is a nice place to visit,2026-08
Petronas Twin Towers,5,An iconic landmark with breathtaking views and impressive architecture.,2026-08
Petronas Twin Towers,5,"The architectural brilliance of these iconic towers is breathtaking, especially when illuminated at night. Going up to the sky bridge offered stunning panoramic views of the city skyline.",2026-08
Petronas Twin Towers,5,"I visited the Petronas Twin Towers and really enjoyed the experience. The architecture was impressive, and the view around the towers was beautiful. It was a great place to visit and take photos.",2026-08
Petronas Twin Towers,5,Magnifique une œuvre d'art et démonstration d'architecture,2026-08
Petronas Twin Towers,5,"visited the twin towers was my top on list when i had the chance visiting Malaysia. I could see its beauty and surrounded by lights, it was beautiful. we could have just sitting around and taking pictures with towers as background",2026-08
Petronas Twin Towers,4,جميل جدا,2026-08
Petronas Twin Towers,5,I luv KL 🫶🏻 great city to stroll around both times day and night. Great experience!,2026-08
Petronas Twin Towers,5,"Kuala Lumpur Landmark, dont miss a chance to have guided visit the skybridge, you need to purchase ticket to enter the skybridge but my advise is buy it online and set the time for your visit, its a worthwhile experience if you visiting KLCC, and having nice view from the level 86 observation deck. The souvernir shop at level 83 also selling at lower price where i see the same souvenir were sold at KLIA at more expensive price during my depature flight. So buying the souvenir here actualy a bargain.",2026-08
Petronas Twin Towers,5,"The Petronas Twin Towers are super impressive to look at especially lit up at night or from KLCC Park and holding the title of the world's tallest twin towers gives them serious bragging rights. Going up to the Skybridge and observation deck is cool for the view but tickets are pricey and sell out fast. If you don't care about going inside, seeing them from the park for free is honestly just as good.",2026-08
Petronas Twin Towers,5,Không khí sạch sẽ ..,2026-08
Petronas Twin Towers,5,Las vistas nocturnas son lo mejor de la ciudad,2026-08
Petronas Twin Towers,5,"My visit trip to Kuala Lampur, Petronas Twin Towers is must visit place in daytime and night time . I have visited for 2 days hence visited in morning and in evening. All day tour buses which this will be the pick up point, I was staying in Bukit Binkang but couldn’t come at night because it weekend it gets super crowded so avoid coming in weekend, must visit place , pls click few photos from the photographer they will take 5 MRD each photo but it worth it , you can also pay ticket and go to the observation deck and top , it is super but due to long queue on Saturday i avoid it , pls visit in weekdays as in weekends locals too visit here for hangout",2026-08
Petronas Twin Towers,5,后面的公园很出片,2026-08
Petronas Twin Towers,5,Increibles,2026-08
Petronas Twin Towers,5,beautiful place to experience the culture in Malaysia.,2026-08
Petronas Twin Towers,5,An impressive landmark with stunning views and a beautiful surrounding area. A memorable place to visit.,2026-08
Petronas Twin Towers,2,"Ich war gestern Abend 18.30 Uhr mit vorab online gebuchter Tour (gelbe Gruppe) auf der SkyBridge, der Aussichtsetage und dann noch im SkyCafe im 83. Stock. Nachdem ich ausreichend gesehen und fotografiert hatte, stand ich gegen 19.40 Uhr nahezu 30 Minuten am Fahrsuhl, obwohl nur wenige Leute (ca. 20) dort vor mir standen. Pausenlos kamen Fahrstühle an, leerten sich, aber die wartenden Besucher wurden nicht zum leeren Fahrstuhl gelassen. Dessen Türen schlossen sich, erneut vergingen viele Minuten und das ""Spiel"" wiederholte sich. Fahrstuhl kommt, Leute raus, Tür zu und Fahrstuhl leer wieder weg. Hinter mir hatte sich über die Zeit eine Menschenschlange von über 100 Leuten gebildet. Anfragen meinerseits und von anderen verzweifelten Familienvätern wurden mit unwissendem Lächeln ""beantwortet"". Öfter hieß es, es dauere noch 10 Minuten. Wieder kamen Fahrstühle und fuhren leer wieder ab.
Fazit: Service und die Organisation können mit dem Ausblick nicht annähernd mithalten. Schade!",2026-08
Petronas Twin Towers,5,Very happening place. Explore Surya KLCC which is right next to it for a wonderful experience to avail all kind of food options 10 am to 10 pm. There is a garden backside too. Carry some cash and get clicked by local photographers this tower has aesthetics. Twin tower is somewhat more happening  and lively compared Mardeka 118 in my personal opinion. explore during  cool evening times n explore night life . The only drawback is humidity in dry seasons in the area.,2026-08
Petronas Twin Towers,5,A place with great architecture history,2026-08
Petronas Twin Towers,5,"Great building so good for taking photos of it specially at night,well worth a visit",2026-08
Petronas Twin Towers,5,Luxury place. Just enjoy the visit with my staff,2026-08
Petronas Twin Towers,5,Krenn utk berlibur dan santai bersama keluarga,2026-08
Petronas Twin Towers,5,"Finally got to see the Twin Towers in person and they’re honestly more impressive up close. The area can get really busy, especially in the evening, but it’s nice to walk around KLCC and take some photos.",2026-08
Petronas Twin Towers,5,"Beautiful and iconic landmark in Kuala Lumpur! The architecture is amazing, and the view around the towers is really nice. Definitely worth visiting!",2026-08
Petronas Twin Towers,5,"One of the most impressive landmarks in Malaysia. Beautiful architecture and an amazing view, especially at night.",2026-08
Petronas Twin Towers,5,"An absolute must-see when in KL. The views from the sky bridge are amazing, but the view from KLCC Park looking up at night when they light up is even better. Book tickets online in advance!",2026-08
Petronas Twin Towers,5,"The Petronas Twin Towers are absolutely stunning, especially when you see them in person. The area around the towers is clean and beautiful, and there are plenty of great spots for taking photos. Definitely worth visiting if you’re in Kuala Lumpur!",2026-08
Petronas Twin Towers,5,"No subimos, pero creo que es algo espectacular para ver. De noche me parecieron brutales! Si quieres subir, recomiendo comprar las entradas con antelación.",2026-08
Petronas Twin Towers,5,"쿠알라룸프르 최대 관광명소인 페트로나스 트윈타워 방문 ㅋㅋㅋㅋ
말레이시아가 전반적으로 매우 잘 사는 동네라는것을 보여주는 대표적인 건물입니다.
건물도 멋지고 국뽕도 차오르고 사진도 멋지네요 ^^",2026-08
Petronas Twin Towers,5,"쿠알라룸푸르의 랜드마크
낮보다 저녁에 더 멋진 트윈타워를 만나
감동의 시간을 느껴보세요",2026-08
Petronas Twin Towers,5,تحفة معمارية جميلة وواجهه سياحية لماليزيا,2026-08
Petronas Twin Towers,4,"Simbolo della città, merita la salita [non fa paura] e lo spettacolo serale delle luci",2026-08
Petronas Twin Towers,5,"Icon Malaysia, belum sah rasanya jika ke semenanjung khususnya kuala lumpur tetapi tidak berfoto di menara kembar petronas ini, sebuah karya monumental dari tun mahathir perdana menteri malaysia pada waktu itu. Sebelum ada menara Trx, petronas twin towers ini menjadi satu-satu nya bangunan tertinggi di Malaysia.",2026-08
Petronas Twin Towers,5,So happy to finally see a scenic view that once in a school placard🥰,2026-08
Petronas Twin Towers,5,Clean environment,2026-08
Petronas Twin Towers,5,"KLCC Twin Towers is a beautiful and iconic place to visit. The view is amazing, especially at night, and it’s definitely a must-visit when in Kuala Lumpur! ✨",2026-08
Petronas Twin Towers,5,The mighty petronas! I am always in awe whenever I pass by. That twin tower and its lighting never fails to amaze me. I like it even better if it changes color especially on Malaysia Day,2026-08
Petronas Twin Towers,5,"They are genuinely breathtaking at night when illuminated. Going up to the Skybridge was neat, but honestly, sitting out on the grass in KLCC Park at 8 PM, watching the towers glow while the light-and-music fountain went off, was the real core memory.",2026-08
Petronas Twin Towers,5,An iconic symbol of Kuala Lumpur with stunning architecture and an impressive city skyline.,2026-08
Petronas Twin Towers,5,"absolutely stunning, especially when viewed at night. surrounding is also lively and enjoyable to walk around.",2026-08
Petronas Twin Towers,5,A truly iconic landmark with a beautiful view. Must visit when in Kuala Lumpur!,2026-08
Petronas Twin Towers,5,"The Petronas Twin Towers are absolutely spectacular! The architecture is impressive, especially when viewed at night when the towers are beautifully illuminated. The surrounding KLCC area is also excellent for walking, shopping, dining, and taking photos. A must-visit landmark when you're in Kuala Lumpur.",2026-08
Petronas Twin Towers,5,"⭐⭐⭐⭐⭐ Absolutely the best!

Petronas is simply world-class. An incredible place, amazing atmosphere, and one of the most iconic landmarks in the world. The Petronas Twin Towers are absolutely breathtaking, especially at night when the whole area comes alive with lights and energy. The service, cleanliness, and overall experience are top-notch.

One of the best places in Malaysia and honestly one of the most impressive places I’ve ever visited. A must-see for anyone visiting Kuala Lumpur! 🇲🇾✨🏙️

5/5 without hesitation. Highly recommended!",2026-08
Petronas Twin Towers,3,Greatt Place but crowded under control,2026-08
Petronas Twin Towers,5,My favourite view place,2026-08
Petronas Twin Towers,5,"Espectacular cuando estás debajo de ellas, te cuesta mirar para arriba y ver el final, increíble la ingeniería y el diseño de estas torres",2026-08
Petronas Twin Towers,5,Beautiful,2026-08
Petronas Twin Towers,5,"Pre-book, pre-book, pre-book",2026-08
Petronas Twin Towers,5,Espectaculares de día y de noche. Un imprescindible en KL.,2026-08
Petronas Twin Towers,5,"Stunning architecture and panoramic city view from observation deck.
Visitors enjoying shopping at mall surrounding KLCC park.
Must buy tickets.",2026-08
Petronas Twin Towers,5,"Love the vibe and excitement. Even after you came for countless time. PETRONAS Twin towers, is the wolds wonders that no one can't miss in their lifetime. Well come to Malaysia.",2026-08
Petronas Twin Towers,5,Amazing tower,2026-08
Petronas Twin Towers,5,"You just gave to visit, and it's really worth it",2026-08
Petronas Twin Towers,5,Impresionant!,2026-08
Petronas Twin Towers,5,Impresionante de noche,2026-08
Petronas Twin Towers,5,A beautiful and iconic building. Great for taking photos.,2026-08
Petronas Twin Towers,5,"I visited the KL Tower during my cycling journey from India to Singapore, and it was an unforgettable stop. The area is busy but well organized, roads are clean, and traffic control is excellent. Even though I didn’t go up the tower, just being there and taking photos felt special. Night rides around the area were especially memorable. Highly recommend visiting, even just to soak in the atmosphere.",2026-08
Petronas Twin Towers,5,Arsitektur bangunan sangat mempesona dan layak menjafi destinasi,2026-08
Petronas Twin Towers,5,Купите квитки завчасно!,2026-08
Petronas Twin Towers,5,"Absolutely beautiful and iconic place to visit! The Petronas Twin Towers look even more impressive in person, especially at night when the lights are on. The surrounding area is also really nice for walking around and taking photos. Definitely a must-visit when you’re in Kuala Lumpur!",2026-08
Petronas Twin Towers,5,"Preciosas, de lo más bonito del mundo",2026-08
Petronas Twin Towers,4,"Le Petronas Towers sono oramai da molto tempo l'icona di Kuala Lumpur e dell'intera Malesia. Sono molto belle da ammirare soprattutto di sera. Io ho acquistato online il biglietto per poter salire e onestamente ne vale relativamente la pena secondo me. Sicuramente dall'alto si gode di una vista splendida su tutta Kuala Lumpur, ma il biglietto consiste solo in una visita del ponte sospeso tra le 2 torri! e successivamente tramite ascensore si raggiunge l'86esimo piano delle Petronas. Il tutto si riassume in un oretta complessiva. Il prezzo onestamente mi sembra eccessivo!",2026-08
Petronas Twin Towers,5,I've been to the towers twice and both times it was absolutely magical. The lights are not only amazing for pictures but also a great background for videos if you're vlogging or making a music video and want to give a mysterious vibe of where you're located without gibing it away,2026-08
Petronas Twin Towers,5,Beautiful landmark in Kuala Lumpur. Looks especially amazing at night.,2026-08
Petronas Twin Towers,5,"Must watch if you are in and around KL, lovely place to get some great clicks. But is very busy in the evenings.",2026-08
Petronas Twin Towers,4,"As always the place was good.
There are photographers around the Twin Towers who would click your photos. You can bargain.",2026-08
Petronas Twin Towers,5,Very nice place to visit,2026-08
Petronas Twin Towers,5,Nice place and good place .,2026-08
Petronas Twin Towers,5,مكان جميل ويوجد العديد من الاشخاص تستمتع بالتقاط الصور فيه,2026-08
Petronas Twin Towers,5,Unique building with so many fun things,2026-08
Petronas Twin Towers,5,"Petronas Twin Towers 🏙️✨
แลนด์มาร์กสำคัญของกัวลาลัมเปอร์ที่มาแล้วต้องแวะ! ตึกแฝดโดดเด่นมาก ยิ่งช่วงเย็นบรรยากาศสวยเป็นพิเศษ 📸🇲🇾
วิวสวย ถ่ายรูปได้หลายมุม ใครมา Kuala Lumpur แนะนำให้มาสักครั้งครับ",2026-08
Petronas Twin Towers,5,Great place to visit- very well organised. Make sure you buy tickets online at least 24 hours in advance. Do not turn up late for your time slot as they may not be able to take you. If you want sunset slots buy tickets at least a week in advance.,2026-08
Petronas Twin Towers,5,Легендарно и безумно впечатляюще ❤️,2026-08
Petronas Twin Towers,4,"Chef d'oeuvre archtecural, a visitez ka nuit,
illuminées d'argent, elles se détachent magnifiquement sur le ciel noir de la ville",2026-08
Petronas Twin Towers,5,So fun I had a wonderful time there. View was gorgeous and experience was nice. A really cool Formula 1 car up for display at the entrance. Do advise to buy the tickets in advance cuz it kinda takes a while to get them. Queue is also a bit long but not that bad like probably only 10 minute wait. Would definitely come back again during the holidays. 9.7/10,2026-08
Petronas Twin Towers,5,Nice tour inside the PETRONAS very well organized,2026-08
Petronas Twin Towers,5,Menara ini menjadi Ikon Malaysia. Anda wajib berfoto disini jika sedang berkunjung ke Kuala Lumpur. Didalamnya juga terdapat mall bernama Suria KLCC dengan tenant yang sangat lengkap.,2026-08
Petronas Twin Towers,5,"Beautiful view, recommend to go up on the last turn so you see Kuala Lumpur all light up.",2026-08
Petronas Twin Towers,5,Must visit,2026-08
Petronas Twin Towers,5,"À faire....
La vue est intéressante pour comprendre comment on fait n importe quoi en matière d urbanisme.
Ville tout voiture hostile pour ses habitants...
Bref tout de qu il n aurait pas fallu faire.

On peut comparer à Singapour qui sur les même bases a construit des tours et un urbanisme moderne moins ça clivant.",2026-08
Petronas Twin Towers,5,"Like always, exciting to be at our icon structure. Like first experience.",2026-08
Petronas Twin Towers,5,We went to petroscience...great experience with kids,2026-08
Petronas Twin Towers,5,Parfait😍,2026-08
Petronas Twin Towers,5,"Tour was ok, but the towers are very beautiful from the outside",2026-08
Petronas Twin Towers,5,An important part of the Malaysian  itinerary is Petronas Twin Towers. Visited twice. In the morning and evening . Both view has its own beauty. Should say that the lights at night gives a silver glow to towers which is really a breathtaking view. The music fountain show at night in KLCC part shouldn’t miss out at night.,2026-08
Petronas Twin Towers,5,"An iconic and unforgettable experience in Kuala Lumpur!

Visiting the PETRONAS Twin Towers was one of the highlights of my Malaysia trip. The architecture is truly impressive, and the views of Kuala Lumpur from the Skybridge and Observation Deck are spectacular. The overall experience was well-organized, professional, and memorable.

The location is also very convenient, with Suria KLCC right at the base, making it easy to combine the visit with shopping and exploring the surrounding area. A must-visit attraction for anyone travelling to Kuala Lumpur.

Highly recommended for first-time visitors to Malaysia!",2026-08
Petronas Twin Towers,5,"Beautiful, come with lrt better, cone at night, Google for the dancing fountain timing, n go to the saloma Bridge.. if planning  for the twin towe bridge buy tickets early",2026-08
Petronas Twin Towers,5,So tall and magnificent. Bangga jadi rakyat Malaysia!,2026-08
Petronas Twin Towers,5,"Ohne viel Worte: sollte man hin und auch rauf.
Tolle Eindrücke, tolle Aussicht und für uns das Wahrzeichen für KL!",2026-08
Petronas Twin Towers,5,ตึกแฝดเปโตรนาส (Petronas Twin Towers / Menara Berkembar Petronas) คือตึกระฟ้าแฝดที่สูงที่สุดในโลกด้วยความสูง 451.9 เมตร (88 ชั้น) ตั้งอยู่ใจกลางกรุงกัวลาลัมเปอร์ ประเทศมาเลเซีย ตัวอาคารออกแบบโดยสถาปนิกชื่อดังชาวอาร์เจนตินา-อเมริกัน Cesar Pelli โดยนำลวดลายเรขาคณิตตามแบบสถาปัตยกรรมอิสลามดั้งเดิมมาประยุกต์เข้ากับโครงสร้างกระจกและเหล็กกล้าล้ำสมัยอย่างงดงาม,2026-08
Petronas Twin Towers,5,It was nice experience.. everything was well organized and the views from the observation deck was amazing...,2026-08
Petronas Twin Towers,5,Icon nya Malaysia punya la,2026-08
Petronas Twin Towers,5,Definitely a highline of our visit to Kuala Lumpur.  Essential to buy tickets in advance.  They send approx 30 person groups through at a time.  Do the sky bridge + top floor tour.,2026-08
Petronas Twin Towers,5,Just wow,2026-08
Petronas Twin Towers,5,Landmark good,2026-08
Petronas Twin Towers,5,Exciting place,2026-08
Petronas Twin Towers,5,"Tempat yang sangat best, pelbagai kaum kita boleh jumpa dekat sini dan semua teruja untuk menangkap gambar kerana permandangan yang indah",2026-08
Petronas Twin Towers,5,雙峰塔沒什麼好評價的，五星景點必來，來馬來西亞的必須來~,2026-08
Petronas Twin Towers,4,Unique...   Awesome... Iconic ...,2026-08
Petronas Twin Towers,5,"The Petronas Twin Towers is one of the most famous landmarks in Malaysia. The building is very tall and has a beautiful modern design. Visitors can enjoy amazing views of Kuala Lumpur from the observation deck. The area around the towers is also clean and lively, making it a great place to take photos and spend time with family or friends. Overall, I highly recommend visiting the Petronas Twin Towers.",2026-08
Petronas Twin Towers,5,Iconic architectural marvel that looks even more breathtaking when illuminated at night. Great photo spots all around the plaza and plenty of dining options inside Suria KLCC,2026-08
Petronas Twin Towers,5,Got a lot of things to do here! view is great. Everyone was friendly,2026-08
Mount Kinabalu,1,Sy belum naik lagi.,2026-09
Mount Kinabalu,1,"Did not get to the top, therefore this mountain is broken and unacceptable. Someone needs to speak to management about the heavy rain during my summit attack on 30 July 2026.

Jokes aside, totally gutted to miss the peak! Leaving this bad rating out of pure spite for now, but I will amend it as soon as I come back and conquer it.",2026-09
Mount Kinabalu,1,to tall..and there is no mall or 7e at summit..i hope malaysian government can lower the mountain so people can built mall,2026-09
Mount Kinabalu,1,Boleh bagi rendah sikit,2026-09
Mount Kinabalu,1,There is no escalator going down. They should provide escalator so everyone don't feel tired after hours of climbing the mountain.,2026-09
Mount Kinabalu,5,"Every step of unending uphill climb is worth the feeling of success at the Summit.
24 hours grueling hike along the dry trail, uneven stairs and steep ridges were very challenging. Alhamdulillah, Ya Allah Ya Rabbi thank you for granting me the strength to endure the pain and made it to the summit and brought me home safe and sound.
9th Edition Mountain and Beyond Mt Kinabalu Climb August 16-18, 2026.",2026-08
Mount Kinabalu,5,Beginner friendly,2026-08
Mount Kinabalu,5,"我是台灣人，走完神山，才真正明白什麼叫壯闊。

一路陡升、喘息與疲憊，中途甚至好幾次懷疑自己為什麼要來。但當站上 4095 公尺的山頂，看見眼前的日出與雲海，那一刻真的覺得，一切辛苦都值得了。

謝謝神山讓我見識到大自然的雄偉，也謝謝它讓我平安登頂、平安下山。這不只是一趟登山，更是一段會一直記得的旅程。

本來想給神山 1顆星，因為三天過去了，我的雙腳依舊疼痛到不行 😂
總之，非常值得挑戰，但請做好腿痛好幾天的心理準備！

As a Taiwanese traveler, completing Mount Kinabalu finally made me understand what “breathtakingly grand” truly means.

The entire journey was filled with steep climbs, heavy breathing, and exhaustion. There were several moments when I seriously wondered why I had decided to do this. But when I finally reached the summit at 4,095 meters and saw the sunrise and sea of clouds in front of me, every bit of pain and exhaustion suddenly felt worth it.

Thank you, Mount Kinabalu, for showing me the incredible beauty and power of nature, and for allowing me to safely reach the summit and make it back down. This was more than just a hike—it was an unforgettable journey that I will always remember.

I originally wanted to give Mount Kinabalu 1stars, because three days later, my legs are still painfully sore 😂

Overall, absolutely worth the challenge—but be prepared for your legs to hurt for several days afterward!",2026-08
Mount Kinabalu,5,"You can see it from the ocean by boat, which is awesome.",2026-08
Mount Kinabalu,4,트래킹이 쉽지 않음. 그런데 갈만한곳. 상황이 되면 정상에 가보고싶은곳,2026-08
Mount Kinabalu,5,照片都不及親眼所及，大自然是如此的美麗，登頂看到的風景非常值得，希望人類好好愛惜大自然，好好愛護我們的地球,2026-08
Mount Kinabalu,1,山屋整潔，食物太好吃，廁所整潔得不像山屋，一開始不知道自己是來挑戰神山。神山太難行，日岀壯觀之景不是有錢就能知得見。,2026-08
Mount Kinabalu,5,Exceptionally beautiful mountain with incredible surroundings. Desa farm was underwhelming but the ATV ride was a ton of fun especially if you go to the earthquake site.,2026-08
Mount Kinabalu,5,"Did my tour with amazing borneo

Some stats
Medium fast pace, experienced hiker
Gate to laban rata 3 hr
Laban to summit 2hr (BRING WARM LAYERS because if you are early, you wait around in the dark until sunrise)
Summit to laban 1hr45
Laban to gate 2hr30, arrived at gate 11.15am. The first shuttle back to KK is between 12.30 and 1. After that i think theres a shutrle every 30 minutes or so.

This means you can book a flight the same night of return!! (Which i should've done)

DONT bring too much. Snacks, water, headlamp, some clothes. They provide a towel at laban rata.",2026-07
Mount Kinabalu,5,Great place,2026-07
Mount Kinabalu,5,The Mt. Kinabalu Summit will change your view in life,2026-07
Mount Kinabalu,5,"This is the biggest climb we’ve done and echoing other reviewers it was very tiring but definitely a memorable, rewarding experience!

We started the hike at Timpohon Gate just before 9am and made it to Panalaban base camp at 330pm. We then began the last leg of the hike at approx 215am and made it to see the sunrise at the summit ☀️ We were super lucky as the sky cleared up for us to see the the incredible view! Before sunrise, we could also see the moon and many stars!!

Coming back was a real struggle for us, as it really put pressure on the legs not to mention it began pouring in our last 3km 🫣 We did finally made it back to the gate just before 4pm - we got a packaged lunch and a van was prepared to take us and other hikers back!

Prior to the hike, we made reservations on their website so the logistics to organise the hike was generally easy and smooth with consistent and efficient communication from staff - both via online leading up to the hike and a day before with reminders for mini van arrangement to and from the hotel. Also, on the van back to the hotel, we dropped a phone, and the driver very kindly pointed it out to us.

We followed their recommended packing list and had everything we needed on the hike. We weren’t too sure about drinking water so we brought extra water (and snacks too!)

Our mountain guide was quite chill but nevertheless, friendly and helpful when we needed him. He helped us navigate the more difficult paths like the rope climbing near the top and he also lent us one of his hiking poles as he noticed one of ours was too short and didn’t help much with stabilising 🫣",2026-07
Mount Kinabalu,1,"We were realy looking forward to doing this hike until we realised the price and how much of a tourist trap this place is.

This is Malaysia’s highest peak and the minimum price is around $800usd for services I don’t want or need.

For this price you could hike in much more beautiful places in the world.

To anyone deciding to do this hike or not, a mountain is a mountain, you don’t need to pay all that money to be out in nature, just go somewhere else.",2026-07
Mount Kinabalu,5,"Excellent experience!
Amazing view here..
Thanks to my mountain guide, Herry, taking care of us all along the hike.",2026-06
Mount Kinabalu,4,"Going up is relatively easy as long you have the right gear. Also make sure you have plenty of water, candies and energy bar.

If you run out of those. People around are very kind to offer water and snacks to help you along the journey.

However, descending from the Peak to basecamp and back to the main gate has its  own challenges. Slippery rocks, steep stairs and rain are a common theme.

As your thighs are sore from the reaching the Peak. Going down from these are a challenge so if you have a porter and a guide by your side is a BIG plus to hike down slightly faster.

On the side note, the forest do try to play tricks on your mind when you're hiking alone with no one in your sight, so be aware.",2026-06
Mount Kinabalu,5,"코타키나발루에 왔으면 꼭 봐야 하는 곳. 국립공원에서 키나발루 산 꼭대기만 보고 와도 좋으니 장엄한 자연을 꼭 즐기기를 추천.
아침부터 저녁까지의 국립공원 방문, 젖소 농장 등 방문으로 12시간의 여정으로 등반이 없었슴에도 불구하고 해발 1800미터까지 차로 가기에쉽지 않은 여정.
그러나 충분히 가치 있었던 자연이 주는 다이나믹한 관경을 보고 숙연해 졌던 여행.",2026-06
Mount Kinabalu,5,Beautiful🥰😍,2026-06
Mount Kinabalu,5,Felt great. Surely will climb again.,2026-06
Mount Kinabalu,5,"Climbed on 2023,2025 and 2026 and planning for more!",2026-06
Mount Kinabalu,4,Hari cuti memang jem tapi pemandangan padu,2026-06
Mount Kinabalu,5,Amazing views. Mountain guide is needed.,2026-06
Mount Kinabalu,1,"Not handicapped friendly, wheelchair are not accessible",2026-06
Mount Kinabalu,5,Majestic but brutal 😅 totally worth the climb.,2026-06
Mount Kinabalu,5,"海外登山は初参加。1泊2日で登りました。
道は整備されていて、非常に登りやすかったです。
最初は亜熱帯のジャングルから始まり、標高が高くなると雲霧林に入り、ネペンテスが多く見れる場所になります。
ジャングルを抜けると木々の背が低くなり、最終的には岩肌をひたすら登ることになります。
最後の岩肌は、しっかりした登山靴で登らないと、慣れてない人は数メートル滑落する危険性があるので注意しましょう。
私が参加した日は雨が強く、岩肌の至る所が川のようになっていたので、下手したら大怪我では済まない可能性もあります。

また、体力に自信がある人でも、ゆっくり登るのをお勧めします。
なぜなら、早く登り過ぎると山頂に着いたタイミングでは真っ暗なので全く写真映えしないからです。
また、山頂は狭いので、日の出を待つ時間もなく下山する羽目になります。",2026-06
Mount Kinabalu,5,𝑺𝒂𝒏𝒈𝒂𝒕 𝒄𝒂𝒏𝒕𝒊𝒌 𝒅𝒂𝒏 𝒂𝒅𝒂 𝒔𝒂𝒏𝒕𝒆𝒕,2026-05
Mount Kinabalu,5,"ツアーで登りました。
初日は早朝にホテルを出て入山管理センターで登録です。
入山カードと弁当を貰います。
1日で130人しか入れないそうです。
車を乗り換えて入山ゲートへ、そこからはひたすらひたすら階段を登って1,500m上がります。
山小屋が見えると後ろにはキナバル山が見えます、よい景色です。
山小屋に着いたらさっさとご飯を食べて寝る準備。
シャワーは冷水は出ます。洗面は可能です。トイレも大丈夫。水とお湯はサーバーから自由に汲めます。
ベッドは快適です。
ビールは320ml缶が1,400円で売られてますが冷えてません。
翌日の朝1時に起きて朝ご飯を食べて2時には出発。
さらさ小屋に5時までに着かないとゲートは閉まるとのこと。
3,300mを超えた辺りから森林限界か？木がなくなります。
火星のような光景に変わり一枚岩の斜面をロープを頼りに登ります。
とても危険と言うことはありません。
山頂では人が渋滞しているので写真撮影は写真5枚程度でガイドさんからチェンジさせられます。
小屋に戻ったらさっさと荷物を入れ替えてご飯を食べます。
指定の時間を超えると罰金みたいです。
9時頃ですのでこれも朝ごはんでしょうが、お昼ゴハンを食べる予定は山中では無いのでしっかりと食べます。
そのまま入山ゲートまでおります。
ローズピーク以外にも有料で登ることが出来るオプションはあるみたいですが難易度は高そうです。
このツアーはトレッキングです。カードの保険も使えるようです。（内容確認必要）
2日間で2,300mを上り下りするので体力は必要ですが特に技術は不要みたいです。
途中で歩けなくなったらおんぶされて下りるオプションはあるようですが、高い位置からですと50,000円ほどかかるとのこと。
ツアーの費用内で5kg迄はポーターが運んでくれますが、登山中にガイドやポーターに荷物を持たせると別途に費用がかかります。
長々となりましたが、とても素晴らしい光景を観ることが出来て、とても良い体験が出来ました。
運んでもらえる荷物を何にするかは大事なポイントです。
5月15日の入山では長袖シャツと薄いジャンパーとカッパで十分でした。",2026-05
Mount Kinabalu,3,Can be done without training. Just suffer for that view from the peak. Worth it-ish.,2026-05
Mount Kinabalu,1,No shopping mall here.,2026-05
Mount Kinabalu,5,"Complete facilities, beautiful scenery, clean and not hard to climb. I've reach the summit 4 times, no need heli.",2026-05
Mount Kinabalu,1,Worst mountain ever ! There is no fishing spot at the summit,2026-05
Mount Kinabalu,5,"谢谢神山公主接纳了我们
可是如果可以的话 下次不想来了 风景很美
尤其是半夜的星空 这是我这一辈子看过最美的月亮跟星星 这也是我第一次距离 月亮跟星星那么近 可是真的很累 从黑夜走到日出 过程是多么的煎熬 幸好有我的队友们 看到他们 就很像看到了救赎 就更有动力再往前一小步 一步一脚印！ 我成功登顶了 4095.2
8.5.2026 黄衣小飞侠 全体毕业！",2026-05
Mount Kinabalu,5,Amazing views from the summit! The Via Ferrata with ropes and carabiners was fun 👍,2026-05
Mount Kinabalu,5,"2026.5.4
ペンダントハットに前泊した後、2：30に宿を出発、4：30に4095メートルの山頂に到達。空は快晴で最高の登山。",2026-05
Mount Kinabalu,5,Mountain too high,2026-05
Mount Kinabalu,5,又稱為神山和中國寡婦山， 位於馬來西亞，是東北亞的最高峰 。有所謂一神，二玉，三富士 。形成在1百五十萬年前 每年來攀爬的各國人事有數萬人， 但每天現在限量是100人， 疫情之前150人 山上有很豐富豐富的動植物， 是當地原住民卡達族的聖山， 一如台灣的玉山。 爬起來並不會太困難 ，但是會有很多較高的階梯， 還是需要一些體力 。因此出發前還是要 做一些體力或是爬樓梯的訓練最好。,2026-05
Mount Kinabalu,4,"My age of 17 , I challenge myself success climb up. My age 18 and I come climb again and feel not easy but success again untill age 19 was the last times I climb up mountain Kinabalu. Now my age almost 50 , it was difficult for me to climb again...",2026-04
Mount Kinabalu,5,It's a mountain. With a breath taking view. And a pretty easy hike. Cant ask for much more 🤭,2026-04
Mount Kinabalu,1,"No lv, no 5 star hotel, no elevator, no rafflesia",2026-04
Mount Kinabalu,5,"It's a tough but rewarding experience.
It's probably onevof the most friendly peaks above 4000M accessible to all levels of climbers.
The views from the summit is spectacle, especially if you can make it by the time of sunrise.
The journey from base camp/hut to summit is usually 2.5-3 hrs. The weather can be unpredictable.
A little bit of perseverance, never give up, watch & plan steps ahead,, keep to the pace, stay close to your guide and seek for help whenever needed and that will largely improve success rate.",2026-04
Mount Kinabalu,5,"成功抵達山頂
享受美麗的風景
View真的好棒
好像月球表面",2026-04
Mount Kinabalu,5,"The summit is the goal, but the beauty is in the climb",2026-04
Mount Kinabalu,5,爬山過程很累 特別是下山 要下降2200公尺 但是三頂的景色很美 因為沒有遮蔽物 視野很廣闊,2026-04
Mount Kinabalu,5,"ㄧ個字-美！

另一個字-累！！",2026-04
Mount Kinabalu,4,"Great experience, could have more amenities and refreshments at the summit",2026-04
Mount Kinabalu,2,A bit tall,2026-03
Mount Kinabalu,5,整天花崗岩的山頂，360度視野無限遼闊，美呆了,2026-03
Mount Kinabalu,5,"Two of us did the climb on 24-25 March and successfully summit the peak on 25 March around 5am. We started the climb from Pedant Hut at around 220am. It’s still dark when we arrived but we needed to be at the meeting point for our Low Peaks Via Ferrata and hence did not stay here long enough for the sunrise. But still manage to have an amazing view of the sunrise and sea of clouds on our way down to the meeting point. Definitely worth doing the climb. We stayed in sea level country ( Singapore ) and did not do any training for this hike, so it’s a bit tiring for us.",2026-03
Mount Kinabalu,1,"Mountain was too tall, obscured by clouds, no view.

Government should lower the mountain so no clouds will cover it.",2026-03
Mount Kinabalu,1,Too tall,2026-03
Mount Kinabalu,2,키나발루 화산,2026-03
Mount Kinabalu,5,"走在上面會有雞皮疙瘩的感覺，
真的很神聖很壯觀，
值得來一次，
上下升各2229m，
走到後面腿就爆了，
記得要做好訓練後再來～",2026-03
Mount Kinabalu,5,Sangat cantik ❤️❤️,2026-03
Mount Kinabalu,5,海拔4095公尺，馬來西亞最高峰，主峰是Low's peak，登山口到山頂高度爬升約2300公尺，大多安排2天1夜行程，登山路徑清楚，最後2公里走在岩石斜面上,2026-03
Mount Kinabalu,5,"Amazing hike. Don’t expect 5-star resort service — this place is for nature lovers, not pampered travellers.",2026-03
Mount Kinabalu,3,"Sabah y la isla es hermosa!
Mount kinabalu es hermoso.
Dicho esto, no lo recomiendo.
Primero, es tremendamente caro, muy caro. La entrada al parque es 800, tenes que contratar un guia si o si, otros 350.
La subida en realidad son escalones, es una escalera arriba. En condiciones decentes.
Una vez el refugio esta bien.
A la madrugada subimos a ver el amanecer, llegamos un poco temprano, habia bastante gente y el lugar tiene una capacidad como para unas 10 personas. No es una zona plana donde uno puede sentarse y ver el amanecer. Asi que bajamos, no hay un punto en donde exactamente se ve el amanecer, te cubre la montana en gran parte. Luego hicimos la via ferrata que estaba muy bien.

Por ese paquete pagamos cerca de 2mil dolares.
Es el precio que todas las empresas ofrecen, si quieren rentar la noche en el refugio sale 500 rm, pero en la web aparece como que todo esta lleno hasta diciembre, esto fue en febrero. Adivinene cuantas personas habia en el refugio cuando llegamos? Eramos 3.
En fin, esto no es contra la gente que trabaja ahi, que son muy amables, pero malasya es conocida por su corrupcion, y bueno por desconocimiento terminamos pagando por dos dias y una noche casi 3mil dolares. No les digo que no vayan, pero les diria que lo planifique con anticipacion asi al menos no les roban todo su dinero.
El trekking 2/5
vistas 3/5
dificultad 3/5
el hospedaje 2/5

vayan, pero intenter pagar el refugio con anticipacion, creo que duele menos ver algo mas o menos lindo cuando no tuviste que pagar tanto dinero.",2026-03
Mount Kinabalu,5,從山屋走到最高點約3h 途中會經過檢查站 上山的唯一廁所 有些路段不好走 山頂上的平台有白色的繩 在黑暗中行進可跟著繩子一路走到最高點 山上很遼闊 都是岩石 很壯觀 山上平台週圍有幾座山峰 南峰和金剛岩比較特別 山上風大 溫度低 乾季時去是最佳時機 最高點有面牌子 這裏是打卡熱點 和牌子合照常需排隊,2026-03
Mount Kinabalu,1,A majestic mountain adventure! The sunrise view from the summit is absolutely worth the climb.,2026-03
Mount Kinabalu,5,"这次没上到顶，因为下雨
但是很棒的体验",2026-02
Mount Kinabalu,5,"​""Walaupun saya belum berkesempatan mendaki sampai ke puncak, kawasan kaki Gunung Kinabalu tetap menjadi tempat kegemaran untuk menghirup udara segar. Pemandangan gunung sangat jelas dan megah jika datang awal pagi sebelum kabus tebal. Bagi pelancong, pastikan bawa baju sejuk dan singgah di Pekan Nabalu untuk sokong peniaga kraftangan tempatan kita!""

​""Gunung Kinabalu adalah kebanggaan kami di Sabah. Walaupun saya belum pernah mendaki sampai ke puncak, saya selalu kagum melihat kemegahannya dari kaki gunung. Udara di sini sangat segar dan sejuk, jauh dari kesibukan bandar Kota Kinabalu.
​Bagi pelancong yang mahu datang, saya sarankan singgah di Pekan Nabalu untuk ambil gambar pemandangan gunung yang jelas (biasanya awal pagi). Jangan lupa beli buah-buahan tempatan dan kraftangan di gerai-gerai sekitar untuk sokong komuniti kami. Tempat ini memang wajib dikunjungi sekurang-kurangnya sekali seumur hidup!""",2026-02
Mount Kinabalu,5,終於把帥哥肉燥飯招牌掛東南亞第一高峰（神山），雖然爬階梯爬到唉唉叫，但看到出大景．．雲海看到飽．．一切值得🥰感謝上天給我們好天氣,2026-02
Mount Kinabalu,5,Amazing,2026-02
Mount Kinabalu,5,2026/2/5成功登頂，非常漂亮！,2026-02
Mount Kinabalu,5,"Epic climb and loved every moment especially the challenge and the abscaling with rope , and the steep ascent near the peak!
Do come try it!",2026-02
Mount Kinabalu,5,MSR,2026-02
Mount Kinabalu,5,"An unforgettable experience for me was my first time climbing Mount Kinabalu. When I reached the summit, I truly felt like I was standing among the clouds. The beauty of the Earth, God’s creation, was beyond words.",2026-01
Mount Kinabalu,5,Sangat seronok hiking di sini,2026-01
Mount Kinabalu,5,沒辦法去爬，但在機上竟然可以看到峰頂,2026-01
Mount Kinabalu,5,Love the views,2026-01
Mount Kinabalu,5,keren suasananya,2026-01
Mount Kinabalu,5,Such a beautiful mountain. Definitely an amazing creation of God and to experience it.,2026-01
Mount Kinabalu,5,"Mount Kinabalu is the highest peak in Malaysia and the island of Borneo, standing at 4,095 meters (13,435 ft) above sea level. Located in the state of Sabah, it is the centerpiece of Kinabalu Park, which was Malaysia’s first UNESCO World Heritage Site. ​The Summit, known as Low’s Peak, offers incredible sunrise views. It is one of the highest peaks in the world that can be reached without specialized mountaineering equipment.

Gunung Kinabalu merupakan puncak tertinggi di Malaysia dan di pulau Borneo, dengan ketinggian 4,095 meter (13,435 kaki) di atas paras laut. Terletak di negeri Sabah, ia merupakan nadi utama Taman Kinabalu, yang juga merupakan Tapak Warisan Dunia UNESCO pertama di Malaysia. Puncaknya, yang dikenali sebagai Low’s Peak, menawarkan pemandangan matahari terbit yang sangat memukau. Ia adalah salah satu puncak tertinggi di dunia yang boleh didaki tanpa memerlukan peralatan pendakian gunung yang khusus.",2026-01
Mount Kinabalu,5,Majestic.,2026-01
Mount Kinabalu,5,"Superbe expérience
L’ascension du Mont Kinabalu en 2012 fut une aventure inoubliable, un défi physique et une récompense visuelle exceptionnelle. Ascension sur deux jours en groupe avec des amis.",2025-12
Mount Kinabalu,5,Awe inspiring scenery,2025-12
Mount Kinabalu,5,5 stars I'm late.,2025-12
Mount Kinabalu,5,The spectacular scenery during your journey to reach the summit was definitely an unforgettable experience. Something you should try once at your lifetime 🌅 🏞️,2025-12
Mount Kinabalu,5,"Tak tahu nak cakap macam mana.. memang super best.. view dari starting sampai summit.. memang lawa.. naik 20/11/25 .. time tu cuaca sangat sejuk 2°C .. walaupun sejuk, tetap mandi.. hikers sejati tetap akan mandi walaupun air macam ais .. ramai tak mandi.. yang tak mandi dengan air sejuk tu.. anda tersangat lemah.. haha.. apa pon.. memang tersangat lawa.. akan kembali satu hari nanti..",2025-12
Mount Kinabalu,5,"Amazing tour guide, view, and mountain. This is one of the hardest hike I have ever joined, especially due to heavy rain and cold temperatures. We did climbed it in the end, that’s what is important.",2025-12
Mount Kinabalu,5,직접 등산은 못해봤디만 멀리서 바라만봐도 너무 멋지네요.,2025-11
Mount Kinabalu,1,"DO NOT CLIMB HERE. Horrible mountain guides who will look down on when you're sick from climbing, take out their phones to video you and laugh at you, and shout at you to continue climbing when two of your toe nails have fallen out and are bleeding.",2025-11
Mount Kinabalu,5,Aki in its glory. Lucky with the sunrise weather both times,2025-10
Mount Kinabalu,5,Wonderful view,2025-10
Mount Kinabalu,5,8.5公里的抖坡，要練好腳力再來討戰。,2025-10
Mount Kinabalu,3,"I never been at Sabah & Sarawak before, hope this year we must departure date.",2025-10
Mount Kinabalu,5,Sangat cantik,2025-10
Mount Kinabalu,5,"京那巴魯山(Kinabalu)海拔4095公尺，屬於東亞三神山之一，是東亞第一高峰，同時也是馬來西亞的聖山，其最大幣值100元中的圖案就是京那巴魯山。

相較於玉山為闊葉林生態，以及富士山為火山環境，京那巴魯山屬於雨林生態，登山路上可以看到如大王花及豬籠草，體驗起來非常特別。從登山口到山屋為6K，7K以前都是待在雨林裡面，一直到8K離登頂最後一哩路時會開始變陡峭，到8.5K即為京那巴魯山最高峰-羅氏峰(Low's Peak)。

如果有朋友想挑戰京那巴魯山要記住「山永遠都在，好好評估自身體力況狀再前往」，否則攀登國外的大山並不容易適應當地氣溫、濕度、地形狀況及生態環境，如果決定要前往挑戰，請務做好十足的準備，並且對山靈抱持敬畏之心，山靈才會帶給你安全給予回報。",2025-10
Mount Kinabalu,5,山屋的床很幹淨 基本都是階梯,2025-10
Mount Kinabalu,5,Gud,2025-10
Mount Kinabalu,5,"My greatest achievement in life has been to conquer a mountain peak. It brings real satisfaction at my age of 52 years old. It was quite challenging, but the scenery made all the effort feel worthwhile. I highly recommend this experience to all Malaysians.",2025-09
Mount Kinabalu,5,The climb to Low's Peak was amazing! :D,2025-09
Mount Kinabalu,5,"1. Start at 9 am on 28.08.2025.
2. Took 3.15 hours to reach Pondok Layang-Layang.
3. Wind begins to start very strong and with rain.
4. Had quick lunch and with rain coat starts walking again.
5. Strong wind and rain all the way to Panabalan.
6. Temperature was cold, 8 Celsius.
7. Time for dinner and rest.
8. Got up and ready for supper at 2am.
9. Ready for summit attack.
10. Officer came to announce that summit is closed due to strong wind.
11. It was a great experience and given another chance, would like to make it to Summit.",2025-09
Mount Kinabalu,5,"Nice​ view, worth a​ try.",2025-09
Mount Kinabalu,1,"The prices are ridiculous! It’s an absolute rip-off.
Please do not support this theft by going there.",2025-09
Mount Kinabalu,1,"Der Preis für die Besteigung des Gipfels ist absurd. Die Preise pro Person variieren mittlerweile zwischen 500-1.200 Euro. Für mich persönlich ein Grund, nicht nach Borneo zu reisen!",2025-08
Mount Kinabalu,5,Tired but worth. Epic view from the highest mountain in Malaysia and made every step to the top became valuable. Come at least once before you still able to make it❤️,2025-08
Mount Kinabalu,5,"Reaching the peak of Mount Kinabalu before sunrise was an unforgettable adventure. The temperature dropped to around –1°C, with strong winds, rain, and clouds surrounding us. I caught a cold on the first day so my nose was watery, and my mask even froze from the wind. Totally challenging, but that’s what made it so amazing. At the summit, there was no land view below—just endless white clouds. It felt surreal and absolutely worth all the effort. Going down was actually more painful than going up, and the freezing cold forced me to rent a jacket from Laban Rata. Still, the whole experience was wonderful.

Special thanks to the Sititrust team for letting me and my buddy join their climbing trip—they were super nice, friendly, and made the journey so much fun. Couldn’t have asked for better company!",2025-08
Mount Kinabalu,5,Amazing mountain! I'd highly recommend visiting.,2025-08
Mount Kinabalu,5,Great first time hike to Lows Peak,2025-08
Mount Kinabalu,5,神美的,2025-08
Mount Kinabalu,1,670€ for a 2D1N tour??? You kidding. That’s impolite. You can hike in Nepal for the same amount 10days and it’s even better.,2025-08
Mount Kinabalu,4,"My honest review of my climb at Mt Kinabalu. Unlike mountains like Everest, the climb is intense and packed. With a rest hut every 1-3 Km or so, but a lot of ground to cover in a single day. Your experience is also very weather dependent. Scorching weather will cause you to tire out much easier while thundery storms will bring down your morale and make your climb much more miserable.
However, with the right training, balance, thigh and calf recommended, I think the climb will be very manageable. What I enjoyed most about the climb was the rewarding buffet at the end of day one. However, the climb on day 2 is very dangerous. Climbing 80 deg walls with ropes and nothing else, I nearly died twice by loosening my grip on the rope. When I summited, I was cold and exhausted, and cold icy winds made me feel that the view wasn't worth it.
Probably what was most memorable about the climb was the memories made during the climb with my friends and family.
However, what I am thankful for was the mountain guide who guided us on what stones to step on when the ground was slippery and held my hand when I felt like giving up.
Thank you Kinabalu Park for the memorable experience on Mt Kinabalu",2025-08
Mount Kinabalu,4,"I booked the trek with with Seek Sophie and the staff were brilliant, swift and accommodating with responding to my enquiries, arranging my transfers and briefing us before for the trek. We were lucky to have a mountain guide for just the two of us. While we were given ample information prior and how to prepare for the trek, I was still surprised at the level of difficulty in climbing the last 3 km towards the summit. I had done ample triathlon and ocean swimming training and taken all the altitude medications before and during the climb. You have to climb in the pitch dark, with wet and windy conditions at high altitude, which also required hauling yourself up 200+ metres of roped sections and abseiling back down these ropes without harnesses. It's Sabah Parks, that mandate the rushed schedule of climbing to the guesthouse (3200m above sea level) in one day and make trekkers climb at 2:30 am the next morning to 4079m above sea level by sunrise. Our guide was very patient with us while we slowly climbed to adapt from 1800m to 4000m above sea level within 48 hours but my body needed more time to acclimatise. I am grateful our guide helped us up and down the mountain safely with both of us experiencing altitude sickness at various heights and for the beautiful views just below the summit upon sunrise. If Sabah Parks allows this, I'd recommend to allow trekkers to stay for one more night at the guesthouse to rest properly and acclimatise better before resuming the last 3 km to the summit. I'd also recommend to grade this trek as moderate to hard for experienced climbers who do not experience altitude sickness at 4000+ metres, and not as an easy or beginners trek level. Overall, I am humbled by the grandeur and power of Mt Kinabalu and now know my bodies limits at altitude. Thank you Seek Sophie for organising multiple tours for us in Borneo! They're a fantastic tour operator!",2025-08
Mount Kinabalu,5,"一步步走过云雾与岩石，是挑战自己，
更是拥抱自然的极致体验。

🏔 攻顶东南亚之巅
马来西亚的荣耀 · 京那巴鲁山 🇲🇾
在海拔 4,095.2 米的高处，
呼吸虽急促，心却无比澄澈。
这里是Low’s Peak，马来西亚乃至东南亚的第一高峰。

⛰️Mount Kinabalu 08072025
⛰️ 4095.2m
⛰️沙巴神山之旅",2025-07
Mount Kinabalu,5,"翻山越岭，只为亲自感受世界的浩瀚。
一步一步前进，总会抵达终点。",2025-07
Mount Kinabalu,5,Cantik ouh macam gunung kembarrr,2025-07
Mount Kinabalu,5,in sha allah dapat pergi sana satu hari nnti,2025-07
Mount Kinabalu,5,Memang menarik disitu terutama sekali kolam air panas Poring..,2025-07
Mount Kinabalu,5,"Sekarang terlalu banyak tangga dan tambahan jarak selepas Laban Rata, berbanding laluan lama lebih 20 tahun dahulu. Mungkin kerana selepas gempa bumi. Harga pun jauh berbeza. Bagus ada latihan, kalau tak mungkin ada payah sedikit untuk ketahanan.",2025-06
Mount Kinabalu,5,꼭~~~~방문해보세요,2025-06
Mount Kinabalu,5,"The peak of kinabalu is amazing. It's worth seeing, even if you don't plan on going to the top (the entrance is outrageously expensive). You have to plan your visit to this place well, because it's quite difficult to get there by public transport, we chose an organized tour (it cost quite a lot - I have doubts whether the attractions vs. the price were worth it). Probably a much better way is to rent a car, then you have no restrictions and you can organize the trip according to your needs. Regardless, I recommend seeing this mountain.

Near the top there are other attractions such as a fish spa, canopy walk, and you can also see the largest flower in the world, the rafflesia. Everyone will find attractions here that are just right for them.",2025-06
Mount Kinabalu,1,"I so badly wanted to do this hike, as mountain lover and climber. I had to refuse, not willing to encurage this type of speculations. We are travelling in a group of three, hiking the mountain would have cost us around 1000 euros, just nuts, completely overpriced. Planet should be accessible to anyone, i get the park entry fee but the rest just a way of empty visitors pokets. Not nice!",2025-06
Mount Kinabalu,5,So beautiful,2025-06
Mount Kinabalu,1,"1 star for the price, hope the Malaysian government will act on this",2025-06
Mount Kinabalu,1,I really wanted to do this hike whilst in the area but decided not to due to the outrageous costs involved which was a shame. The hiking in the foothills didn’t look great either. Please come to Europe / UK and hike our beautiful mountains for free 😁,2025-06
Mount Kinabalu,5,"Finally climb up Mt.Kinabalu that so expensive for foreign tourist but worth that i booked 1night stay and found other share guide that feel less expensive. Anyway, D1 up for was not too hard ofcos early start to avoid rain would be better. And mid night climbed up also luckily as dry and cool in end of March. Clear sky i think that i would have pretty sunrise. The view and landscape so impressive. Going down again after summit photo and after breakfast and rest 40min then walking down to HQ. And that moment i just feel my knee super tired and the last 2km that super slow that maybe i don't have enough rest for such 22.4k with tons stairs up and down. Ha. But overall, worth",2025-05
Mount Kinabalu,5,Amazing view!,2025-05
Mount Kinabalu,5,Nice summit with very majestic rock faces. Be careful of altitude sickness!,2025-05
Mount Kinabalu,5,Saya pernah menengok gunung Kinabalu,2025-05
Mount Kinabalu,3,"シャワーはお湯出ました。
水もホテルで補給できます。
値段が高いので星-2
あとヴィアフェラータはそこまでしなくてもいいかも。",2025-05
Mount Kinabalu,5,4095m,2025-05
Mount Kinabalu,5,besttttt,2025-04
Mount Kinabalu,5,"An amazing experience. Even though the cost for foreigners is INSANE, I had a great time. The sunrise is really the highlight so make sure you make it up in time. For seasoned hikers this summit is super easy, I made it up in 4.5 hours total. The infrastructure on the route is impressive but the amount of stairs really takes away from the climb, I found it incredibly easy.",2025-03
Mount Kinabalu,5,Magical experience. Our guide was first class. Food was great. This is my 2nd time. Hope to do it again.,2025-03
Mount Kinabalu,5,人生真的值得來一次的山景。山屋也很乾淨,2025-03
Mount Kinabalu,5,Best experience I ever had.,2025-03
Mount Kinabalu,5,Masterpiece of nature,2025-02
Mount Kinabalu,1,Very difficult to find on the game who knows where,2025-02
Mount Kinabalu,5,"Finally scratch one off my bucket list. The fresh air,rich flora and fauna, rugged terrain become a dream for any hardy  adventurer. Most importantly the breathtaking view and struggle will  be forever attached to your memories and become a story to tell your grandchildren.",2025-02
Mount Kinabalu,5,Erlebnisklinikum 7 OG koorektiv Pape Bützfleeth,2025-02
Mount Kinabalu,5,Mệt nhưng là 1 trải nghiệm đáng nhớ,2025-01
Mount Kinabalu,5,"說實話， 如果單純論登頂這2.6公里，其實不算難，爬升800，大多路段走在石頭上面，陡上陡下，但是路途不長
真正的難點應該是：
1.前一天是否可以好好休息
2.當天是否下雨
3.是否穿有足夠的衣物
這三點我都沒有，02：00起床之後就累得要命，好不容易過了第二檢查點，山上的氣溫越來越低，穿的衣服不太夠，周圍又開始起濃霧+下毛毛雨+強風
毛毛雨跟強風持續帶走我的體溫，毛毛雨逐漸打濕路徑讓我不得不步步為營，到了天亮四周的白牆，讓我確定看不到日出，才趕緊跟著嚮導極速下山，下山途中，雨勢逐漸加大，更是進一步剝奪我的體溫
還好吃完早餐，喝完含糖咖啡之後，體力略有恢復
由於第二天的行程不只要走2.6公里登頂，還要回頭走8.6公里回到登山口，對體力跟裝備的要求比較高，還請各位朋友注意",2025-01
Mount Kinabalu,5,"This majestic peak fully deserves its 5-star rating as one of Southeast Asia's most impressive natural landmarks.

Standing as the highest mountain between the Himalayas and New Guinea, Kinabalu commands attention with its dramatic granite peaks rising above the surrounding landscape. Its distinctive profile creates an awe-inspiring sight that dominates the Bornean skyline.

The mountain's presence is both powerful and beautiful, offering different faces throughout the day as clouds and light play across its rocky summit. Whether shrouded in morning mist or sharp against a clear sky, Kinabalu maintains its commanding presence.

For both climbers and observers, the mountain provides an unforgettable natural spectacle. Its scale and grandeur make it a true icon of Sabah and a symbol of Borneo's natural heritage.

Even for those who don't climb it, simply viewing this magnificent peak creates a lasting impression. The mountain's ability to inspire awe makes it a standout natural wonder that deserves its reputation as one of Southeast Asia's most remarkable landmarks.

This natural monument stands as a testament to the raw beauty and power of nature, earning its place among the world's most impressive mountains.​​​​​​​​​​​​​​​​",2025-01
Mount Kinabalu,4,"Don't underestimate this hike - short but steep the whole way. Overnight accommodation is good. Ensure you get to the final checkpoint on the ascent before 0530 else not allowed up. Take windproof, warm clothing. Torches and gloves needed. The way down , total 9km is hard on the legs!",2025-01
Mount Kinabalu,5,山非常高，风景非常好，值得一去。,2025-01
Mount Kinabalu,5,"Limits were pushed, incredible views, amazing experience! 10000% recommend grabbing your hiking boots and giving this mountain a climb ⛰️",2024-12
Mount Kinabalu,5,Hikking 🥰,2024-12
Mount Kinabalu,5,"Excellent hike.

Great service, just talk to the staff they can accommodate your hike exertion to your needs, and use the time in the day to suit how you want to achieve it.",2024-12
Mount Kinabalu,5,Absolutely breathtaking. The arduous journey was worth it.,2024-12
Mount Kinabalu,5,Gunung bersejarah ada nanti datang seorang manusia dari Indonesia mas probo untuk menyelesaikan tugas untuk menetralisir gunung tersebut,2024-12
Mount Kinabalu,5,"I’ve climbed Mt Kinabalu for 21 times and I'll recommend people to have stairs exercise and stamina exercise. The first day cover 6KM stair trail and the 2nd day for mixed stair trail, rope section and incline to the top.
I'll recommend you guys to take it slow and steady to acclimatise or you'll get the acute mountain sickness (AMS)",2024-11
Mount Kinabalu,5,Showers are abit cold at the overnight stay. Great food! Highly recommend the via ferrata.,2024-11
Mount Kinabalu,5,"I self organised my own climb and it was significantly cheaper than using some of the extortionate tour packages. It's a bit harder to organise as there is not a ton of clear info and fully up to date websites on how to do it, but it's possible to figure it out if your fine with the added hassle. I booked 8 months in advance and got the 2nd to last spot for my trip date.

At the time of posting I paid maybe 900myr to self organise, including all relevant permits, transport to and from Mt. Kinabalu from KK, 1 night accomodation prior to the climb and guide fees etc. other tours for the same offering are going for like 2400+ to 2600+. You need to book early though to secure your panalaban hostel accommodation!!

The claim up is about 4km of mainly stairs. The trail is pretty well maintained but it's still a tough climb up, going from hot and humid jungle gradually up to more rocky terrain for the final 2km to the camp.

Camp is cold and super windy so bring lots of layers to keep you warm. It can get tough sleeping at night without warm sleepwear.

The final ascent starts at 2.30am to get you to the summit. If your fast, you get to see a beautiful sunrise after scrambling up mainly flat rockfaces with assistance ropes. The wind and cold make this a tough one, and so does the altitude.

The views are great but the peak can be busy.

Descending does wonders in your knees. I didn't take poles and highly recommend using them if you go to save some aches and pains later.

Overall it was a good challenge and a rewarding climb. The only thing I dislike is that the prices, especially for international visitors are so high. They have risen much higher than inflation due to the monopoly that a few tour companies seem to hold over the limited daily climb permits. You can check historic reviews from a few years ago to see the price gouging going on.",2024-11
Mount Kinabalu,5,What! amazing !!!,2024-10
Mount Kinabalu,5,I'm so happy,2024-10
Mount Kinabalu,5,"An amazing experience!

Side note : it is advisable to reach Low’s peak before 5am if you want to see this beautiful sunrise at the horizon.",2024-10
Mount Kinabalu,1,"Veníamos con la intención de subir al Mt.Kinabalu, finalmente nos tuvimos que echar atrás por lo sumamente CARO que es!!! unos 600-700$???? No entendemos dónde va a parar todo ese dinero para solamente 2 días de caminata.
Ya no hablamos si quieres hacer la via ferrata… Una lástima

En Nepal una ruta de 15 días con todo incluido (incluso hoteles durante varios dias en la ciudad) cuesta aproximadamente 800$!!!",2024-10
Mount Kinabalu,1,"Huge scam. First, it is extremely overpriced to summit (the mandatory stay and guide is a joke), it costs more than 3 weeks of hiking in Nepal which is obviously much better. Without the summit, you can visit some trails at the bottom which again is way overpriced, 50 ringgit (>$10) for something that is worth less than $2. They even increased the prices and closed the biggest trail (which they dont say at the entrance of the trail only if you ask for a map). The final joke is that they charge you to go in the botanical garden after youve paid the entrance ticket. Extremely disappointed with this rip off of a world heritage site.",2024-10
Mount Kinabalu,4,"馬來西亞神山又稱京那巴魯山，是馬來西亞境內最高峰，攀登路線單程8.5km，路線雖不長，但海拔由1866m攀升到4095m，上下落差高度達2200m，安排兩天的行程會比較合適。每五位攀登者需聘請一位嚮導，嚮導們基本上都是在地原住民，也肩負著協作的工作，以公斤計費 RM14/KG，跟台灣協作比起來算是相當的便宜，大部分也都可以用英文溝通。	攀登路線規劃的很完善，就算下著雨，地上也不會滑。兩天的行程中，第一天會先爬到山屋住宿一晚，隔天再攻頂，需要注意的是7k check point如果下雨就不會讓登山客通過，我們第二天就差點上不去，還好後來雨停了。7k check point之前大多都是樓梯地形、7k check point之後都是陡上的花崗岩地形，登頂時雖然看起來有點陡，但實際走起來其實蠻穩的。	休息區、山屋等人潮聚集處都連的到網路。Pendant Hut山屋的床很好睡，附有熱水、枕頭、床墊、睡袋(沒有霉味)、洗手台、廁所、浴室，山屋旁甚至還有一間豪華的大餐廳，餐廳有人員幫忙打菜，菜色種類非常豐富，主食、配菜、湯品、飲料、甜點都是吃到飽，是一種在台灣爬山不曾有過的體驗。",2024-10
Mount Kinabalu,5,I will be back !,2024-10
Mount Kinabalu,5,"元旦日出2024.1.1
謝謝雨季期
出現美麗景",2024-10
Mount Kinabalu,5,"A must visit place in Malaysia, memorable journey from the hq kinabalu park to the Panalaban, and next day early morning to the peak enjoy sunrise and exit from the park. It will be really tired for those not exercise regularly, remind to borrow 2 hiking stick first day. Enjoy your trip and have a good memories here. Btw, i am joining trip with borneo calling, thank for their mountain guide and support too.",2024-09
Mount Kinabalu,5,Tidk cukup batu,2024-09
Mount Kinabalu,5,Nice place to challenge yourself,2024-09
Mount Kinabalu,5,"Gunung yg tertinggi yg ada di Sabah..
Pemandangan yg cantik.",2024-09
Mount Kinabalu,5,"Amazing hike.
10/10",2024-08
Mount Kinabalu,5,"Conquered the tallest mountain in Malaysia & Borneo, towering at 4,095m. With the gain in elevation at 2229m from the Timpohon Gate starting point to the summit, it was the toughest physical thing I've ever done. However the climb is gruelling & breathtaking. The route up is 8.7km, with an overnight stop at Laban Rata Resthouse at 3270m, where the second day of climbing started at 2:30am. The journey took us through lush rainforest, mystical cloud forests & rugged alpine landscapes, all the way to the granite crown of Low's Peak. Oh Mount Kinabalu you absolute beauty",2024-08
Mount Kinabalu,4,"2007 my first experience climbing mountain  kinabalu and that time i was 17yrs old..syukur ternaik 1 kali pun ok sudah..panat,mahal, kalau skng..haha masa tu sya kerja angkat barang naik free kana gaji haha..2 hari d di atas gunung banyak pengalaman suka duka kehidupan,sekeliling,pelancong,.sampai skng sya tidak lupa. Perjalanan macam mana sya sampai d gunung start memulai tujuan utama sya dan kawan2 escape dri asrama masa tu form 5 ikut pintu balakang gara2 mau p mingaji naik gunung sbb teda duit kan😂😂😂 eh panjang la cerita dya..blah blah blah smpai skng benda itu sya tidak akan pernah lupakan walaupun beberpa belas tahun sudah berlalu seolah macam baru saja berlaku..omg..syaa rindu tu moment..",2024-08
Mount Kinabalu,5,Its very good pretty senario,2024-08
Mount Kinabalu,5,"2024/08/08
四點出門往桃園機場，下午兩點到達馬來西亞的亞庇機場，晚上八點在神山腳下山屋1500m入住，祈願神山之旅一切平安順利！

2024/08/09。5:50起床、6:30早餐後，8:20往神山檢查點出發，確認入山證無誤9:40 坐車往登山口Timpohon出發，10:00 起登，往攻頂山屋約3300m(6.3公里爬升1400m)

2024/08/10。01:30AM起床，02:30AM出發，06:00AM登頂Lows峰(約4095.2公尺)看日出，09:00AM回抵Laban Rata山屋用早餐，10:00AM下山，我15:30 抵達下山檢查點，完成、「京那巴魯山」俗稱神山，位於馬來西亞沙巴海拔4095.2m，是東南亞第一高峰，主峰為羅斯峰（Low's Peak）

#我這個肉腳，真的是乞求山神、眾神庇佑，靠著響導協助，得以安全下山！謝謝老天爺的照顧！",2024-08
Mount Kinabalu,5,"Memiliki puncak yang unik, berbeda dengan puncak yang lainnya",2024-08
Mount Kinabalu,3,Its literally just a huge rock.,2024-08
Mount Kinabalu,5,Suka bgt,2024-08
Mount Kinabalu,5,"Proud to be as a Malaysian to hike up SEA top mountain!

Definitely a good try but gain with sweat and blood. Pls wear a better hiking shoes as it is quite slippery, and I even got sprained after the hike.

But the view, magnificent and worth the hike",2024-07
Mount Kinabalu,1,My legs hurt. Also no Wi-Fi.,2024-07
Mount Kinabalu,5,"One's of our favourite 🇲🇾 attraction is hiking to highest point of MountKinabalu at Low's Peak summit, towering at 4095.2M (13,435ft) above sea level.",2024-07
Mount Kinabalu,5,"Climbing Mount Kota Kinabalu was an unforgettable experience! The journey is challenging but incredibly rewarding, with stunning views at every turn. The diverse flora and fauna add to the beauty of the trek. The highlight was reaching the summit at sunrise – the view was absolutely breathtaking and worth every effort. The guides were knowledgeable and supportive, ensuring a safe and enjoyable climb. The accommodations along the way were comfortable, providing a much-needed rest. Highly recommend for adventure seekers and nature lovers alike. Don’t forget to bring warm clothes for the summit!",2024-07
Mount Kinabalu,1,"Der Preis für eine Besteigung des Kinabalu ist wirklich unverschämt hoch und steht in keinem Verhältnis zu den sonst in Malaysia üblichen Preisen. Wie wird dieser Preis gerechtfertigt?
Der Weg besteht zu einem Großteil aus Stufen und sogar extra gebauten Treppen. Übernachtet wird in einer Herberge. Es müssen also noch nicht einmal Essen und Zelte hochgetragen werden. Das ist wirklich VIEL zu teuer!",2024-07
Mount Kinabalu,5,It was so fun and beautiful nature,2024-07
Mount Kinabalu,4,Awesome,2024-07
Mount Kinabalu,5,"瞧你一連兩天沒洗澡沒睡好的開熏樣 🌄
An underestimated hike with an unexpectedly stunning view!

#UnderestimatedHike #UnexpectedViews #ClearSkies #MountKinabalu #SouthPeak #TravelBorneo",2024-07
Mount Kinabalu,5,"сейчас поднимаюсь на гору, устала((((
заберите меня 😂
я на 4км",2024-07
Mount Kinabalu,5,"Unbelievable feeling once approaching the target, the summit. Once in your lifetime must try.",2024-07
Mount Kinabalu,3,"Good: I reached the peak and it felt very good. The dinner was incredibly tasty. The breakfast was not too good.

Bad: hiking this mountain is not as fun as going hiking by yourself because the park has established a fixed (very expensive) rate that you must pay, otherwise you can’t hike the mountain. The price includes the guide, the park fee, the room at the top, the dinner when you arrive on the first day, breakfast next morning before going to the peak, and they give you the same food as a second breakfast when you come down from the peak. In the Head quarters, they will do as much as possible to make you pay all the fee by yourself despite your efforts to try and find people to share the guide fee. I didn’t book in advance so I just went that morning and luckily some people had not shown up. I felt bad for them because the park does not return the money. And I had to pay for mine. I understand these are the rules but it just shows that the park has a scheme for squeezing money out of people.

In general, I would say it’s worth it because it’s such a beautiful scenery but I wouldn’t repeat it again.",2024-07
Mount Kinabalu,5,上山虽然辛苦，但是美好的风景是值得的。,2024-07
Mount Kinabalu,4,"The climb was tough, especially with heavy rain throughout. The laban rata rest house has no hot water and showering was painful.

Via feratta timing was extremely difficult to meet, you cant even have time to watch the sunrise should you choose to do via feratta. Highly not recommended unless you’re not there for the summit.

Apart from that, the mountain hasnt changed a bit for the last 20 years. Fairly clean and very beautiful.",2024-06
Mount Kinabalu,2,"Гора конечно красивая, но откуда такой ценник? 200$ чтобы подняться на 4100 это перебор.",2024-06
Mount Kinabalu,5,It's great,2024-06
Mount Kinabalu,5,Very nice experience full of view and mountains.,2024-06
Mount Kinabalu,5,1st climber to reach the summit in 2024(1/1/2024- 4:25am),2024-06
Mount Kinabalu,5,"記錄一下
京那巴魯山 Low’s Peak 成功登頂 4095公尺
2024/JUNE/ 10   三角點的位置腹地很狹小 只能一個一個輪流拍照 ， 需要注意保暖",2024-06
Mount Kinabalu,5,Bagus,2024-06
Mount Kinabalu,5,Amazing experience. Got lucky to catch the Golden Halo (Sigah).,2024-06
Mount Kinabalu,1,"After writing a review on May 15 by my other account CCY Zheng, I have contacted the Government complaint board, Government Tourism Board, Kinabalu Park and Amazing Borneo tour agency.  What I got is nothing.  They just tried to calm you down and let you forget the things.  Unfortunately, the Government and the people are behaving like that.  That’s very disappointed.  The quality of services from Malaysia is…very very bad.

I have attached all my complaints to the government, Kinabalu park and Amazing Borneo Tour for your references.

Once again, I would like to warn you all, as I mentioned, the guide is randomly picked by the Park, if you are “luckily” enough to pick a guide that will leave you behind, looking at his mobile phones all the way on the trip.  Good luck to you all.

I posted all these not just I am very disappointed about the people in Malaysia, it is just about your safety.  I am fortunate enough to get myself back down the hill with high-altitude sickness with a twisted ankle.  The guide just left you behind and won’t care about your health condition.  Anyways, Good Luck to you all who is going to hike Mount Kinabalu.",2024-06
Mount Kinabalu,4,"沒有固定運動習慣的 不要來
一定要去走長鋼索",2024-06
Mount Kinabalu,1,So many rubbish,2024-06
Mount Kinabalu,5,"Well, I think I don't have to say too much, you can already so many review from visitors all over the world about Mt. KK, it's a must visit place for hike lover!

My first visit, already I thinking about revisit to challenge again, might take on Via Ferrata too.all the so call training before the climb was useless, never though the actual situation are so challenging but still, make it to the top with some time to spare, so, guess I have to be satisfied with my own performance.

Going up, struggling after KM4, not for the knee or leg but much to the stamina due to thin air and oxygen level I guess, still able to reach Panalaban within schedule to take dinner and rest. Was having minor headaches so took a panadol and sleep, missed the sunset at Panalaban, what a pity.

Attacking the peak are more challenging, I guess I wasn't fit enough so struggled a bit again, nevertheless, made it to the peak around 6+, was worry they start to descend and will not allow to climb to the peak so didn't spend much time taking photos, else will definitely snap up all my phone memory.

Luck it was a very very fantastic weather on the day, no rain and very clear sky indeed, the view above was speechless, feel like god looking down on earth.

Coming down is actually my biggest challenge for the trip, knee and leg muscle boycotting me half way down, I was really really struggling towards the end, taking step after another step like an old man, thankfully still made it to Timpohon gate by 5pm after forcing myself to move.

A trip to remember and as I said, it's there for me to take the challenge again!",2024-06
Mount Kinabalu,4,"Puncak Malaysia, super sekali 👏",2024-05
Mount Kinabalu,5,"I was absolutely stunned and in awe of the view. I did the hike with Sefrey Sumping - 2 time champion to do the hike in an astounding 2 hour 21 min record!!!
I was so honoured to share this journey with him and Amazing Borneo made the experience worthwhile and not to forget all the amazing people I met along the way!
I feel like the 46,000 stairs is what makes the challenge difficult but the view will leave you wanting for more! The certificate was so beautiful and i will frame it for remembering this time!",2024-05
Mount Kinabalu,5,Enjoying the view and experinced,2024-05
Mount Kinabalu,1,"The guide could leave you behind and let u walk on your own. I joined one of the package provider Amazing Borneo and they said the guide was hired from the park.  So at last, i am the one who is only suffered. They got all my money and got me in danger.  I twisted my ankle, and i walked almost 300m in order to see the guide, and i told him i twisted my ankle and then he said are you okay, i said no.  And then he kept on playing his mobile.  I do not want anyone to suffer liked i did.  Going to the summit without safety and assistance, who would wanna join?

I have posted a photo of my guide who walked in front of me almost 100m aways after i twisted my ankle.

Frankly, not all of the guides are liked that, but if u hike that day and see that guide plays mobile phone and walk ahead of you in far distance, good luck to you.  It means the park has hired guides who are untrained and do not care of ur safety.

Good luck all!",2024-05
Mount Kinabalu,5,Amazing experince...,2024-05
Mount Kinabalu,5,"My recent climb to the peak of Mount Kinabalu was an exhilarating and unforgettable adventure that left me in awe of nature's splendor and my own capabilities. As I embarked on the journey to conquer Southeast Asia's highest peak, I was filled with a mix of excitement and anticipation.

The climb began at Timpohon Gate, where I was greeted by the lush rainforest enveloping the trail. Each step brought me closer to the summit, with the trail winding its way through a diverse landscape of towering trees, moss-covered rocks, and cascading waterfalls.

As the altitude increased, so did the challenge. The steep ascent tested my physical endurance and mental resilience, pushing me beyond my comfort zone. Yet, with each passing milestone, I found renewed determination to press on, fueled by the breathtaking scenery and the camaraderie of fellow climbers.

Reaching Laban Rata resthouse marked a significant milestone in the journey, offering a well-deserved respite and a chance to refuel before the final push to the summit. As night fell, I set out under a blanket of stars, guided by the light of my headlamp and the anticipation of what lay ahead.

The final ascent to Low's Peak was both grueling and awe-inspiring. Battling fatigue and altitude sickness, I pushed myself to the limit, drawing strength from the stunning sunrise painting the sky in hues of orange and pink. With each step, I felt a sense of accomplishment and wonder, knowing that I was standing on the roof of Borneo.

Reaching the summit of Mount Kinabalu was a moment of triumph unlike any other, a testament to perseverance, courage, and the power of the human spirit. As I stood at the highest point in Southeast Asia, surrounded by panoramic views of the Sabah landscape, I was overcome with a sense of humility and gratitude for the opportunity to witness such natural beauty.

Descending from the peak, I carried with me not only memories of the journey but also a newfound appreciation for the magnificence of Mount Kinabalu and the indomitable spirit of those who dare to conquer it. It was an experience that challenged me, changed me, and will forever hold a special place in my heart.",2024-04
Mount Kinabalu,5,very good,2024-04
Mount Kinabalu,5,Best experience ever with my friends with our guide leader Jia Cheng and Nicholas from AVIDER really enjoy Thk 💕,2024-04
Mount Kinabalu,5,"One of the nicest place that I have been to.

We chose 2D1N package with via ferrata.   Pacakge without via ferrata are really full booking because they are cheaper so better plan and book early. But I am afraid of height and I was already so tired so I chose not to join (no refund).

If you join via ferrata, you need to arrive the dorm in the first day by 4pm to listen to the briefing.  We arrived at about 3:35pm.  I made my money worth by listening to the breifing and tried using the climbing protections. :)

After the briefing, we went to have a buffet dinner.  You need to sleep by 7pm because you need to wake up at 1:30am to climb up thr hill.  Many people cannot sleep well, but really better to take a rest, even for 3 hours only.  While climbing up, you can see the sky with milky way 🌌 (but not tto obvious).

To get the certificate, you need to arrive the check point before 5:30am.  I arrived at about 4:35am and was at KM 8.0 5:40am.  A while later, the sky starts to get brighter with some beautiful colours while you can still see a lot of stars.  The scene was stunning and it was a really peaceful moment to me.

Resting for a while, I keep moving.  With the help of the tour guide (thank you so much!), I reach the peak at 6:59am.  The road to the peak was really strep and need to be careful.  I need more time if I climbed it up myself.

Then we go back to the dorm.  After some rest, we went down to our starting point.  It took us about 5 hours for the 6km route.  And we arrived at about 5:10pm.  If you arrive at the entrance after 4pm, extra charge is needed to pay to the tour guides (30 RM per hour for each tour guide).  We paid 120 RM for the two tour guides.

Anyway, reaching this mountain is one of my accomplishment in my life :). (May not have the second chance to do it again)",2024-04
Mount Kinabalu,5,"So lucky that the day I came the weather condition, the sky, the cloud, the sunset. All made a memoriable trip ever.",2024-03
Mount Kinabalu,5,"Breathtaking experience and amazing sunrise view in the top of the mountain, highly recommended place, must have it on your Borneo adventure, 😍",2024-03
Mount Kinabalu,1,"Masuk RM10.00 utk ke galeri sahaja.
Tidak berbaloi.menyesal masuk.
Bayaran ke kaki gunung dikenakan apabila menaiki Bas yang disediakan, Kereta sendiri tidak dibenarkan ke kaki gunung..
Pihak pengurusan SCAM",2024-03
Mount Kinabalu,5,My weight is 135kg and I manage to climb to the top. The view is superb and beautiful...,2024-03
Mount Kinabalu,5,Gorgeous mountain with several trails from the headquarters. We paid 50 MYR per person which was valid for up to three days. Highly recommend stopping even if only for a few hours for a quick trail. Otherwise you’ll need to pay a permit and guide for the hike up which is typically done over two days.,2024-03
Mount Kinabalu,5,do you remember on 5 june 2015 🤨,2024-03
Mount Kinabalu,5,Tallest peak in geographical South East Asia continental plate. You must experience the beautiful sunset in Laban Rata,2024-02
Mount Kinabalu,1,"The official website is giving confusing information. Instead of telling the true that it cost minimum R2050 to climb the mountain. It comes out with cheap breakdown like permit. guide , entrance fee to let people think is cheap to scale this mountain. I don't know what the Goverment trying to hide or cheat?",2024-02
Mount Kinabalu,5,Keluarga lema,2024-02
Mount Kinabalu,5,Scenic beauty !!! Had a chance to experience this beautiful mountain.,2024-02
Mount Kinabalu,5,"Gunung Kinabalu kebanggaan seluruh Asia, ketinggian 1101m  seluruh pelusuk dunia telah menerokai keindahan puncak gunung Kinabalu yang semulajadi.amat di alur alukan seluruh pelusuk dunia untuk menikmati tarikan yang indah  dan mempesona setiap pelancong.",2024-01
Mount Kinabalu,5,Kepingin kesana,2024-01
Mount Kinabalu,5,"Không biết nói gì hơn, vì nó quá cao. Mây luôn phủ kín cho dù nó là buổi trưa nắng…",2024-01
Mount Kinabalu,5,Mendaki Gunung Kinabalu pada bulan Mei tahun 2023 merupakan salah satu pengalaman yang berharga. Kaki memang sakit la. Lagi2 training sekali seminggu saja. Semoga ada peluang lagi untuk repeat.,2023-12
Mount Kinabalu,5,好壯觀的山景,2023-12
Mount Kinabalu,5,Breathtaking view from so many locations. Loved it,2023-11
Mount Kinabalu,5,Fantastic experience !,2023-11
Mount Kinabalu,4,"Nice summit and trail, well-maintenance. There are many staircases to make it possible for even beginners. The first day seems easy but the second day is more challenging as you need to wake up at 2AM, having some hot tea and light food then climbing up. Drink enough water and take medicine if you have attitude sickness. I booked the slot with my hostel so I don’t know if  it’s easier for you to book slot and guide by yourself. Ask your hotel/hostel if they have that kind of booking services and compare the price. Normally, it’s cheaper than online tour agents around RM1800/pax. There is no busses going directly from KK to National Park. You can your bus tickets online or at Inanam Bus Terminal for the Bus to/from Sandakan or Semporna. Even though it’s nice experience but I can give 4 stars only.",2023-11
Mount Kinabalu,5,"The best place to hike, and friendly trail even to beginner. Panalaban is a cozy place to stay with good food.",2023-11
Mount Kinabalu,5,"For me it was very impressive my first time climbing on the bit over 4000m.
Quite hard because mostly stairs and rock stairs plus the highness so lower amount of oxygen that make a job.
And most importantly the view was just magnificent:) it was worth it.",2023-11
Mount Kinabalu,5,Le point culminant se mérite ! Ascension étonnante où la moiteur chaude fait place à un delta de température de quasi 30°c ressentis au sommet. Faune et flore changeante ou l’émerveillement est omniprésent. Trek accompagné d'un guide sur 2 jours. Magnifique.,2023-10
Kellie's Castle,5,Great expirence.. very historic place.. now i know whos castle is this..,2026-09
Kellie's Castle,5,So nice n view cantik...nak dtg repeat lagi..,2026-09
Kellie's Castle,5,"Cantik Sangat, view kat atas pun indah. 10 / 10",2026-09
Kellie's Castle,5,Tempat best & menarik sesuai utk anak2 kenal sejarah kellie castle,2026-09
Kellie's Castle,5,Beautiful place and staff here very attentive,2026-09
Kellie's Castle,5,Mantap n panas giler sini 😂 hahahaha !!!,2026-09
Kellie's Castle,5,👍,2026-09
Kellie's Castle,5,"Tempat yang menarik utk dilawati. Sebagai orang luar kawasan, kami tertarik dengan pemandangan  yang ada",2026-09
Kellie's Castle,5,Servis terbaikkkk!! Gambar cantikk!,2026-09
Kellie's Castle,5,Good view,2026-09
Kellie's Castle,5,best!! air tak banyak pilihan tapi sedap laa nak hilangkan dahaga :),2026-09
Kellie's Castle,5,Friendly staff,2026-09
Kellie's Castle,5,Mantap cabtik,2026-09
Kellie's Castle,4,The best place,2026-09
Kellie's Castle,5,niceeeeeee,2026-09
Kellie's Castle,5,Good experience n nice view,2026-09
Kellie's Castle,5,Memorabpe visit. Great architecture!,2026-09
Kellie's Castle,5,Pengalaman menakjubkan dapat mmpelajari sejarah tanah melayu dan dapat melihat istana tinggalan sejarah,2026-09
Kellie's Castle,5,Nice place to visit.,2026-09
Kellie's Castle,5,"Mandi di atas atap, mantap!",2026-09
Kellie's Castle,5,"I was amazed by this place, arrived around 6:30pm to catch a short visit before sunset.
The castle was really amazing and respect to the owner with lots of imagination on how rich he was at 1915 that year.
However, the safety of this castle needs some enhancement, is dangerous in many many ways especially you have kids.
Overall still love this place, but for family with kids need to be more careful and monitor close when visit in the castle.",2026-09
Kellie's Castle,5,Really enjoyed visiting Kellie’s Castle! It was nice to see the original structure still being preserved. Such a unique place with lots of history.,2026-09
Kellie's Castle,4,"jalan2 bawak ank cuti sekolah.Parking rm 5.00, dewasa rm9.00, kanak2 rm 7.00. Katanye ada free tram/ train, tpi xd. Beli ticket dekat website je.Senang & mudah",2026-09
Kellie's Castle,5,Menarik,2026-08
Kellie's Castle,5,Ok,2026-08
Kellie's Castle,5,One of the best to visit with kids.,2026-08
Kellie's Castle,5,Best kat sini,2026-08
Kellie's Castle,5,Baik,2026-08
Kellie's Castle,4,"နေအရမ်းပူတယ်။ ထီးယူလာသင့်တယ်။
မနက်ခင်းနဲ့ ညနေကို လာသင့်တယ်။",2026-08
Kellie's Castle,5,The assists was good. A lil bit hot due to weather not services. Recommended to come at evening.,2026-08
Kellie's Castle,4,Good place to click some picture and if weather is good then can spend some time there.,2026-08
Kellie's Castle,5,best sangat!!!,2026-08
Kellie's Castle,5,Nice experience,2026-08
Kellie's Castle,5,I was get a best experience ans know the creation of Kelly castle,2026-08
Kellie's Castle,5,Historical and mystical,2026-08
Kellie's Castle,5,love every angle of the building. very historic & nice informative place.,2026-08
Kellie's Castle,5,"Very nice view, castle is beautiful n nice",2026-08
Kellie's Castle,5,Cantik,2026-08
Kellie's Castle,5,To all management strong and powerful team.. keep it up 🫡,2026-08
Kellie's Castle,5,Semua ok,2026-08
Kellie's Castle,5,Penjaga parking bernama naim memang mantap,2026-08
Kellie's Castle,5,"Really enjoyed visiting Kellie’s Castle! I’ve always loved classical buildings with centuries of history behind them, and this place definitely has that kind of charm. There’s something fascinating about walking through an old building and imagining what life must have been like when it was actually lived in.

There isn’t a huge amount to see here, and most of the rooms are pretty empty, but I think that’s part of what makes it interesting. If you’re someone who enjoys looking closely at the little details, piecing together the history and imagining what happened in each space, you’ll probably enjoy exploring this place.

It was also slightly eerie walking through some of the empty rooms and corridors; especially when you start imagining how the castle would have looked and felt back in its time.

There’s also a Hindu temple nearby which is worth visiting while you’re in the area. Overall, I enjoyed it more for the history, atmosphere and architecture than for having lots of things to see.",2026-08
Kellie's Castle,5,Kelly’s Castle isn’t just an old building—it’s a beautiful reminder that even unfinished dreams can leave behind an unforgettable legacy.,2026-08
Kellie's Castle,5,Good view & experience,2026-08
Kellie's Castle,5,Sangat menarik dan mengetahui sejarah pembinaan bangunan Kellie Cast,2026-08
Kellie's Castle,5,Bestt placee !!,2026-08
Kellie's Castle,5,Good,2026-08
Kellie's Castle,5,Such a beautiful place,2026-08
Kellie's Castle,5,view cantik gambar sangat cantik,2026-08
Kellie's Castle,4,"Tempat menarik untuk penggemar Instagramable. Lighting cantik datang la awal pagi, seawall pembukaan 9.30. pasti puasa hati",2026-08
Kellie's Castle,5,"Kellie’s Castle really stuck with me — it has this eerie, unforgettable presence that makes it feel unlike anything else in Malaysia. I especially liked how the mix of Scottish, Moorish, and Indian influences shows up in the structure, giving it a character that is both grand and a little mysterious. It’s the kind of place that leaves you thinking about the history long after you leave.",2026-08
Kellie's Castle,5,Very nice place & service,2026-08
Kellie's Castle,5,I love it!,2026-08
Kellie's Castle,5,"beautiful scenery, best view",2026-08
Kellie's Castle,5,Tempat yang sangat menarik untuk tarikan pelancong luar dan dalam negara,2026-08
Kellie's Castle,5,The place so beautiful,2026-08
Kellie's Castle,5,besttttt 🩷🩷,2026-08
Kellie's Castle,5,"nice place to visit, never dissapointed",2026-08
Kellie's Castle,5,New experience and good vibe to explore the castle,2026-08
Kellie's Castle,5,Ticking system should be improved,2026-08
Kellie's Castle,5,Good architectural place to visit,2026-08
Kellie's Castle,5,Best sangat,2026-08
Kellie's Castle,5,Quick and fast for ticketing process eventho during weekend/PH..Awesome hospitality...,2026-08
Kellie's Castle,5,Best100%,2026-08
Kellie's Castle,5,Haraga masuk sangat berbaloi. Tempat bersejarah yang perlu dikunjungi. Staff sangat mesra.,2026-08
Kellie's Castle,5,"saya sangat suka tempat ni , tempat ni sangat menarik",2026-08
Kellie's Castle,5,"nice experience,nice services",2026-08
Kellie's Castle,5,"A great historical place to visit and take some amazing photos! 📸

The story behind the castle is really interesting and makes the visit even more worthwhile. Definitely worth checking out if you’re into history and beautiful spots!",2026-08
Kellie's Castle,4,It's a good history place to go,2026-08
Kellie's Castle,5,Nice castle with good view,2026-08
Kellie's Castle,5,The place is amazing,2026-08
Kellie's Castle,5,sangat menarik,2026-08
Kellie's Castle,5,soo good,2026-08
Kellie's Castle,5,sangat bagus dan terbaik,2026-08
Kellie's Castle,5,Best view,2026-08
Kellie's Castle,5,sangat cantik staff pun ramah,2026-08
Kellie's Castle,5,soooooo prettyyyy love ittt,2026-08
Kellie's Castle,5,Sangat cantik,2026-08
Kellie's Castle,5,the view everrrrr,2026-08
Kellie's Castle,5,very nice view here,2026-08
Kellie's Castle,4,"Kellie’s Castle is a beautiful and interesting historical place to visit. The scenery and architecture are really nice, and there are many good spots for taking photos.
However, I found the ticket kiosk a little confusing because there were two different prices displayed, so it was not very clear which ticket to choose. The ticket price also felt slightly expensive.
One thing that could be improved is the accessibility information. It would be helpful if visitors were informed beforehand that wheelchairs and strollers cannot easily access the upper levels, as there are stairs leading up to the castle. This is especially important for families with young children or visitors with mobility difficulties.
Overall, it was still a nice experience, especially for those who enjoy history, architecture and photography.",2026-08
Kellie's Castle,5,Tempat bagus,2026-08
Kellie's Castle,5,Experience yang sgt bgs,2026-08
Kellie's Castle,5,Cantik tmpt ni .,2026-08
Kellie's Castle,5,tempat menarikk,2026-08
Kellie's Castle,5,Nice place..,2026-08
Kellie's Castle,5,Tempat cantik Dan well managed,2026-08
Kellie's Castle,4,"A beautiful and unique historical place to visit! 🏰 Kellie’s Castle has such an interesting atmosphere, with its old architecture and fascinating history. It’s a great place to explore, take photos, and learn more about the story behind the castle. Overall, I really enjoyed the experience and would definitely recommend visiting! ✨",2026-08
Kellie's Castle,5,"Pretty place , recommend for shot photo .",2026-08
Kellie's Castle,5,"Good place for photoshot , but abit hot , bring own mini fan . Pretty",2026-08
Kellie's Castle,5,Well maintained. A simple brick structure. Nice view from the top.,2026-08
Kellie's Castle,5,Sangat best...x menyesal prgi sini...mn ii yg dri luar singgh sini sbb tmpt ni adalah bngunab bersejarah yang sesuai untk semua peringkt umur bgmbr atau pendedahan tentang sejarah disini.,2026-08
Kellie's Castle,5,nice place,2026-08
Kellie's Castle,5,nice experience. nice view. good services by najlaa and aiman,2026-08
Kellie's Castle,5,"Pengalaman yg tak dpt di tempat laun, pengalaman baru",2026-08
Kellie's Castle,2,It’s a great place historically but I gave 2 stars due to the lack of upkeep. The furniture and treasures of the family are deteriorating due to the neglect and care it warrants.,2026-08
Kellie's Castle,4,"Kellie’s Castle stond bij ons eigenlijk vooral op de planning als opvulling van de dag, maar achteraf was het verrassend leuk. Je koopt een entreeticket en kunt vervolgens vrij door het kasteel en de omliggende ruïnes lopen. Je kunt helemaal tot het dak komen, waar je een mooi uitzicht over de omgeving hebt.

Het kasteel en de geschiedenis erachter vonden wij niet bijzonder indrukwekkend, maar er valt genoeg te ontdekken. Als je een beetje creatief bent, kun je hier bovendien erg leuke foto’s maken. Als je goed rondkijkt, kun je op verschillende plekken vleermuizen spotten. Ook is er nog een kleine boerderij met enkele dieren.

Geen absolute must-see, maar achteraf zeker de moeite waard. Wij hebben hier uiteindelijk een prima middag gehad!",2026-08
Kellie's Castle,5,"Layanan mersa,,terbaik boleh ajak bergurau,,",2026-08
Kellie's Castle,5,Good servicr,2026-08
Kellie's Castle,5,Beautiful scenery for memory,2026-08
Kellie's Castle,5,Historical place that should be visited. Easy to park and kids friendly.,2026-08
Kellie's Castle,4,Had wonderful experience at Kelli’s Castle with memorable photo giftaway❤️,2026-08
Kellie's Castle,5,"Visiting Kellie’s Castle was a pleasant and interesting experience. The historical architecture and old castle structure were beautiful and unique, making it an enjoyable place to explore and take photos. I also enjoyed learning about the history and stories behind the castle. Overall, it was a memorable visit and a great place to experience one of Perak’s historical attractions.",2026-08
Kellie's Castle,5,Sangat bagus tempat nie,2026-08
Kellie's Castle,5,"Full of history, to visit this place if you are in Gopeng also excellent services by the team.",2026-08
Kellie's Castle,5,Gooooddd,2026-08
Kellie's Castle,5,good,2026-08
Kellie's Castle,5,Good ambience and scenery. Service was perfect.,2026-08
Kellie's Castle,5,Best tempat ni bawak anak2,2026-08
Kellie's Castle,5,Very nice my room,2026-08
Kellie's Castle,2,Tempat ni cantik cuma tak terjaga. Tiket mahal tapi tak ada orang bersihkan pun. Banyak tahi cicak dan sebagainya.,2026-08
Kellie's Castle,5,Nice place&will come again... We love it❤️❤️❤️,2026-08
Kellie's Castle,5,So chantek & aesthetic. Must visit,2026-08
Kellie's Castle,5,"A very nice place, clean, historical, and of course beautiful",2026-08
Kellie's Castle,5,Gambar2 menarik... Terima kasih,2026-08
Kellie's Castle,5,Best Experience dekat sini 😆 dulu dah pernah pegi tapi takde benda menarik sangat.. kali ni datang lagi bawak family besar ☺️ Alhamdulillah semua have fun,2026-08
Kellie's Castle,5,nice place to visit,2026-08
Kellie's Castle,5,tempat menarik dan seronok,2026-08
Kellie's Castle,5,Nice view📸🔥,2026-08
Kellie's Castle,4,"Good view, relaxing place, my son loved the waffles (he’s giving it a 5 just for that😅).",2026-08
Kellie's Castle,5,Good place for tourists,2026-08
Kellie's Castle,5,Unique and beautiful place💖,2026-08
Kellie's Castle,5,You can spend at least an hour looking around. The information provided on its history and photo opportunities are fantastic!,2026-08
Kellie's Castle,5,"It was a hot day, but overall I got one of my best pictures in this Ipoh dump! >.<",2026-08
Kellie's Castle,5,Very good visit and must try,2026-08
Kellie's Castle,5,Okayyy,2026-08
Kellie's Castle,5,"good place, so enjoy here",2026-08
Kellie's Castle,5,Good experience,2026-08
Kellie's Castle,5,"Today’s visit to Kellie’s Castle was one of those experiences where the heat and humidity were definitely testing me! ☀️🥵 I was completely drenched in sweat after exploring the castle, climbing the old stairways and walking around the rooftop.

But honestly, it was totally worth it.

Beyond the beautiful and mysterious architecture, I got to learn more about the history behind this unfinished castle, the Kellie family, and how the building reflects a fascinating mix of architectural styles. Walking through the old brick walls, arched windows, hidden-looking passages and rooftop areas made the history feel much more real than simply reading about it.

The views from the top were also amazing — green hills, trees and the surrounding landscape stretching into the distance. 🇲🇾

A hot and sweaty day, but definitely a memorable one. Sometimes you need to step out, explore somewhere historical and experience the story for yourself to really appreciate it. ❤️

Kellie’s Castle — hot, historic, mysterious and totally worth the visit! 🏰☀️",2026-08
Kellie's Castle,5,It’s very hot today. Please bring an umbrella or wear a cap to protect yourself from the sun.,2026-08
Kellie's Castle,3,best but panas kalau datang tengah hari ..,2026-08
Kellie's Castle,4,"Nice castle, be aware that you will need to pay an entrance fee of RM19 for Non-Malaysian which is still cheap.",2026-08
Kellie's Castle,5,Good so funy,2026-08
Kellie's Castle,1,"esta todo en ruinas y practicamente vacio
los animales estan en espacios muy pequeños en general no recomendaria venir",2026-08
Kellie's Castle,5,Menarik bawak kanak kanak bercerita tentang sejarah,2026-08
Kellie's Castle,5,Very amazing in the castle,2026-08
Kellie's Castle,1,"The castle itself is astonishing from outside, but when entered, it is so dusty and full of animals poop. The place is not well maintain and have low hygiene. Need to pay rm5 for the parking and expensive entrance fee rm9. Not recommend to visit.",2026-08
Kellie's Castle,5,มีค่าเข้าชม อาคารสวย คงความเป็นเอกลักษณ์เมืองเก่า,2026-08
Kellie's Castle,2,"Great place and beautiful history to it. But the cleanliness and maintenance very poor. Loads of flies around the area, the black spots on the floor are flies. Worth one visit, but as a local.. I hope they improve because there are people willing to visit but nothing much to do.",2026-08
Kellie's Castle,5,"😍 Very beautiful and wonderful, I love this place",2026-08
Kellie's Castle,5,"Kellie’s Castle – ghé “lâu đài ma” giữa vùng ngoại ô Ipoh

Cách trung tâm Ipoh khoảng 30 phút lái xe, Kellie’s Castle nằm ở Batu Gajah, bang Perak, là một trong những điểm tham quan có màu sắc khác biệt nhất của Malaysia. Công trình được khởi xây đầu thế kỷ XX bởi William Kellie Smith, một chủ đồn điền người Scotland. Ông qua đời năm 1926 khi lâu đài vẫn chưa hoàn thành, để lại phía sau một công trình dang dở và hàng loạt câu chuyện bí ẩn.

Tôi đến đây vì cái tên “lâu đài ma”, nhưng điều giữ chân lâu hơn lại là cảm giác vừa đẹp vừa buồn của một giấc mơ bị bỏ lại. Những bức tường gạch cũ, hành lang dài, cầu thang dẫn lên tầng cao, các căn phòng chưa hoàn thiện tạo nên một không gian có phần lạnh lẽo. Người ta kể về những bóng người xuất hiện ở hành lang hay căn phòng cũ, nhưng đứng giữa ban ngày, nỗi sợ không rõ rệt bằng cảm giác tò mò về cuộc đời chủ nhân và lý do công trình mãi mãi dừng lại ở trạng thái dang dở.

Điểm thú vị là du khách có thể tự mình len qua nhiều khu vực của lâu đài, lên tầng cao ngắm vùng cây xanh xung quanh Batu Gajah và tìm những góc kiến trúc pha trộn ảnh hưởng châu Âu, Ấn Độ và Moorish. Một vòng tham quan hợp lý mất khoảng 1–2 giờ.

Hiện Kellie’s Castle vẫn hoạt động bình thường. Trang chính thức công bố mở cửa hằng ngày từ 9h30 đến 22h, lượt vào cuối lúc 21h30. Giá tham khảo gần đây cho khách nước ngoài khoảng 10 ringgit/người lớn, 8 ringgit/trẻ em, nhưng nên kiểm tra lại khi mua vé vì chính sách có thể thay đổi.",2026-08
Kellie's Castle,5,"nice weather but you have to bring umbrella la, nice castle with nice service",2026-08
Kellie's Castle,5,1st time datang ke sini. Cantikkkkk,2026-08
Kellie's Castle,5,"tips ; bawa handfan, bawa payung.

staff semua membantu. beli gambar 3 keping yang kecik RM15 je.",2026-08
Kellie's Castle,5,Tempat bersejarah yang sangat menarik dan terjaga. Banyak sudut cantik untuk bergambar serta sesuai dikunjungi bersama keluarga. Memang berbaloi singgah kalau datang ke Perak.,2026-08
Kellie's Castle,5,interesting,2026-08
Kellie's Castle,5,"tempatnya baguss, keren, bersejarah sangat cocok dikunjungi saat liburan",2026-08
Kellie's Castle,5,Tempat baguss dan mernarikk buat dikunjungin,2026-08
Kellie's Castle,5,Historical site and balat hangat 👌🔥🔥,2026-08
Kellie's Castle,2,"Viel zu teuer, insbesonders für ausländische Touristen, die ca das doppelte von Einheimischen zahlen. Die wenigen Räume mit Möbel wurden vermutlich noch nie gereinigt, alles ist komplett verstaubt.",2026-08
Kellie's Castle,5,สวย แดดร้อนมาก ข้างในเหม็นกลิ่นฉี่ กลิ่นขี้หนู กลัวจะติดเชื้อโรค ค่าเข้าแพงควรจะดูแลความสะอาดหน่อย,2026-08
Kellie's Castle,5,Historic place to visit! Bawak payung cuaca panas.,2026-08
Kellie's Castle,5,"Recommend bawak payung, kipas and topi.",2026-08
Kellie's Castle,4,"Hot, pls add on fan",2026-08
Kellie's Castle,5,Sangat menarik dan berpuas hati,2026-08
Kellie's Castle,5,Sympa pour passer 2h,2026-08
Kellie's Castle,4,"日久失修, 有好多蝙蝠, 環境超污糟, 要收入場費, 不過有牌講呢個古堡嘅歷史",2026-08
Kellie's Castle,4,"Kellie’s Castle was one of the more unusual historical places I visited in Perak. It does not feel like a typical restored palace or museum because the building was never actually completed. Standing inside the unfinished structure, with its empty rooms, long corridors, arches and partially developed sections, gives the place a slightly mysterious atmosphere that is quite different from most heritage attractions in Malaysia.

The mansion was built by William Kellie Smith, a Scottish planter who became wealthy through rubber and tin-related businesses in Perak. Construction began in the early 20th century, with major work taking place around 1915. Unfortunately, Smith died of pneumonia in Lisbon in 1926, and construction was subsequently abandoned. His unfinished residence eventually became one of Batu Gajah’s best-known landmarks.

The architecture is probably the strongest part of the visit. There are Moorish, Indo-Saracenic and Roman influences throughout the building, with horseshoe-shaped arches, brickwork, decorative details and unusual structural features. The mansion was also planned to have an elevator, which would have been an impressive feature for its time. Some of the hidden rooms and underground passages add to the sense of mystery surrounding the property.

I enjoyed exploring the different levels because the unfinished condition actually makes the building more interesting. Instead of everything being perfectly restored, you can see parts of the original construction and imagine what the completed mansion might have looked like. The elevated location also provides pleasant views of the surrounding greenery and the Raya River area.

The main drawback is that some areas can feel a little rough and the historical information could be presented more clearly. The stories about ghosts and supernatural activity are popular, but I think the verified history of William Kellie Smith and the people who built the mansion is much more interesting than relying only on the haunted-castle reputation.

Overall, I found Kellie’s Castle genuinely worthwhile. It is not an enormous attraction and the visit does not need an entire day, but the unfinished architecture, unusual history and atmosphere make it memorable. I would recommend visiting with some background knowledge because understanding why the castle was built and why it remained unfinished makes walking through it much more meaningful.",2026-08
Kellie's Castle,3,"한줄평: 귀신의 집처럼 생겼는데 알고 보니 진짜 귀신의 집이라네?!

매력적인 성이지만 일단 시내에서 너무 멀다. 도심에서 무려 15킬로 이상 떨어졌으니
거의 이포가 아닌 다른 도시 수준이다.
(실제 구글맵상에도 이포가 아니라 바투 가자라는 지명으로 표기된다.)

이포 주요 관광지들이 다들 이런 식이지만 여긴 특히 더더욱 위치가 나쁘다.
대충 낮에 그랩타고 가도 편도 30~40링깃이고
여기에 톨게이트 비용까지 추가된다.

밤 10시까지 하긴 하는데  밤엔 성의 일부만 불이 켜지니
안그래도 평일에 사람 적은 곳인데
불꺼지고 비까지 오면 한층 더 으시시해진다.
(실제 내가 간 날 그랬단 소리다.)

켈리라는 영국인이 그의 아내 아그네스에게 바치기 위해 반절쯤 짓다 미완공된 성이다.

당연히 유럽의 왕궁이나 귀족들 성 생각하면 안되는 성치고 아주 작은 규모이다.
거기다 완공조차 못했으니 큰 기대하고 방문하면 곤란하다.

아무튼 켈리는 이 성 착공 얼마 후 포르투갈에서 폐렴으로 죽게 된다.
한참의 시간이 지나고 유럽의 관광객들이 실제 이 곳에서 켈리로 보이는 유령형상 사진도 찍었고 성은 나름의 유명세를 얻는다.

그의 딸내미 방에서도 딸의 유령이 나온다던데
사실 켈리 딸은 이미 어린 시절 아빠 손잡고 건강히
말레이시아 떠서 유럽에서 성인으로 장성했단다.
그러니 후자는 그냥 구라라는 게 학계의 정설..

나름 사진찍기 좋고 한적한 곳이지만
평일에 인적도 드물고 그랩이든 택시든 이동 비용이 비싸다.

밤중에 혼자라면 도시로 돌아갈 차 기다리기도
난감한 입지이다.

한시간 정도면 충분히 둘러볼만한 너무 크지도 작지도 않은 아담한 성.

입장료는 온라인 구입하거나
입구 앞의 노점에서 말그대로 귀신처럼
느닷없이 튀어나오는 둥글둥글한 현지인 청년에게
현찰로 구입해 들어가거나 둘 중 하나다.
(티켓오피스가 없다. 그 동글이 청년이 티켓 오피스 망했다나 부서졌다나 그러던데 과연 그럴수가 있는건가 싶다.)

2025년 8월 기준 16링깃인데 현찰내면
그 청년이 며칠지난 수상한 큐알코드 사진찍어 가라면서 이게 티켓이라며 스윽 내민다.

뭔가 대단히 수상하고 가격도 상당하지만 근처에 다른 사람이 없으니 어쩌겠나?

성곽 일부는 보수 및 추가 전시 준비하는 듯 보인다.

이포에서 반나절쯤, 아니면 그 이상 시간이 남는다면 그래도 가볼만하다.
동남아시아에 남아있는 영국식 성이라니 나름 독특하지만,
엄청난 왕복 택시비에, 그만큼 긴 이동 시간,
수상하고 저렴하지 않은 입장권까지 고려하면
솔직히 방문을 추천하기 쉽지는 않은 곳..",2026-08
Kellie's Castle,5,"Merita la passeggiata, il sito è pieno di curiosità e racconta la storia di un personaggio eccezionale, Mr Smith Kelly!
Antistante c’è anche un ottima e attrezzata area bambini con animali e giochi",2026-08
Kellie's Castle,1,Pada 8/8/2026 jam 3 ptg ..ketika saya sedang Q utk bayar parking tiba2 pintu pagar besi bergerak Dan hentak tepi kereta saya. Pihak pengurusan mengambil silap Lepas tangan atas kerosakan kereta tersebut.,2026-08
Kellie's Castle,3,"入場料の割にはイマイチでした。
外国人とローカルの人の金額も違うし、タッチパネルで購入するときに入力したメルアドに入場用QRコードが送られてきます。駐車料金はRM5で現金不可です。",2026-08
Kellie's Castle,5,Utk yg minat sejarah dan seni purba dulu kalau mmg korang patut dtg sini,2026-08
Kellie's Castle,4,Nice for ootd,2026-08
Kellie's Castle,1,"tak seram langsung, jangan letak expectations boleh jumpa hantu macam saya.",2026-08
Kellie's Castle,4,Château a voir dans la région ipoh. Le château possède des ruines et une belle vu sur la nature,2026-08
Kellie's Castle,5,"A must place to come, the place is very beautiful to take picture, service is very good. Very recommended to come",2026-08
Kellie's Castle,5,"사진 스팟이 엄청 많음
입장료도 따로 있고
사진 찍어주고 돈 받는 서비스도 있음
난 안했지만 날씨가 너무 더워서
죽을 뻔 함 ㅎㅎ",2026-08
Kellie's Castle,5,Good place to take photos with castle view,2026-08
Kellie's Castle,5,Seram lift dia😂😂,2026-08
Kellie's Castle,3,"This is an old castle with an attractive exterior that looks great in photos. The outside area is well worth exploring if you're looking for aesthetic pictures for your Instagram feed.

However, the interior was a bit disappointing. It feels worn down, quite dusty, and doesn't seem to be very well maintained. While you can still take photos inside, I personally didn't find it particularly interesting. The exterior is definitely more impressive than the inside.

Overall, it's worth a visit if you enjoy historic architecture or want some nice outdoor photos, but I wouldn't set high expectations for the interior.",2026-08
Kellie's Castle,5,Recommended,2026-08
Kellie's Castle,5,Beautiful castle,2026-07
Kellie's Castle,3,"Poorly maintained. What a pity. Dusty exhibits, decaying floor boards. At this rate we will lose this artifact in a few years.

Satisfied a childhood yearning to see it but I don’t recommend going out of the way to visit. Only if you have nothing else to do.",2026-07
Kellie's Castle,5,This was an eye-opener for me; I never imagined that Malaysia had castles.,2026-07
Kellie's Castle,5,"An Emerald Sanctuary: The Golden Era of Kellie’s Estate
Long before Kellie’s Castle became an intriguing set of ruins perched above the modern highway, it was chosen for a very specific reason: its breathtaking, panoramic location.
​When William Kellie Smith surveyed the land in the early 1900s, he didn't just see a site for a mansion; he saw a private kingdom wrapped in an endless blanket of green. Positioned high on a gentle hilltop, the estate was designed to command sweeping 360-degree views of Perak’s lush landscape—a tropical paradise that felt worlds away from the rest of the world.
​A Living, Breathing Canvas
​In its prime, standing on the upper terraces or looking out through the mansion's ornate window frames offered a view that rivaled the finest estates in Europe:
​The Sea of Greenery: Looking outward, your gaze would travel across rolling emerald lawns that sloped gracefully down toward the riverbanks. Beyond the estate grounds stretched vast, thick rubber plantations and pristine tropical jungle, creating a vibrant sea of green under the wide, blue Malaysian sky.
​The Gentle River: Winding quietly at the base of the hill, the Sungai Raya added a soft, sparkling ribbon to the landscape. From the upper floors, watching the sunlight bounce off the water as it curved around the property gave the entire estate a tranquil, resort-like feel.
​The Misty Horizon: Far in the distance, the dramatic limestone hills of the Kinta Valley rose sharply against the horizon. On clear mornings, a soft layer of fog would linger around their bases, giving the impression that the castle was floating above a sea of clouds.
​A View Designed for Royalty
​The architecture was intentionally crafted to bring this magnificent scenery indoors:
​Natural Picture Frames: Every keyhole arch, circular portal, and wide balcony was positioned like a living frame. Sitting in the planned rooftop entertainment area, guests would have been treated to a constant cool breeze sweeping up the hill, carrying with it the fresh scent of rainforest leaves and damp earth.
​A Timeless Sanctuary: It was a place designed for quiet morning coffees and golden hour strolls along the elevated walkways, where the contrast between the warm, red brickwork and the brilliant green surroundings created an unforgettable backdrop.
​Today, while nature has slowly softened the edges of the old brick and yellow stone, that magical green view remains largely unchanged. Standing on the rooftop terrace, feeling the wind rustle through the surrounding treetops, you can still easily imagine how breathtaking this hill must have felt a century ago—a true Scottish dream nestled in the heart of the tropics.
#kelliescastle",2026-07
Kellie's Castle,5,find the right angle and enjoy it for ur ootd,2026-07
Kellie's Castle,3,"Access via grab, no public transport. Kellie's Castle is an unfinished castle located in Batu Gajah, Kinta District, Perak, Malaysia. The unfinished, ruined mansion was built by the Scottish planter William Kellie-Smith.
Better visit in the morning or late afternoon as weather is too hot.
Spending no more than 2 hrs to complete. Plan other site visit also the way",2026-07
Kellie's Castle,5,sangat berpuas hati dengan pengalaman hari ini perkerja sangat ramah,2026-07
Kellie's Castle,5,sangat menarik dan sangat bagus untuk bergambar saye sangat berpuas hati pekerje sangat ramah dan sopan santun saye berharap anda semua datang lah ke tempat yg menarik ini,2026-07
Kellie's Castle,5,Very refreshing place all the food very good,2026-07
Kellie's Castle,5,sedap,2026-07
Kellie's Castle,5,"This place now has a beautiful garden and an indoor cafe. It feels incredibly peaceful after the rain. There are plenty of activities to try, including horse riding and archery. The castle itself is soaked in history. Be sure to watch your step, though safety has been greatly upgraded.",2026-07
Kellie's Castle,5,Very good histoorical experience.,2026-07
Kellie's Castle,5,"There is not much to see there, but building itself is in really good condition and you are allowed to enter every single room including roof and basement. A beautiful depiction of a visionary's unfinished dream. I recommend reading the story of its first owner.",2026-07
Kellie's Castle,5,cantik2 tempat ni..vibe english..staff pon friendly..,2026-07
Kellie's Castle,5,Semang menarik sesuai untuk family,2026-07
Kellie's Castle,5,Good place,2026-07
Kellie's Castle,3,"Cuaca cantik, pemandangan menarik, staf ramah. cuma bagi pembelian tiket, kami tidak dimaklumkan bahawa taman Jepun tidak berada di lokasi yang sama menyebabkan kami telah membeli pakej tiket castle+ taman Jepun. Disarankan agar notis diletakkan di tempat jualan tiket bahawa lokasi kedua-dua tempat adalah berbeza agar pelawat tidak salah faham sewaktu pembelian tiket dilakukan.",2026-07
Kellie's Castle,5,"Visited on 26 July morning, really glad to have learnt much about the history of the castle. Great that they allow visitors to visit all levels.

Will strongly recommend to come over here when you are at Ipoh!",2026-07
Kellie's Castle,5,"Bello ma bisognerebbe valorizzarlo di più, puntare di più sulla sua storia e su cosa avveniva a quel tempo...",2026-07
Kellie's Castle,5,"Take time to come here,it will definitely not be a loss to see all the historical places. There are also animals in the back.",2026-07
Kellie's Castle,5,值得推荐的景点不错,2026-07
Kellie's Castle,5,"Ipoh, 14 Mei 2026

- Tiket Masuk (Turis) RM19, tenang ada staff dan gak ngantri, bisa bayar guna kad.

- Datang kesini siang2 *panas banget gila. Jangan lupa bawa payung*. Tapi udara nya bersih dan cahayanya bagus (suasana yg jarang kutemukan di langit jakarta). Jadi hasil foto dan video bagus, untuk akses jalanan mulus, kesini naik motor dan gratis ya gak ada parkir 🙂‍↕️. Ada musholla/surau yang cukup bersih. Hari biasa tu gak begitu rame. Jadi banyak spot foto kosong nya jugaaa. Dimana2 pun estetik! Already missing ipoh! See u ya aku ke Malay kalau keadaan ekonomi Indonesia udah baik2 aja *kyknya slm bliau yg menjabat rada susah sih😭😔*",2026-07
Kellie's Castle,5,"A must see in/around Ipoh - such an interesting mix of history and beautiful architecture with some stunning views, we loved it",2026-07
Kellie's Castle,4,"美女拍照打卡地，百年建筑史。
建议大家早上去，中午太热了。",2026-07
Kellie's Castle,5,Rich in history and great for photography.,2026-07
Kellie's Castle,5,المكان حلو وجميل يستحق الزيارة جيته وقت الغروب وباقي في شمس شوي وكان جميل ولمى دخل الليل صار المكان يخوف ويحمس مرره + الخفافيش تعطيك طابع مرعب مع الظلام,2026-07
Kellie's Castle,5,A nice place to visit b4 leaving ipoh and breathtaking view (please come during morning or late afternoon time as it is totally outdoor place),2026-07
Kellie's Castle,5,Amazing ❤️ Gorgeous,2026-07
Kellie's Castle,5,recommended to visit✨✨✨✨,2026-07
Kellie's Castle,5,Had a great time visiting Kellie’s Castle. The place has a unique history and interesting architecture that makes it worth exploring. A nice spot to take photos and learn more about Ipoh’s heritage. Would recommend visiting if you’re in the area.,2026-07
Kellie's Castle,5,"Great view, super great staffs. Well done!",2026-07
Kellie's Castle,5,Good place for a photo 📸. Nice staff,2026-07
Kellie's Castle,5,"Kellie's Castle is one of Malaysia's most fascinating historical landmarks and a must-visit destination in Perak.

The architecture is truly impressive, blending Scottish, Moorish, and Indian influences into a unique masterpiece that remains captivating despite being unfinished.

Beyond its striking design, the castle is surrounded by intriguing legends and historical stories, making every corner worth exploring. Learning about William Kellie Smith's vision and the castle's rich past adds a special dimension to the visit.

What makes Kellie's Castle even more memorable is that it stands as a symbol of love and devotion, built with the dream of creating a grand home for his beloved wife and family. The combination of architectural beauty, historical significance, and romantic legacy makes this place both inspiring and unforgettable.",2026-07
Kellie's Castle,5,"So happy to be here, lot of changes & improvement! One of the best attraction in perak!💗",2026-07
Kellie's Castle,5,"漂亮 只是城堡已经很久远了
如果可以翻新 会更加好",2026-07
Kellie's Castle,5,tempatnya bagus dan estetik. banyak spot foto bagus disini. disarankan kesini pada saat matahari tidak terlalu panas bisa dipagi hari atau sore hari. dan jangan lupa membawa payung jika tidak ingin kepanasan.,2026-07
Kellie's Castle,5,Merupakan salah satu tempat yang sangat menarik untuk dikunjungi,2026-07
Kellie's Castle,5,"Amazing historic place that unfortunate were not finished fully. Car park Rm5, Malaysian RM9, Non-Malaysian RM12. This building designed following the Indo-Saracen revival style which was a widespread during colonial british at that time. If you ever visited this place, ensure the weather is good and clear so that your picture will be amazing, unfortunate for me because i went there and it is rainy, but the picture is still nice",2026-07
Kellie's Castle,5,"A beautiful and historic place with unique architecture and an interesting story behind it. The castle is well maintained and there are plenty of great spots for photos. It's a must-visit if you're in Perak and enjoy history, architecture, or sightseeing.",2026-07
Kellie's Castle,5,"一座結构宏伟以西方苏格兰摩尔复兴式与东方印度撒拉遜的复合风格城堡。週边的大草场与马场打理的非常淸潔美观。整个古城堡从远処观看非常宏观。是个打卡的好地方。从城堡高处望下週围的风景，景色很漂亮及舒坦。值得到此一遊。
遜",2026-07
Kellie's Castle,5,"A unique and beautiful historical place to visit! Located around 30 minutes from the city center by car, but definitely worth the trip if you have extra time 🏰✨

The castle has a fascinating history, beautiful architecture, and plenty of photo spots. Once owned by a Scottish man over a hundred years ago, it now serves as a museum, historical site, and photography spot for visitors. The castle is not too big and takes around 30 minutes to explore.

You need to buy a ticket to enter 🎟️. If you’re visiting, it’s better not to leave too late in the afternoon, as it can be quite difficult to get a Grab ride back from this area",2026-07
Kellie's Castle,5,Awesome,2026-07
Kellie's Castle,5,"​A must-visit destination if you want to capture stunning photos in a medieval nature setting, or if you simply love diving deep into history and exploring the past.",2026-07
Kellie's Castle,5,Very recommended place to take photo,2026-07
Kellie's Castle,4,"Ok lah
Paling penting naik ke atas atap ambil selfie
Agak jauh dari kota, pergi gampang pulang agak tunggu",2026-07
Kellie's Castle,4,"Keseluruhan lawatan memuaskan tetapi perlu mengambil tindakan serius ke atas aspek keselamatan (lantai yang patah, habuk dan debu, papan tanda keselamatan), kebersihan (sisa dan tahi burung) dan penyelenggaraan (perlukan kerja² konservasi lanjutan). Kellie''s Castle bukan sekadar produk pelancongan, ia adalah monumen bersejarah yang perlu dilindungi. Kerjasama dan bantuan Jabatan Muzium Malaysia, Jabatan Warisan Negara dan Lembaga Muzium Negeri Perak perlu diperolehi.",2026-07
Kellie's Castle,5,"Very good place to bring family , but not recommended to come after 630 pm",2026-07
Kellie's Castle,2,"Kellie's Castle (Istana Kellie) has an interesting history and unique architecture, but unfortunately the overall experience was quite disappointing. The building itself is impressive and has great potential, but the place feels poorly maintained and does not fully live up to its reputation.

The biggest issue is the condition of the castle and surrounding area. Some parts look neglected, with signs of aging, limited restoration, and areas that could be cleaner and better managed. The atmosphere is interesting, but at times it feels more like an abandoned building than a properly preserved historical attraction.

The information about the history is interesting, but the visitor experience could be improved with better explanations, more interactive displays, and better facilities. The heat, insects, and lack of comfort also make the visit less enjoyable, especially during the daytime.

For the entrance price and the effort needed to travel there, I expected more. The castle has a fascinating story and beautiful architecture, but the lack of proper maintenance prevents it from reaching its full potential.

Overall, Kellie's Castle is an interesting place for history lovers and photography, but I would not consider it a must-visit attraction. It feels overrated, and with better preservation and management it could become a much more impressive destination.",2026-07
Kellie's Castle,5,beautiful historical spot,2026-07
Kellie's Castle,5,很適合探險 地下酒窖內倒掛著一大串蝙蝠 非常驚悚,2026-07
Kellie's Castle,5,Worth a trip! #throwbackthisafternoon 🙃,2026-07
Kellie's Castle,2,20年前去過一次很乾淨，很適合拍照，這次去變得很商業、很髒，很臭...還有老鼠在跑,2026-07
Kellie's Castle,5,很熱,2026-07
Kellie's Castle,4,Nice and ada cafe kt hujung...boleh try👍,2026-07
Kellie's Castle,4,"Tempat ini memang  sesuai untuk individu yang minat sejarah, cuma , ada beberapa penambahbaikan yang perlu dibuat, antarannya  ialah lantai perlu disimen dengan ratanya untuk keselamatan pelancong agar pelancong tidak tergelincir",2026-07
Kellie's Castle,5,I feel like i was in colonial era. Standing on top of the castle makes me feel like i’m j www birch. For improvement i think the cafes should reduce their food prices because it’s expensive. Thanks,2026-07
Kellie's Castle,5,"Expecting to see ghosts but none appeared. Overall,the view is amazing.",2026-07
Kellie's Castle,5,"Visited Kellie's Castle last Friday with my boyfriend and my mom, and we had a lovely time! It was a very hot day, so I'd definitely recommend bringing an umbrella and staying hydrated.

The castle wasn't crowded, which made it easy to explore and enjoy the beautiful historical architecture. The view from the top is perfect for photos, but do be careful on the staircases as some are quite narrow and steep.

There's also a mini farm with cows, goats, ducks, and other animals, as well as a beautifully maintained flower garden. I hope the animals continue to be well looked after.

We purchased our tickets online, so entering the attraction was quick and hassle-free. Overall, it's a great place to visit if you enjoy history, photography, and a peaceful atmosphere.",2026-07
Kellie's Castle,5,"Seni bina yang unik dan suasana bersejarah. Tips lawatan, dtg awal pagi atau lewat petang sbb cuaca sangat panas pd waktu tengah hari (bawa payung). Pakai kasut yang selesa sbb bnyk tangga yang perlu didaki.",2026-07
Kellie's Castle,3,Better skip.,2026-06
