destination,rating,text,month,translation_status,failure_reason
Perhentian Island Resort,1.0,"We have never stayed in accommodation that was this dirty. The location itself is beautiful, and thankfully, the air conditioning worked.

Only Mimi speaks English; unfortunately, no one else does. Whenever we wanted to order something, we had to use hand gestures and try to explain what we wanted. The food is not recommended either, so we ended up walking to a resort further down the beach to eat.

There were insects everywhere in our room, including biting ants, mosquitoes, and spiders. The bathroom had clumps of hair left behind by previous guests, and judging by the overall condition of the room, it was clear that it had not been properly cleaned.

The water smelled strongly of sewage, which was extremely unpleasant.

The beach loungers are made of bare wood with no cushions, making them very uncomfortable to lie on.

Overall, this place is far too expensive for what you get. The property is in serious need of renovation and, in our opinion, should either be properly renovated or closed until it meets basic standards.

We also did not feel particularly welcomed by the staff. Most of the time, the staff were either sleeping in the hammocks or sitting on their phones. If you decide to stay here, be prepared for very limited English communication and a lack of service.

The location is beautiful, and the air conditioning worked, but unfortunately, those are the only positives we can mention. For the price, we expected much more.",2026-09,not_applicable,
Perhentian Island Resort,1.0,"Our stay at Pir Perhentian was unfortunately a great disappointment.
The hotel nevertheless has a real asset: a very beautiful privatized beach, in a beautiful setting.
However, the quality of the room and especially its level of cleanliness are far from what we could expect.
As soon as we arrived, we were confronted with a strong smell of nausea and sewage in the bathroom, which was also far from being clean. The glass was obviously not cleaned and it gave a general impression of lack of maintenance.
The towels provided were also dirty and had yellow spots, which is particularly disappointing and not acceptable for a hotel establishment.
But the most unpleasant thing was to find cockroaches in the room during the night at 4am, one of which appeared on our bedside table as we slept. This kind of situation is particularly stressful and has prevented us from sleeping calmly but from enjoying the full end of our stay. I really didn't feel comfortable in our room at all and didn't take any pleasure in being in it my only desire was to get out of it and a hurry that the stay this ended. We concluded that it was useless to complain at the reception in view of all the previous negative opinions over several years and that nothing had changed or that no refund had been made.",2026-09,translated_argos,
Perhentian Island Resort,3.0,"Pretty island, Pastu sidai customer kat",2026-09,translated_argos,
Perhentian Island Resort,5.0,The best holiday,2026-09,not_applicable,
Perhentian Island Resort,5.0,"An Amazing Family Getaway at Pulau Perhentian Resort!

We had such a wonderful stay at Pulau Perhentian Resort with our children, and it was truly an unforgettable family holiday! 🏝️💙

The beach was absolutely breathtaking crystal-clear turquoise water, incredibly clean surroundings, and beautiful white sand that sparkles under the sunshine. It felt like a little piece of paradise!

Our room was comfortable, clean and cozy, making it a perfect place to relax after a fun day at the beach. The staff were also very friendly, helpful and welcoming, which made our stay even more enjoyable.

And of course, the food deserves a special mention! 🍽️ Everything we tried was delicious, and we really enjoyed our meals during our stay.

Most importantly, the resort is very family-friendly, and our children had such a great time. Seeing them enjoy the beautiful beach and island made the trip even more special for us.

Thank you Pulau Perhentian Resort for the wonderful hospitality and beautiful memories. We truly enjoyed our stay and would definitely love to come back again! 🌊☀️🤍

Highly recommended for families looking for a relaxing, beautiful and memorable island getaway!",2026-09,not_applicable,
Perhentian Island Resort,3.0,"Double feeling about our visit to the Perhentian Islands. Nature is overwhelmingly beautiful. The resort is nicely located in the Turtle bay. The amenities are basically all present at the resort.

However, the quality of the resort is moderate. Cabins are a bit outdated and we had several nights of cockroaches visiting. We stayed 5 nights, not once was the toilet and shower cleaned (we wipe daily cottage, make bed, add new towels and toilet rolls). Staff were moderately helpful with questions and the restaurant was reasonable in quality.

In a jungle hear animals and that with them, monkeys, geckos and squirrels walking around is nice. We enjoyed that.

You can also pay by credit card (at almost all restaurants on the island). Boat service to the other beaches or Kecil can be fast and easy (these do pay in cash). Tip: want to drink wine: Take these from the mainland.",2026-08,translated_argos,
Perhentian Island Resort,3.0,"- Room: fair.
- Cleanliness: fair.
- Comfort: fair.
- Location: spectacular.
- Price-quality: expensive.",2026-08,translated_manual,
Perhentian Island Resort,5.0,Show,2026-08,translated_argos,
Perhentian Island Resort,5.0,"Spectacular location, but lacking maintenance. The towels are more than an ugly color and everything is old.
As for the service, the staff couldn't be more serious/unfriendly. Only one waitress smiles at you.
As for alcohol, it's forbidden in the restaurant area, and to have a beer you have to go to the resort next door, about 15 minutes away.
What it does have is a spectacular beach, and as soon as you enter you find impressive marine diversity.",2026-08,translated_manual,
Perhentian Island Resort,3.0,Although the place is a little old and could improve the services I would return as this resort is located on the most beautiful beach on the island. In front of the bungalows there is a beautiful beach where you can make snorkling with shark turtles and races. The sunbeds are wooden so I recommend to take a mattress also inflatable to take on land firm because in the island they do not sell. You eat well à la carte instead the buffet leaves a little to want. Food prices are good compared to Italy. We spent at dinner about 10 euros per head. Cleanliness leaves a bit to be desired but just do it present and come to re clean. The Personal with us was available. I traveled with friends and my two-year-old son and I'd be back despite everything. The position is priceless.,2026-08,translated_argos,
Perhentian Island Resort,1.0,"I want to be fair. Perhaps this would have been a wonderful experience for a young family, if they are OK with very “rustic” accommodations. We are not that young family. We paid $800 ringgit per night for what we believed would be at least an adequate resort (in Kuala Lumpur, that same $800 would have more than paid for a suite in a 5-star hotel). Our expectations were not super high, since we understood that we were paying for an experience on a private island. Just clean and comfortable. Unfortunately, we got neither. Our room, #208 had a broken front door that only opened 1/3 of the way, scraping across the floor and then stopping. There were deep gouges and white paint all over the floor, which let us know this issue is ongoing. At first glance, the room looked clean (and bedding was fresh), but on further inspection we could see that only surface cleaning has ever been done. The doors were filthy, mold stains on walls, absolute filth in the pipes and shower drain and air conditioning filters. Dirty, streaked mirrors. Also, the king size bed was hard as a rock - extremely uncomfortable with a poor quality mattress. We paid an extra $100 ringgit for an “extra bed” which was just a cot - a plastic mattress. Food at PIR is bad and obscenely expensive. Piles of trash behind convenience stores and coffee shops. And overall, a deeply unpleasant sewage smell in our room and permeating the island. The good: beach is absolutely lovely. Water is crystal clear, sand is white. No trash on the beach (they hide trash behind businesses, but it’s obvious as it stinks and attracts rodents). It was a wonderful experience to swim with colorful tropical fish. That was the one and only thing I appreciated about this overpriced and horrifically maintained island.",2026-08,not_applicable,
Perhentian Island Resort,2.0,"The location is very nice but the resort is extremely neglected and swollen. Bedline stained, moulded bathroom with yellow water out of the tap, insects, dust on the conditioner and never clean bathroom (consign new toilet paper and emptying basket only for explicit request) with few towels. Very uncomfortable wooden slopes and common places not properly maintained and in some cases abandoned seeds. It is a shame because the jungle and the sea are extremely lively and full of animals but the resort is not recommended. Better to come by boat and stay in another hotel.",2026-08,translated_argos,
Perhentian Island Resort,3.0,"The location is nice, but unfortunately the room was pretty bad and definitely not what we expected. Very basic, dated and extremely overpriced for what you get. Definitely needs some serious improvements.",2026-08,not_applicable,
Perhentian Island Resort,5.0,Very beautiful beach where we discover turtles,2026-08,translated_argos,
Perhentian Island Resort,2.0,"Very small and humid rooms, cleaning and approximate maintenance.
Towels with dropper.
Bad breakfast.
Beds on the beach very few and however uncomfortable (wooden).
Uncooked and unconscious service.
In short, apart from the beach that is beautiful, you save very little.",2026-08,translated_argos,
Perhentian Island Resort,1.0,"Hotel DA INCUBO. |The tour operator had defined it as spartan... it is simply a nightmare!!!!|Today old, crumbling with cracks on the walls, holes and floors raised, dirty and neglected. |The shower without a plate, so wash the bath, very weak jet that to rinse you take hours. Smurf wash that if you're okay and doesn't lose water from the siphon, it smells like sewer in an exaggerated way every time you use it. Insects everywhere!!! Bed linen and towels LERCI, refrigerator that loses water. Safe course, a socket throughout the room including the bathroom. |The only positive note is the sea, but it is a lean consolation! !!! They're holding a treasure and they can't handle it! ! !",2026-08,translated_argos,
Perhentian Island Resort,3.0,"Beautiful resort with great potential, but service needs improvement – 7.5/10||We spent a week at this Marriott resort and overall had a very enjoyable stay. The property is beautiful, our accommodation was extremely comfortable, the views were wonderful, and we really appreciated our  villa with a private pool.||Breakfast was definitely one of the highlights — excellent variety and quality, especially the freshly! |A special mention must go to Zafirah, our Villa Host, who was absolutely wonderful: kind, attentive, always available and genuinely interested in making our stay special. We also really appreciated the lovely touches for our wedding anniversary.||That said, for a 5-star Marriott resort at this price level, there are some areas that really need improvement.||The biggest issue for us was the restaurant service. Although the staff were always friendly, service was consistently very slow and dishes for the same table rarely arrived together. On several occasions, one of us had almost finished eating before the other person’s meal arrived.|There were also some surprising operational issues. The beach bar was out of basic items, including water, for several days, which is difficult to understand at a 5-star tropical resort.||The management of sunbeds around the pool also needs attention. Guests reserve them early with towels and belongings and sometimes do not appear until hours later. We were told there is a 15–20 minute policy for unattended sunbeds, but unfortunately we never saw it being enforced.||Finally, the arrival experience could be much more polished. First impressions matter, and the transfer/check-in process did not feel particularly premium or aligned with what we expected from a resort of this category.||Overall, we would rate our experience 7.5/10. There is a lot to love here: beautiful surroundings, excellent accommodation, a great breakfast and some genuinely lovely staff. However, at this price point, the consistency of the service needs to match the quality of the resort itself.||With better restaurant coordination, attention to basic stock management, enforcement of pool policies and a more refined arrival experience, this could very easily become a 9/10 resort.",2026-08,not_applicable,
Perhentian Island Resort,2.0,"What a waste while the potential is there and the site is beautiful!
The rooms: overall dirty, the dilapidated bathroom, the cleaning (vu) is made (in 5') with a beach towel without cleaning products (this explains this), broken or unmaintained equipment. The surroundings are dirty and ns finally picked up what was hanging around the room.
Food: go eat in the hotel next door! The bins are not filled continuously, it must count 30'. We paid a buffet (×3) and there was only one tray of rice and one tray of meat, the other 10 were empty at 7:30 p.m. At the end of 40' we left, the stomach almost empty... the environment is also dirty and not engaging.

The wise management apologized and sent a team to make a complete cleanup. That's nice, but the other days: back to habits.

All this spoiled our stay (4days) which was saved by the restaurant next door and by the magnificent underwater bottoms.

It's a shame because the site has potential, it's just missing a real hotel management: check the quality of the house, keep the dining area clean, rework the buffet continuously and check the surroundings of the site to remove the waste that is in its midst.",2026-08,translated_argos,
Perhentian Island Resort,2.0,"I'm very, very, very, very mixed at this hotel.

The beach is terribly beautiful and the hotel is terribly old. I've moved from being sleek to disgust throughout my stay.

The first certainty is that when you stay there, you have to be very comfortable with wildlife: jeckos, lizards, ants, locusts, squirrels that look like rats, varans and even Malay varans. In the room, there is still a warning against all this wildlife and also against snakes. Honestly, we haven't seen one. But all these animals are omnipresent. So I spent a stay in a state of maximum alert,

Then, the room is dirty as possible, it smells of sewers and bed linen and bath linen is... pitiful. Holed, stained, yellow... I have put pictures but the general unsanitaryness of the hotel is indescribable. Beach deckchairs are wooden boards without mattresses and there are no umbrellas. If you put yourself under the palm trees, beware of the squirrels who have terrified some of them.
Finally, breakfast is very short, the undefinable coffee: oil black but absolutely no taste of coffee. The evening restaurant was truly right. There is nothing to do at night, plan an IPad and a 4/5G connection that works very well. There's no wifi.

As for the beach... Wow! Perhentian's most beautiful. We swam daily with rays, turtles, baby sharks etc.

There are plenty of people coming to the day (it's the boat parade though) And I wonder if that's not what we really have to do. Anyway.

So I wouldn't advise to go there because of the magic of the beach but to go there knowingly and paying the right price because I paid on Agoda/Booking more than 300€ at night and at that price, it's a genuine flight.",2026-08,translated_argos,
Perhentian Island Resort,5.0,"I was very afraid when I saw the comments, and I came very humble, but it was really nice. Breakfast of the restaurant is very good, especially as you like, I was not waiting here at breakfast when I saw omlet olive cheese tomatoes and cucumbers. The beach in front of the location is the world wonder, every day you see 2-3 turtles on the left side of the queen on the sea, at the same time reefs are fantastic and you can see a lot of different fish. When it comes to the room, I think the location and width of the room is fine, but we have come to us two separate bedrooms with my wife, and the rooms in the hotel were completely booked. There is a badminton area and pool on the back. I would like to put more tropical fruits than mango, coconut, unfortunately we are not so tasty in those who visit here.",2026-08,translated_argos,
Perhentian Island Resort,2.0,"Good location to relax under sunny skies.

2026 update) Understand that bed bugs could be active and unless controlled properly,…",2026-08,not_applicable,
Perhentian Island Resort,1.0,"I don't even know where to start. Rude, lazy staff, awful rooms, bad restaurant. ||The beach is kind of nice and very crowded. ||I'm sitting here on night one of 3 and seriously considering just leaving. The icing on the cake is paying premium money for a 'superior' room and then getting told there's no wifi there. The rusty screws sticking out of the walls are a nice touch too. Beautiful.",2026-08,not_applicable,
Perhentian Island Resort,4.0,The most gorgeous place i’ve ever stayed in my life the beach and ocean is beautiful and the resort is very nice. Staff are unfriendly and cold and the food really is inedible.,2026-08,not_applicable,
Perhentian Island Resort,5.0,We went there only to have access to the beach but really I recommend this place is the only place where you can do snorkeling and have a beach paradise without having to pay taxi boots 50 €,2026-08,translated_argos,
The Taaras Beach & Spa Resort,5.0,"We stayed here for two nights with my husband to celebrate our wedding anniversary, and everything was absolutely perfect! The location is incredible, with a private beach that is among the most beautiful I have seen in Malaysia (and honestly… anywhere else too). The staff were incredibly kind, welcoming and always happy to help. Our room was wonderful, with a breathtaking view. The package also included several activities that we really enjoyed, such as snorkeling with turtles and kayaking. We were also incredibly lucky to take part in a turtle hatchling release, supporting SEATRUE, an organization dedicated to protecting these beautiful animals. It was a truly emotional and unforgettable experience. The food at the restaurant was also very good, and breakfast was excellent and plentiful.
There is also the opportunity to join yoga classes, either on the beach in the morning or in the dedicated yoga space overlooking the sea. Our instructor, Huril, was incredibly kind and very knowledgeable. The classes were both relaxing and enjoyable, but also challenging in the best possible way! I highly recommend staying at this resort and truly hope to be able to come back in the future!",2026-09,not_applicable,
The Taaras Beach & Spa Resort,5.0,"Beautiful  resort made better by excellent service. Especially good service from Guest Ambassador Saiful - very attentive with the food recommendations and preparations. Accommodating to our request for traditional food.

Really good breakfast.

Excellent Italian dinner cusisine at Marenero Restaurant. Chef Danny prepare really heartwarming Italian food.

Nadia is attentive to our requests as well",2026-09,not_applicable,
The Taaras Beach & Spa Resort,5.0,"Assalamualaikum I would like to thank you and your team for the wonderful experience at The Taaras Beach & Spa Resort. We truly enjoyed our stay and were impressed by the beautiful surroundings, excellent service, and warm hospitality.

The staff were friendly, attentive, and always willing to assist. The beach and overall atmosphere were beautiful and made our stay very relaxing and memorable.

Please convey our appreciation to the entire team for their hard work. We look forward to returning to The Taaras again in the future. Take care n will Miss u guys.",2026-09,not_applicable,
The Taaras Beach & Spa Resort,4.0,"Nice resort with amazing staff, especially ioga teacher (haven) and scuba instructor (itham).
All staff nice and kind
Spacious room (garden suitte)
Cool gim (amazing views)
I would ask for a deeper clean service but I would defintely repeat. One of the best hotels in Malasia.",2026-09,not_applicable,
The Taaras Beach & Spa Resort,5.0,"Love the warmth and friendly staff. Everyone ws so helpful and willing to give ideas on what to do, where and when to expect some activities. The service was top notch and not to forget the super fine and white sandy beach. The view from our room ( Cliff Premier Suite) was great overseeing the beaches and blue-greenish sea.
The only downside is there's no sunset appearances in Taaras. Overall, we're satisfied and probably will come again.",2026-09,not_applicable,
The Taaras Beach & Spa Resort,5.0,"⭐️⭐️⭐️⭐️⭐️||I had a really nice experience at Taarash Beach, especially as a solo traveler. The beach was peaceful, relaxing, and perfect for taking some time for myself. The atmosphere was beautiful, and I really enjoyed the quiet surroundings and the amazing views.||Traveling alone can sometimes feel a little overwhelming, but Taarash Beach made me feel comfortable and relaxed. It’s definitely a lovely place to visit if you want to escape the busy city and enjoy some peaceful time by the sea. 🌊✨||I would definitely love to come back again! 💙",2026-09,not_applicable,
The Taaras Beach & Spa Resort,5.0,"Very equipped structure, spectacular beach and the possibility to go directly from the resort to make excursions. Recommended!",2026-08,translated_argos,
The Taaras Beach & Spa Resort,5.0,"The Taaras is one of the best hotels we’ve stayed at! 🌴❤️||We went island hopping, and the kids really enjoyed the activity. 🏝️🚤🐠 We had such a wonderful and memorable time together.||Beautiful place, great experience, and perfect for a family holiday. We will definitely come back again! ⭐⭐⭐⭐⭐",2026-08,not_applicable,
The Taaras Beach & Spa Resort,5.0,"We had a wonderful stay at The Taaras Beach Resort & Spa. The resort is set in a truly beautiful location, surrounded by lush nature and crystal-clear water, with an amazing beach that makes Redang Island feel like a little paradise.||We really enjoyed the peaceful atmosphere, the beautiful surroundings and the variety of services and activities available at the resort. It was the perfect place to relax, enjoy the sea and make some very special memories.||A special mention goes to Hamdan Rajab, who took great care of us throughout our stay. He was always kind, friendly and helpful, and assisted us with the reservations for the different services and activities at the resort. He was always available whenever we needed anything and made everything easy and enjoyable.||Thank you to Hamdan and the whole team for such a lovely experience. We would definitely recommend The Taaras and hope to come back again in the future!",2026-08,not_applicable,
The Taaras Beach & Spa Resort,5.0,"Truly beautiful hotel, huge and gorgeous room. Magnificent bathroom. All the staff were extremely kind—Nadia at the reception in particular was super helpful and friendly.|​Dining: Several restaurants on-site; the Asian one was really good.|​Beach & Sea: Beautiful beach and crystal-clear water, with a spot for turtle watching right nearby.|​Services: Super efficient shuttle service and everything was perfectly organized.",2026-08,not_applicable,
Perhentian Island Resort,2.0,"What a waste.... such a nice site as poorly managed...!!Yes, the site is splendid and the architecture of the hotel has potential but it is not managed at all:!1) the rooms: are generally dirty and some of the equipment dilapidated: broken bathroom furniture, bezel of the wanking toilets, unspeakable shower hose, dirty shower glass2) cleaning: jai attended the house which was made with a beach towel without any product in 5' chrono (no broom or nothing). The person passed to the next villa with the same towel.... (the beach distributed at the reception...) Restoration: the catering area is not cleaned continuously, especially in service areas. Re-scaling is random and often wait +30' before seeing the re-filled bins. So we paid for a buffet and on the 10th of the trays only 3 were filled, they were more than 30' later, when we left (the hollow belly). Same morning and noon. The solution: go and eat in the hotel next to (10' on foot) where the service is smiling and the card attractive. We had all our meals. The management, warned of our remarks, apologized and sent a cleaning team to make our room (white) it is nice and commercial but the problem is not there. It is in the non-existent controls: no one to check the cleanliness of the rooms, of the site (we ended up cleaning around our room the scattered waste) , of the dining area. This spoiled our stay that was saved by the restaurant next door and the magnificent submarine bottoms.",2026-08,translated_argos,
Perhentian Island Resort,2.0,"This hotel is a disaster. Service, cleaning, food, nothing's right. Only the location is ideal, by the sea. Small sharks, rays and fish can be seen by the water.
My advice: look for the hotels next door.",2026-08,translated_argos,
Perhentian Island Resort,3.0,"The hotel is very well located on one of the best beaches. However, for what you pay it's very expensive — they give you torn, worn-out towels, room cleaning is basically nonexistent, they just sweep a little and that's it. Above all, if you go, don't look in the corners of the rooms. It's disgusting.",2026-08,translated_manual,
Perhentian Island Resort,3.0,"Recommended for 2-3 nights but not more.

Great location, right on the beach. Pretty room and clean enough though there is a slightly unpleasant smell in the bathroom and has never been cleaned during the stay. The resort complex and rooms should be freshened and cleaned better.
The wifi does not work and there is no TV in the room. The restaurant is nothing.
With some adjustment, cleanliness, and improvements it would have a high potential.",2026-08,translated_argos,
Perhentian Island Resort,4.0,It's an amazing neighborhood. Beach and place for snorkeling. The hotel itself has a lot to improve. Very weak Internet. Bad breakfast and expensive restaurant.,2026-08,translated_argos,
Perhentian Island Resort,4.0,"Beautiful island.
We were a little against our stay, considering all the negative reviews. But the room was clean (bathroom somewhat outdated). Pool is neat, beach is nice. Snack bar also fine for lunch. Staff was very friendly and helpful to us. In short, it wasn't so bad! Bed was covered every day, clean towels and 2 bottles of water every day. We did food every night at Barat, there with 19s always good food.

Recommended: jungle trekking to other side island. Starting point is badminton field.",2026-08,translated_argos,
Perhentian Island Resort,3.0,"The beach is stunning! White sand, turquoise sea and turtles and sharks 5 meters away from the coast. The beach front bungalows have an amazing view and location. The accommodation is clean, but very basic, old and worn. The bed is comfortable and the air conditioning works. The resorts itself is very tired, breakfast was so poor I stopped going, and the staff look exhausted and totally fed up. If your priority is beach life and you are happy to explore other food options, and a simple room and bathroom are ok for you then this resort could work for you!",2026-07,not_applicable,
Perhentian Island Resort,4.0,"We spent at this resort 5 days and 4 nights. To begin I must say that we have dreamed of the Perenthian Islands for months, and I must say that they do not disappoint expectations, they are an unspoilt paradise! But we started a bit discouraged by the reviews of the various structures and after a research year we agreed to book at the PIR room beach front. Chapter location: definitely the most beautiful beach of both islands, the beach is located in Besar(large island), excellent location, turtle point 50 m from the shore. Every day we bathed in the midst of fishes of every species, races and many shark black fins who came regularly to visit us, wonderful feeling! Room Chapter: the beach front room is definitely the best of the resort, we chose the breakfast package included, the room is wooden, definitely not luxury but I would say the 3 star cheques. However it has this seafront balcony, every morning we woke up with the noise of the sea practically 30 seconds away from us. Clean room, of course you have to keep in mind that you are on a fairly wild island in Malaysia. Chapter services; the boys working at the PIR are all very kind and friendly, surely I would put more beds on the beach and maybe a more comfortable type, but what do you make of the sunbeds when you have that heavenly sand? Food Chapter: PIR breakfast was quite provided with a good international and especially Asian choice. Conclusions: our summer experience more than positive! Obviously you have to take into account that you are on a wild island, with a dream sea that definitely has nothing to envy to places like the Maldives. Needless to look for a 5 star service, here you come to be detached from the world! I highly recommend it to those who want to immerse themselves in this paradise.",2026-07,translated_argos,
The Taaras Beach & Spa Resort,5.0,"Resort staff are hospitality and friendly to welcome us at the resort’s lobby, the room is equipped with all amenities needed and we have a big room with the living room separated. Beach is wonderful with the white sand and crystal clear water. I like the beach bench under the small hut to feels the peace and calmness.",2026-08,not_applicable,
The Taaras Beach & Spa Resort,5.0,"Special Thanks to Nadia from Taaras Guest experience for making us feel very welcome & entertain all our requests with professionalism &hospitality.1st Class Guest Experience for us.||Also a Special Thanks to Adila of Reservations, she really showed empathy & hospitality in handling out booking request.||Both Nadia & Adila are an Asset to Taaras Resort & went above their duties to make us feel at home.||Other staff were all very professional &friendly.||Resort itself is Fabulous.||Mr. Adam. (Room154 28/8/2026)",2026-08,not_applicable,
The Taaras Beach & Spa Resort,5.0,lunch with mcm2,2026-08,translated_argos,
The Taaras Beach & Spa Resort,5.0,Hamdan the guest officer was such a delight to have in assisting us with anything to the resort. He provided us with excellent service and made our stay really convenient especially as we had a baby with us. TQ HAMDAN.,2026-08,not_applicable,
The Taaras Beach & Spa Resort,5.0,"Wonderful location, some small maintenance necessary but the absolute courtesy of all the staff and the wonderful places we visited deserve a return. |Breakfast provided with everything you can imagine, very good indoor restaurants, but just outside the bar there is a local ""tractor"" from screaming",2026-08,translated_argos,
The Taaras Beach & Spa Resort,5.0,"We really enjoyed it. The resort is beautiful and is located on a magnificent beach, in our opinion the most beautiful on the island. The sea and the context are simply wonderful. || Another great strength is definitely the staff: everyone was extremely kind, friendly and helpful during the entire stay. Following a small drawback, they managed the situation in the best way and kindly offered us an upgrade in a beautiful room with sea view, a gesture we really enjoyed. |||We would like to congratulate all the staff, but a special thanks goes to Nadia, who followed us with great attention throughout the stay. Every day she made sure that everything went well, she listened to our needs and was always available to help us for any request or problem, making us feel really welcomed and pampered. |||We absolutely recommend this resort: a wonderful place, with a dream beach and an exceptional staff. We will take home a beautiful memory of this experience! ❤️",2026-08,translated_argos,
The Taaras Beach & Spa Resort,5.0,"We had a wonderful honeymoon at the Taaras Beach & Spa Resort. The location could not be better. Wonderful private beach, crystal clear water, fine sand and a very intimate feeling. The service was exceptional. The whole staff made us feel very privileged.",2026-08,not_applicable,
The Taaras Beach & Spa Resort,5.0,"Honestly if you're thinking about it, just book it! Such a beautiful hotel, amazing views, great food and brilliant staff. Everyone was so friendly and helpful, Especially Hamdan, he was always checking in to make sure we was ok and if there was anything we needed. Thanks again for a brilliant stay. I will be back!",2026-08,not_applicable,
The Taaras Beach & Spa Resort,5.0,"Magnificent experience, spectacular island with excellent hospitality. The Resort is a bit dated but offers that familiarity that is often lost in new structures. Beautiful philosophy behind the preservation of the island.",2026-08,translated_argos,
The Taaras Beach & Spa Resort,4.0,"The taaras is located in a lovely bay, crystal clear water and white sand where it is easy to meet colorful turtle fish and small harmless sharks. For the rest the structure is beautiful but in my opinion not up to a 5 stars. The kitchen is wide, but not as international as they say. flavors are mainly Asian. The staff is very friendly and kind, the wooden bungalows are very beautiful. Among the various activities organize the excursions in front of the beach, which sincerely are easily accessible independently with a canoe at no cost. In the evening there is not much movement, a bit of live music that ends soon. Overall a beautiful place that however pays and not little.",2026-08,translated_argos,
Perhentian Island Resort,5.0,"I spent a week in this earthly paradise and left my heart really. We start with the main aspect of the structure: POSITION! The PIR, believe me, lies on the most beautiful beach of the Perhentians! Coral sand, blinding! A sea, I confirm that nothing has to envy in the Maldives! If you come here you do not need excursions! The sea in front of you will give you snorkelling exits to see turtles, shark black fins, gray coats, clown fish...and, if you are particularly lucky as I was, the Napoleon fish!
Breakfast is Asian and western with an egg station. I recommend that you consider it. The restaurant is very slow. I have always taken rice or meat: we Italians are a little complicated! There is no possibility of alcohol! If you are in abstinence go to the neighbors: at the PIR no chance. The rooms are comfortable and spacious. AC works well. Cleaning is scarce and there is hot water... but it was never a problem! WiFi only works at the reception and bad: if you need to upgrade the OS or large GB go early in the morning and/or late in the evening...
Of course... a little suitcase with you you must carry it but this sea will reward you with interests!
Redang board excursions: it is yes the most expensive but Redang is worth believing me!
Kecil: go one night to his twin on long beach. Sit on one of the many locals and choose the fish you want to eat. Then go see the fire show!

I miss you!!! !",2026-07,translated_argos,
Perhentian Island Resort,1.0,"Dirty room (telecde climat covered with finger marks, greyish sheets and badly smelling dito user towels, one can no longer see through the dressing glass of the shower, blattes in the shower, cutting down unstable toilet, rat seen on the frameworks of the dining space, restaurant not terrible at all, personal more interested by their smartphone than by their job, space to potential but not maintenance. The beach is good and the sea is warm and turquoise but pass your way.",2026-07,translated_argos,
Perhentian Island Resort,2.0,"Incredible potential - very disappointing execution. If I start with the positives, the resort is situated on an incredible beach, crystal clear sea with a simple water taxi system that can take you to a number of other beautiful locations around the island. The resort itself would be best described as neglected. Full of promise and really disappointing delivery as the rooms are less than clean, with very dated bathrooms and evidence of bed bugs that had once infested the room. The rooms are very close to the beach, making the views from the balcony a bit of a bonus. The facilities in the resort were pretty rubbish to be honest, a dirty unused pool, empty games room, one set of badminton rackets for the entire hotel to share, a karaoke room that you can pay extra to use, absolutely no daytime/evening entertainment and breakfast/dinner service that was quite shocking. I wouldn’t mind having limited service but the resort advertises WiFi, then informs you on arrival that it is only available in reception - a place you probably want to avoid as much as possible. One of the reasons to travel to SE Asia is for the food, then you are met with a cold, stale selection of buffet food. The BBQ buffet somehow doubles the price of the service whilst serving much of the same food but warmed on the grill before service. I think the lowlight of the resort however has to be the service from the reception team. The ladies appeared frankly irritated during any interaction and would best be described as less than welcoming. The laundry service was not running due to “bad water”, despite it being promoted on the room information - not sure if this was a short term or long term issue they were having.

I was unfortunate enough to suffer from a series of lacerations on my hand from a quite bizarre needlefish attack, this led to significant bleeding. The receptionists were completely uninterested in helping me, nor did they demonstrate any empathy as I bled out in reception. I was lucky enough that a paramedic guest was checking in at that time and assisted me. Bizarrely, the receptionists weren’t even enthusiastic about having the blood cleaned from the floor and it dried/remained there for the final day of our stay. Their service peaked when they asked us to return the spare roll of toilet paper that we had been using to help clean up some of the spilled blood - there is no telling what they would have wanted to do with it had we obliged, which we did not.

It is hard to describe why, but the resort feels overstaffed without ever having anyone available that can help you with any of your needs. I am yet to work out why staff were distributed in a way that felt as though they were able to enjoy each others company as opposed to meeting the needs of guests. One man in the only functioning coffee shop battled away as three members of staff sat in the other cafe unable to serve due to a lack of beans. The collection of slackers appeared offended when I proposed that one of them perhaps join him in his struggle or fetch some of his beans (I even offered to undertake this 5 minute walk for them) so they might be able to serve to share the burden - their response made me feel stupid for thinking out loud.

To summarise, if spending time on a beautiful beach supplemented by poorly maintained facilities, limited selection of gross food and staff that don’t care about you is not your thing, give this place a miss!",2026-07,not_applicable,
Perhentian Island Resort,1.0,"Where to start...
We were placed in room 228 which was separated and adjoining with room 227. The walls were so thin that one was delighted to hear all the joys and sorrows of the family next door... But the main problem is the maintenance of the bungalow. Between the moisture tasks, the smell of the pipes in the bathroom, the yellowish water coming out of the faucet and shower, the infestations of termites, etc., one feels that the main purpose of the managers is not to make a good stay for the travellers. So yes the cleaning is done (quickly) every day and the team tries to solve the problems but I think the priority is to put in a little bit of new. Breakfast is ok without any more, the resort is equipped with some pleasant services, but the real highlight is the location. It is located on the most beautiful beach on the island where you can cross sharks, rays and turtles 5 meters from the shore. But I think that the stewardship is based only on it to make such high prices because the hotel itself does not really deserve them! In short, I don't know if I can advise you this accommodation because I think it's more enjoyable and could come back cheaper to stay elsewhere on the island and enjoy their beach by taking taxi boats.",2026-07,translated_argos,
Perhentian Island Resort,4.0,"Don’t expect much luxury. The rooms are old, but fine if your expectations are low. There is a nice swimming area and the beaches are stunning.",2026-07,not_applicable,
Perhentian Island Resort,1.0,"The location is spectacular, but it's the only redeeming thing. The state of the resort and the level of maintenance are simply unacceptable. This is, by far, the worst place I've ever stayed, and I've traveled quite a bit.

To start, cleaning is completely nonexistent. During the entire stay (six days), they only changed the towels and put out water bottles. They never cleaned the room or the bathroom, nor changed the sheets. One day they forgot to restock the toilet paper (I had to go ask for it at reception); another day, they forgot to empty the trash bin; and on a third day, they simply didn't come to ""clean"" the room at all — we had to complain about that too.

The facilities are very run-down. The furniture is old, worn, and dirty, the windows are covered in grime, the shower urgently needs renovating, and several things in the room don't work properly. On top of that, it lacks the most basic amenities: there's no closet or drawers to store clothes. We also found two cockroaches in the bathroom. For this to happen at a place charging these prices is simply unacceptable.

As for the restaurant food, it's expensive and very low quality. Breakfast, besides being scarce, offers minimal variety, and all the food is left uncovered, in a place where flies and mosquitoes roam freely.

It's a shame that a place with such a privileged location is so poorly managed. I had no choice but to book here because, due to circumstances, I looked at accommodations late and this was the only room left. That's why I strongly recommend that anyone planning to spend a few days in Perhentian book well in advance, so the same thing doesn't happen to you as happened to us. It would be a shame for what could be an unforgettable experience on paradise beaches to become unforgettable for very different reasons.",2026-07,translated_manual,
Perhentian Island Resort,1.0,"Avoid this resort at all cost. Go somewhere else
Room is dated and dirty.
No WiFi in the room.
Water pressure is low.
RM10 for a water and RM9 for a coke",2026-07,not_applicable,
Perhentian Island Resort,5.0,"Best place for vacation.. If prefer for private, should go to pulau perhentian besar",2026-07,not_applicable,
Perhentian Island Resort,5.0,"Very good place, very comfortable rooms, right on the beach with all amenities, good restaurant, excellent breakfast.",2026-07,translated_manual,
Perhentian Island Resort,2.0,"First three big cockroaches in the bathrooms. I saw five geckos in the rooms, no connection in the rooms, breakfast bof
Positive point: some beautiful good view of the beach which is beautiful.
It is recommended that comfort level improvements be made in the rooms and the restaurant because we had to go and eat elsewhere each time.",2026-07,translated_argos,
Perhentian Island Resort,1.0,"The hotel itself is overpriced and they charge extortionate prices for essentials like water and coffee. A bottle of water costs 10MYR and a coffee 20MYR, while in George Town I paid just 2MYR for both. After sun in the shop is 39MYR, something you could get for less than half of that usually.

The sun loungers are wooden with no comfort. The beach is overcrowded during the day due to boat trips to see the turtles, which completely ruins the experience.

Breakfast is average, with the best part being the fresh eggs. However, you have to queue and wait as the chef can only prepare two at a time.  If you arrive near closing time, there’s no food left.  Ants and flies are also a problem.

I arrived without any running water and wasn’t warned beforehand or apologised to. The water outage lasted longer than expected with no communication. The WiFi is only available in the main area and is poor quality.

The reception and restaurant staff were unfriendly. I wasn’t informed about the breakfast time and had to carry my heavy bags up several flights of stairs to my room. This is far from what I would expect for the price.

The bed was comfortable, the room was clean and the beach views were great. But I’d strongly recommend staying somewhere else and coming to this beach to visit.",2026-07,not_applicable,
Perhentian Island Resort,1.0,"We booked this hotel because it had one of the most beautiful beaches on the Perhentian Islands. We knew in advance that housing on the islands is not usually exceptional. Unfortunately, we thought that if we chose a more expensive hotel, we would have at least one suitable accommodation. As soon as we arrived, we were surprised by the filth of the room. It was not clean: there was hair in the bathroom, the shower window was very dirty and seemed never to have been cleaned, the floor had not been swept and the dust had not been made either. We had requested a room with two double beds, but we had two single beds. After our claim, an employee offered us another room with a double bed, but with a really unfriendly view. So we preferred to stay in the original room. Concerning daily cleaning, the bathroom was never washed properly, the beds were half made and the balcony was never cleaned. I was extremely surprised by this lack of maintenance. I also had food poisoning for two days after eating watermelon. I thought I died so sick, so be careful. Don't trust the price. Choose a suitable and well maintained establishment. Other hotels nearby seem to offer a similar or even better quality for the price they offer.",2026-07,translated_argos,
Perhentian Island Resort,2.0,"We stayed 3 days at P.I.R.
Pregi:
You can wake up and see the sea at 15 meters.
the location is spectacular, with possibility to make snorkling and easily spot turtles and baby shark.
Feeling in the midst of nature, it is surrounded by squirrels and varans that wander through the villas.
Defects:
dated rooms, clearly neglected.
Cleaning not received, we had 1 finger of powder on the conditioner, stains on the toilet cover.
They changed the body towels every day, but the one for the hands/face of the sink never changed in 3 days.
Every day he made a thunderstorm, but the leaves, fallen cloaks that were in the paths are not removed or cleaned the streets.
The pool, which can be reached.
Dirty, full of sand and practically without recirculation of water, scandalous.
The breakfast is clearly insufficient, little choice and not of quality. We never had lunch or dinner on site. In 10 minutes walk there is clearly better.
For the cost it has the service it is offered is insufficient.",2026-07,translated_argos,
Perhentian Island Resort,3.0,Rooms are a bit small/basic. Insects sneak in at night through the shower drain. Better not to turn on the light at night in the room.,2026-07,translated_manual,
Perhentian Island Resort,1.0,"The island is beautiful but resort is pathetic..No cooperation,no help phone in rooms which are very old and you expect all insects including lizards to welcome you in the room with free entry from the sides of doors..You need to pick up your luggage yourself from jetty..Money oriented only..Food is average…I would rather recommend to stay at kota Bharu and visit the island for activities like snorkeling but this island resort is not at all recommended otherwise you will suffer",2026-07,not_applicable,
The Taaras Beach & Spa Resort,5.0,"A wonderful hotel! amazing location, impeccable service and staff and always smiling as well as available for any need The really impressive variety of food both for breakfast and for lunch or dinner :|I want to thank Hamdan Rajab always close every day also via wa! |Spiaggia paradisiaca : I would never get out of the water!|I hope to return soon in Malaysia and Taaras . Carlo ( Varese-Italy)",2026-08,translated_argos,
The Taaras Beach & Spa Resort,5.0,Fabulous resort ! A few days in paradise on earth…,2026-08,not_applicable,
The Taaras Beach & Spa Resort,5.0,"Big thanks to Mr. Saiful for being so helpful and friendly throughout our stay!  From the moment we arrived, he was really attentive and always ready to help whenever we needed anything. Memang rasa sangat welcomed and well taken care of. You can really see that he genuinely cares about the guests and always goes the extra mile to make sure everything is okay. Really appreciate the kindness and excellent service, definitely made our stay even more special!  See ya again ❤️",2026-08,not_applicable,
The Taaras Beach & Spa Resort,5.0,Wonderful resort iam always stay in and the staffs soo friendly,2026-08,not_applicable,
The Taaras Beach & Spa Resort,5.0,Had a really nice stay. The area was prachitg and the sea was abnormally beautiful masha'allah! The staff were also so friendly and helpful especially Bryan Nicholas thank you!. Highly recommended!,2026-08,translated_argos,
The Taaras Beach & Spa Resort,4.0,"The Taaras is located in a spectacular location, with sea and paradise beach where you can see marine turtles and small sharks. Very relaxing atmosphere. ♪ |The structure, however, is a bit dated and the rooms would need more maintenance: I personally do not consider it a true 5 stars. Poor Wi-Fi in some areas, but after our reporting, we have provided a 5G router in the room: service very appreciated! ||Staff very kind, professional and always available. A special thanks to Nadia, who assisted us beautifully making us feel at home. ||Note negative: management of sunbeds on the beach. Many guests “book” them at dawn with roofs and various objects and then arrive hours later. At 9:30 they are all busy, but almost no one is present (see photo attached). The resort should adopt a zero tolerance policy, removing objects from the beds left unused or adopting a different policy. ||Debate collection, even if brioche are improved. The fixed price buffet is not worth it, especially considering quality and price: much better to choose the à la carte menu or the MareNero restaurant (for a fee). Do not book half board or full board. ♪ |The Garden rooms are surrounded by nature: if you do not love wild animals, wait for meetings with frogs, squirrels and even varans!| | Overall recommended especially for the wonderful sea, nature and excellent staff, but structure and catering have margins of improvement.",2026-08,translated_argos,
The Taaras Beach & Spa Resort,5.0,"Beautiful location for a relaxing few days. Our garden room was very spacious, clean and comfortable, stocked with drinks and toiletteries. All staff were so friendly and treated us so well, especially Hamdan, who was there for us if needed for anything and Hanifa the barman at The Cove. Excellent food and drinks, would definitely recommend.",2026-08,not_applicable,
The Taaras Beach & Spa Resort,1.0,"I came here on my company trips and everything is not worth being a 5* hotel. First of all my room doesn't come with drinks and indoor slipper, even after requesting it for 3 times they still didn't send them our way. The buffet has limited choices and all of them are average at best. I understand being a 5* hotel they have to charge it at higher price, especially when they trying to earn money off foreigners. But the up charge on any of the activities are too much. 200rm for 1hour of karaoke is just out right scam. Over 500rm for 75 min at ride, 60rm to make my own roti canai. 200-300rm to massage my own partner(which I could do at home for free). This hotel also doesn't provide you with additional key to your room, so seperate activities with your roommate is almost impossible without it. Also I have never heard of a hotel being out of a spare key as well, which they did. This place literally just isn't worth the money.",2026-08,not_applicable,
The Taaras Beach & Spa Resort,5.0,"We had a very pleasant stay in the Taaras, a hotel that has particularly seduced us by the beauty of its beach, the quality of its breakfast and the kindness of its staff. We would also like to thank Nadia, at the reception, who accompanied us very well throughout our stay. It was very effective and available to meet all our requests, whether in person or on WhatsApp. The hotel beach is also beautiful, with water of a crystalline blue, which makes the setting particularly pleasant. However, we were surprised by some aspects of the hotel. The price-quality ratio seemed disappointing to us, as the price was high enough for an establishment that looked somewhat aging and deserved several improvements, particularly in bedding. This is the main negative point for a hotel in this category and at this price: we woke up in the morning with a completely painful back due to the quality of the mattress. We also regularly found odors of sewer lifts in the bathroom. Furthermore, we were surprised to have to pay for masks and snorkeling snorkeling snorkels after two hours of use. In view of the hotel's price, this equipment should be loaned free of charge, especially as guests come to enjoy the beautiful beach offered by the hotel. The hotel deserves a detour, although some improvements would make the experience even more enjoyable.",2026-08,translated_argos,
Perhentian Island Resort,4.0,"Beautiful beach, poorly maintained beds, but really nice place but beautiful. Beautiful foundations",2026-07,translated_argos,
Perhentian Island Resort,5.0,Heavenly / Paradise-like,2026-06,translated_manual,
Perhentian Island Resort,4.0,"Everything is very well just the restaurant is not worth it, go next to Coral or take a boat to Long Beach!

The hotel has the most beautiful beach on the island!
And go through ALLO PERENTHIAN for your walks!",2026-06,translated_argos,
Perhentian Island Resort,5.0,"One of the best clear water occean island resort in world near malesian coast with luxurios suites and excellanT foods , spid boat reid swimmings",2026-06,not_applicable,
Perhentian Island Resort,1.0,"Very disappointing stay. When we arrived, the room was not properly cleaned. We also had the bad surprise of finding cockroaches in the room. In discussing with other residents, several of us reported encountering bed bugs, which is particularly worrying.

Apart from the beach, which is actually beautiful, the hotel is nothing exceptional. The buffet, like breakfast, is very medium and absolutely does not justify the requested rate.

In view of the price paid, the benefits are far from being equal. The value for money is very bad. I do not recommend this property, especially when you can find better accommodation on the Perhentian Islands for a similar rate.",2026-06,translated_argos,
Perhentian Island Resort,5.0,Best.,2026-06,translated_argos,
Perhentian Island Resort,5.0,"A very good experience in this resort. The various services are very valuable: luggage storage, excursions, airport treatment, food and shops. The most is the proximity to the fauna and flora, you can meet monkeys, and on the beach you can see rays, harmless sharks and even turtles. An ideal place to visit the Perhentian Islands.",2026-06,translated_argos,
Perhentian Island Resort,1.0,"The hotel is very poorly maintained -- broken doors, dirty and badly kept shower and bathroom. Beds set 70cm apart, and don't try to push the nightstand to join them because there's dirt all around. The cabin would be perfect if it were clean and tidied up. They don't clean, they just make the bed. The hot water doesn't work. Don't get full board at the restaurant -- terrible and expensive food, full of flies, the breakfast is pitiful, no protein (well, if you count the flies and ants wandering the buffet). Service: nonexistent, they don't explain anything even if you speak Malay -- you find things out by talking to other guests. A shame because the place is paradise, the best location in the Perhentians. Lucky I got a deal of EUR350 for 4 nights without board. If I'd taken full board I would have been disgusted. The price on platforms like Booking, Agoda is EUR800. Not worth it.",2026-06,translated_manual,
Perhentian Island Resort,5.0,"Right infront of beach with turtles ! Walking to the jetty in the night, and looking at fishes was also really fun.",2026-06,not_applicable,
Perhentian Island Resort,2.0,"The only positive thing of the hotel is its beach but very honestly as much housed on the island from opposite or elsewhere and come by taxi boat one afternoon enjoy the beach. The staff is certainly friendly, but the rest are no thanks. Already the rooms are very thick, quite unhealthy, not hot water at all to make a shower.. breakfast is really not at all top and the restaurant is limited and not very tasty the only positive thing are their desserts.",2026-06,translated_argos,
The Taaras Beach & Spa Resort,5.0,"Very beautiful place, with a beautiful sea and a pleasant and relaxing atmosphere. You eat discreetly well, especially considering that we are in Malaysia, the services are great and the staff is really friendly, smiling and helpful. Entertainment is also well organized and makes your stay even more enjoyable. ||A special thanks to Hamdan, always available and ready to help for any need. || The only flaw is that the structure is a little old (or at least our room was). But the sea, good food and above all the friendliness and hospitality of the Malaysians make this small defect pass decisively in the second floor. Overall, a place absolutely recommended!",2026-08,translated_argos,
The Taaras Beach & Spa Resort,5.0,"Wonderful place, rooms  very big, comfortable  and clean; restaurants with a great offer of various food; activities well organised. The turtle laboratori and all its staff was excellent. During our stayfantBryan was a great guest assistant and lepre us always informed about the events taking place at the Resorts and herpes us with the Booking.",2026-08,not_applicable,
The Taaras Beach & Spa Resort,5.0,"All very courteous staff of the resort, we had as referent Hamdam Redang Rajab who has fulfilled our request impeccably",2026-08,translated_argos,
The Taaras Beach & Spa Resort,1.0,"Overrated hotel. The hotel is old. Food is terrible. 5 stars payment but 3 stars feels. Very disappointed. I feel shame that I introduced to my management for company trip here. I can see everyone disappointment.
Strongly not recommend here. The hotel shall only cost RM300-500, not RM3000 per night!!! My most terrible experience ever. Full disappointment!",2026-08,not_applicable,
The Taaras Beach & Spa Resort,5.0,Super resort,2026-08,translated_manual,
The Taaras Beach & Spa Resort,4.0,"We stayed for three nights as a family of four and appreciated being upgraded to a larger two-bedroom Cliff Bay Suite. It was spacious and comfortable, and the complimentary minibar on arrival was a nice touch.

The resort’s greatest strength is undoubtedly its setting: a truly beautiful beach, clear water and a sheltered bay. Snorkelling with turtles was one of the highlights of our stay. We also paid to visit the turtle conservation centre, where our children learned about conservation and, under close supervision, carefully helped uncover baby turtles from the sand. It was a meaningful and memorable experience.

The complimentary entertainment lounge—with foosball, pool, table tennis, mahjong and carrom—was another good feature for families. Some staff were genuinely warm, friendly and full of smiles, particularly at ASEAN All Day Dining. The breakfast buffet itself, however, had a surprisingly limited spread for a five-star resort.

Unfortunately, service elsewhere was inconsistent. Some buggy drivers appeared uninterested, and we observed one using his phone while driving, which was a genuine safety concern. Drinks ordered from the bar never arrived, while indoor dining involved long waits and follow-up calls. The repeated lapses across different departments suggested wider issues with training, supervision and internal communication rather than a single isolated incident.

Food and drinks were expensive, yet the quality and service did not consistently justify the prices. The excursions were also costly, although the turtle conservation visit was a worthwhile exception. The kids’ club felt basic and underwhelming for a family resort at this price point. While our upgraded suite was spacious, the room and several other areas felt dated and overdue for refurbishment.

We also found it odd that sustainability videos from 2020 were still being shown without more recent updates. Our conservation-centre visit showed that at least some valuable work continues, but relying on six-year-old material leaves guests wondering about the progress of the resort’s other initiatives. The beach and water remain beautiful, although they did not always appear quite as pristine as in the older footage.

The Taaras has the ingredients to be exceptional: an extraordinary beach, memorable wildlife experiences, spacious accommodation and clear international appeal, including among the many Italian visitors we encountered. However, a five-star experience must also include consistently attentive service, safe practices, well-maintained facilities, good food and value for money. On those measures, our stay felt closer to a four-star experience despite luxury-level prices.

As Malaysian guests, we genuinely wanted to support and recommend a local resort attracting visitors from around the world. That is why this was more disappointing than upsetting. With better training, coordination, maintenance and value, The Taaras could be outstanding. Based on our experience and the price paid, however, we would find it difficult to recommend it in its present form.",2026-08,not_applicable,
The Taaras Beach & Spa Resort,5.0,"The Sea is fabolous and the hospitality good. Food is nice. Special mention to Gracia, one of the best waitresses ever. The activities in the middle of the day are well managed.",2026-08,not_applicable,
The Taaras Beach & Spa Resort,5.0,"Terenggagu and Redang Trip 2026 (Taaras)
Posting a bit late.

Redang

1. Overall very happy and satisfied with the management and place. You will be assigned one staff that you can call/WhatsApp if anything. Thanks Bryan for entertaining us.
2. Managed to check in early at 11am and late checkout at 3pm.
3. The breakfast had a lot of selections. They also have happy hour around 5pm, if I remember correctly, where the food has discounts.
4. There is a very affordable restaurant ""Aima"" which can deliver to the guard house. Can take the buggy there.
5. The beach was soft, water was clear and suitable for kids also as it is not deep.
6. Don't recommend going island hopping if staying here as for the price, might as well stay at the hotel as much as you can.",2026-08,not_applicable,
The Taaras Beach & Spa Resort,5.0,"Our stay at Taaras was lovely. We had a little disguido with the reservation made by our agency, promptly managed and resolved by Hamdan. The attention to the customer is impeccable. Water is one of the most beautiful in the islands: calm, warm and crystalline. Recommended!",2026-08,translated_argos,
Perhentian Island Resort,1.0,"Please read carefully before coming:
This hotel has terrible value for money. The rooms are old, dirty, and poorly maintained.
They aren't sealed properly, so all kinds of insects and reptiles can get in.
This morning we woke up to a swarm of flying termites — there were at least 100 in the room. And that's with the doors always kept closed; we never even opened the balcony door once. We even put towels down to try to keep insects out.
There's no daily room cleaning — I think they just sweep a little near the entrance and give you ""clean"" towels.
There are no food options, not one, believe me, at least not if you don't want to get food poisoning. You can basically only survive on ice cream and Pringles, which is what the shop sells.
Breakfast isn't just bad, it's disturbing to look at. Nauseating. Full of flies and insects. They don't clean the tables between customers — total chaos.
The staff don't seem happy; they seem bothered whenever you ask them for anything... I don't blame them — they're working somewhere that surely gets a lot of complaints, and there's nothing they can do about it.

In summary, reconsider coming to this place. Maybe if they changed the name to ""Nature Hotel Perhentian"" it would be more fitting, because there's nothing ""Resort"" about it.",2026-06,translated_manual,
Perhentian Island Resort,2.0,"Check the close-close-close, Nemo current is a bit burdensome, turtle x meet the raw bot for Things broken..

Expensive food, paid price for nothing... with no flies..",2026-06,translated_argos,
Perhentian Island Resort,3.2,"Good resort and well placed, however the restaurant was not the best and we had to go to other restaurants nearby the hotel",2026-06,not_applicable,
Perhentian Island Resort,2.0,Hotel’s foods no so clean. Have many flies. And after I ate the foods I diarrhea few times. Hotel maintenance is very poor; there is no water in the toilet during the peak time bathing.,2026-06,not_applicable,
Perhentian Island Resort,3.0,"We booked our stay through an agent at Perhentian Island Resort, which is already notably more expensive than other nearby hotels. Unfortunately, the arrival and check-in experience left much to be scenery.

Upon arriving at the jetty around 11:00 am, we were greeted with a complete lack of guidance or a proper welcome. There were no signs or staff directing us, so we had to walk blindly from the jetty to find the reception counter on our own.

Our travel agent's itinerary, noted that check-in could be as early as 12:00 pm (international check-in time). However, hotel staff told us we had to wait until 3:00 pm for our seaview chalet. We left our bags in the luggage room and wandered the beach to pass the time. Even after pushing our luck, the receptionist wouldn't hand over the keys until 2:00 pm.

The chalet was well air-conditioned, and basic amenities were provided for our 3-day stay. We were also very fortunate to have a continuous water supply despite receiving a letter about a potential water disruption.

The toilet had a bit of a smell. Additionally, the two power outlets next to the mirror were broken, forcing us to share the working plug with the kettle.

The provided mugs and glass cups were visibly dirty. We had to physically bring them back to reception to demand a clean replacement.

Also, make sure to pack plenty of insect repellent as the mosquitoes right outside the rooms are relentless!

The beach itself is absolutely gorgeous, clean, and crystal clear so no complaints there! You can easily spot baby blacktip reef sharks, stingrays, and schools of fish right by the shore.

Because this beach doubles as a major island snorkeling point, it gets quite noisy when all the tour boats park close to the sand. It is also incredibly frustrating to find an open beach chair to place your belongings, as families tend to hog and hoard them all day.

We had the full breakfast, lunch, and dinner buffet during our stay. The food definitely needs improvement. Many of the dishes didn't taste very good or were heavily over-salted. On top of that, there was a major issue with flies landing on the buffet spreads; even though the resort installed those little spinning fan tools to shoo them away, they weren't very effective.

The beach and natural marine life are breathtaking, but for the premium price tag, the resort desperately needs to step up its service, room maintenance, and buffet quality.",2026-06,not_applicable,
Perhentian Island Resort,5.0,"For the booth, the service is only up time @ Behind the bot to land island, snorkeling slow, waiting 30 minutes take the service from agent Blue Star and Travel",2026-06,translated_argos,
Perhentian Island Resort,2.5,"This is a facility with so beautiful nature, but it can be done so bad. They are very surprised. It can be a much better hotel with some maintenance and renewal. No sockets at the beginning of the bed. There was a single priz in the room, which is far away from the bed. Room cleaning and restaurant cleaning failed. The beach and sands are very beautiful but there is no cleaning and maintenance. There are numerous sharks in the water. Saldurgan wiier but can scare. In the vicinity of the rooms and the beach, up to a century of water.",2026-06,translated_argos,
Perhentian Island Resort,3.0,"If you're coming for the beach, and only for that please do go to this resort. One of the nicest beach in these Islands.Main issues where the lack of pressure in the shower ( cant get rid of the sand ) , the rooms and all of the commodities are outdated. The resort lives of the beach and its reputation.Food is alright, don't expect anything great from this. Taxi boats are mandatory to move around, price is doubled starting 7pm, so when you need to go outside to eat for example.No taxis when raining so be careful to not get stranded on the other side.Happened to us and we had to book a night in another hotel ( which was the best sleep we had our whole stay )Rooms are decent, bed wasnt cleaned before we came in and was sandy / dirty. Lots of noise coming from the wildlife around the hotel, so if you're expecting a quiet stay, go elsewhere. The beach is very very nice, you can see turtles, sharks and lots of different species of fishes.The whole resort needs renovation. I'd give it a 2.5 out of 5, and that's only because of the beach, the fishes and the sunny weather.",2026-06,not_applicable,
Perhentian Island Resort,4.0,Nice place and friendly and helpful staff. There could be better WiFi and a children's bed costs an incredible amount like a purchase after you have arrived. Hence the one missing star.,2026-06,translated_argos,
Perhentian Island Resort,1.0,Avoid at all costs. Very rude staff and the hotel is dirty and run down. Stay away!,2026-06,not_applicable,
Perhentian Island Resort,5.0,"Splendid family time with kids at PIR( perhentian island resort) … smooth jetty transfer to perhentian resort , my suggestion is to arrive early as we need to queue for access tax and marine tax ..we arrived early at PİR, room will only given after 3 so we spend time snorkle and swim while waiting… we rent life jacket at only rm10 per day .. and snorkle around the resort , we saw big turtle .. on the right of the Jetty further up to the next resort we saw nemo and varieties types of fish .. the room we book are spacious for our family of six.. we had breakfast , lunch and dinner at the resort, the food is good suitable to local taste..for jetty transfer to kuala besut , to board the boat, PİR will call based on your room number.. just a suggestion for PIR staff to arrive early at the jetty for better arrangement in boarding boat",2026-06,not_applicable,
Perhentian Island Resort,1.0,"The food was nice but there was no water supply. We stay there for 3days 2 night. The water supply only works around 9pm until the next day 10am.
If you want to shower, pee, or do big things. You have to go to the restaurant toilet when there was no water. The trip wasn't that relax and quite stressful.",2026-06,not_applicable,
Perhentian Island Resort,5.0,Polite and attentive people for their client with a nice establishment,2026-06,not_applicable,
Perhentian Island Resort,1.0,"One star is already too much. I rarely write opinions, but I hope that this opinion can help future travellers. I advise you against the hotel, the staff, we arrived at the hotel there was no water, the staff lied to us that there was no water on the whole island. For 3 days there is no water in the hotel, the rooms are dirty, the pool is dirty. The food is aberrant. There is no wifi in the rooms !! The rooms are poorly insulated, the animals can clearly enter the room. No plug to plug your phone! Nothing. We had to change hotels at the last minute. It was a disaster.",2026-06,translated_argos,
Perhentian Island Resort,1.0,"Huge letdown. For a hotel at this price point, the management is extremely poor. When we arrived, nobody showed us to our room or even gave us proper directions we had to find it ourselves. Even in a basic 3 star hotel, you would expect at least some guidance upon arrival.
The biggest issue was that there had been no running water for three days??? This was never mentioned before booking. When we asked the staff, they could only give vague answers and said they didn't know when the water would be back.
I understand that on a remote island that occasional utility issues can happen. However having no water for three days, failing to inform guests before arrival, and simply offering buckets as a solution is unacceptable.
We ended up moving to another hotel, and we were not the only ones. Around ten bookings transferred to nearby hotels that actually had running water, at least they agreed to refund us…The location is absolutely beautiful and is honestly the hotel's only real strength. The rooms were barely clean, It's a real shame because the setting is stunning and the hotel has so much potential.",2026-06,not_applicable,
Perhentian Island Resort,1.0,"Place okay la, no good management, better go the west resort next to her je more beautiful and attractive.. TV takda, ordinary water can be gone no time but xde baldi or a solution to customer, pandai2 he thinks.",2026-06,translated_argos,
The Taaras Beach & Spa Resort,5.0,"The true strength of The Taaras is its people. While the hotel and facilities are superb, it is the staff who make all the difference. Every team member goes above and beyond to ensure guests have an unforgettable stay.
I would like to extend a special thank you to Bryan at the front desk, who checked in on us several times a day to see if we needed restaurant reservations or any other assistance. He was instrumental in helping organize my mother's birthday.
A special thanks also goes to Saiful and Dino, who took great care of our dining arrangements and secured the best tables for us throughout our stay.
The beach is incredible, and the diving center is top-notch. We were truly sad to leave.
Thank you to the entire team!

Cherif Boutalbi and family",2026-08,not_applicable,
The Taaras Beach & Spa Resort,5.0,"Fantastic resort, set in a very beautiful island. Everything was perfect....and the beauty of the beach and the sea are really amazing. The Taaras services are up to the situation; you feel pampered by all the staff at any time of the day. The management of the arrival and departure are also guided by the Taaras and therefore everything is simple. |Comode the connecting rooms if you are with children.... and the three restaurants all good, with special mention to the Marenero. The activities proposed are nice organized by the staff of diving. I had a physical problem and they were all kind and caring.... accompanying me to the island’s precautionary clinic A special mention definitely goes to Brian Nocholas, the “guest experience executive” that provided us with constant assistance for all our needs. from the reservation of an excursion or a restaurant... to the needs of the room....from the organization of a private bbq on the beach until the booking of a private boat for check out|We will definitely return when we are in the area",2026-08,translated_argos,
The Taaras Beach & Spa Resort,5.0,"A dream vacation in an exotic paradise. A beautiful place, a top service, and a rare customer sense. Thank you, among other things, to Bryan for taking care of us throughout our stay.",2026-08,translated_argos,
The Taaras Beach & Spa Resort,5.0,"A beautiful, exclusive resort with private white sandy beaches with crystal clear waters. Customer service is excellent, the resort promotes turtle conservation, it has a karaoke room, jungle gym (weights made of wood), swimming pools, pool bar, 3 restaurants, pool tables, yoga, kayak, and snorkelling, diving and fishing excursions. There is a local restaurant outside the entrance of the resort, if you want cheap, yummy local cuisine. It's called Aima Grill Fish restaurant. Look up my separate review on it.",2026-08,not_applicable,
The Taaras Beach & Spa Resort,5.0,"A truly excellent stay in Redang

The Taaras Beach & Spa Resort definitely deserves a very positive review, starting from the width of the spaces, the general cleanliness of the structure and the size of the rooms, spacious, comfortable and very well maintained.

The reception is of primary level, with a particular attention to the guests who arrive after a journey inevitably tired and horny. In our case, it was of great support Bryan, who immediately became available to assist us for any need during the stay. A discreet but constant presence, with a communication via WhatsApp always responsive and especially timely. A service we enjoyed very much.

The restaurant was also a pleasant surprise. The proposal is not limited to Asian cuisine, but it also offers several international dishes of excellent quality, accompanied by a very interesting wine card. Here too we met a person who helped make our stay even more enjoyable: Ayuni, a local collaborator extremely helpful, smiling and nice, who with great enthusiasm even tried to speak Italian with us!

The beach, finally, is probably the real strength of the resort: in our opinion the most beautiful of Redang and, undoubtedly, the cleanest. Crystal clear sea, beautiful sand and a bay that represents exactly what you expect when you imagine a tropical island.

Overall, The Taaras manages to combine an extraordinary position with a careful service and a very well organized structure.

If you decide to stay in Redang, in my opinion The Taaras is not just one of the alternatives: it is the only choice I would really consider.",2026-08,translated_argos,
The Taaras Beach & Spa Resort,5.0,I had a beautiful stay. The staff kindness and care is great and the location is gorgeous ✨,2026-08,not_applicable,
The Taaras Beach & Spa Resort,5.0,"Great place ! Ill definitely come back ! I was a little skeptical at first, not thinking i would have much to do besides tanning and swimming in the sea but i was wrong !
There’s a lot of activities to do: snorkeling to see fishes/sea turtles, go to a turtle sanctuary, go walk in the jungle nearby the hotel, visit the town outside the hotel, take diving lessons, gym..
There’s monkeys and monitor lizards walking around the gardens.",2026-08,not_applicable,
The Taaras Beach & Spa Resort,5.0,"What a wonderful resort this was and the staff are jumping to help you with everything. We had a delicious (very spacious) room and the spacious shower and bath were comfortable. The water was nice and warm. 1 minus, the beds were a bit too hard for us, so we got a little trouble with our back. But thanks to the delicious massage this was massaged well. The excursions (snorkeling with turtles and fish and romantic dinner for 2 on the beach) we did were also very nice and we had delicious dinner at the romantic dinner. The waiter/cook listened to our wishes very carefully.",2026-08,translated_argos,
The Taaras Beach & Spa Resort,5.0,"The trip of the three families was a great experience, and it was just another Southeast Asian Sea Island. After four days, however, only to say that it was fun and that it would come back, that the hotel facilities were of a normal standard, but that the attitude and experience of the services were absolutely valuable, that the five-year-old daughter had a fever at 6 p.m. The attendants and the driver immediately went to the town's clinic, and called the doctor to wait for the clinic early after work, and the child was alive the next day after taking the medicine. In any case, it will come again, and it will be one of the best memories of our family.",2026-08,translated_argos,
Perhentian Island Resort,5.0,Seamless pick up and nice resort,2026-06,not_applicable,
Perhentian Island Resort,4.0,"Beautiful place, great location. Love to come back again and again. Maintenance of landscapes need to be improved.",2026-06,not_applicable,
Perhentian Island Resort,2.0,"The Verdict: Stay somewhere else and just visit this beach.
Perhentian Island Resort sits on what is arguably the most breathtaking, crystal-clear stretch of white sand and turtle-snorkeling reef on the entire island. However, the resort itself is a massive letdown. You are paying a premium price for a property that feels neglected, dated, and poorly managed.

The Bad: The rooms are in desperate need of a renovation—expect septic tank smell from poorly maintained toilets, musty smell, stained linens, plumbing issues, in room safe that does not work , and zero Wi-Fi or poor phone signal in the chalets. - we changed rooms and had the same issues. The included buffet breakfast is incredibly basic and lacks quality and cleanliness (flies on food) while the overall resort infrastructure struggled with basic utilities like running water. (We could not shower, flush, or wash hands at one point our stay). 2 rooms per chalet have very thin walls, so expect smelling and hearing your neighbour if they have a conversation, or smoke a cigarette.

The Good: The location is a 10/10. The water is pristine, and you can literally swim out from the shore to snorkel with sea turtles and fish without needing a boat tour.

Final Thoughts and recommendations: Do not look at the booking photos; they do not reflect the current run-down state of the rooms and common areas. Save yourself the frustration: book a better-maintained hotel nearby for a comfortable night's sleep, and just take a water taxi over to this beach during the day to enjoy the spectacular nature.

Recommend to upgrade at least on plumbing and ventilation infrastructures, and management to have goals to realise the full potential of this wonderful location.",2026-06,not_applicable,
Perhentian Island Resort,5.0,Best room at island,2026-06,translated_manual,
Perhentian Island Resort,3.2,"This is the first time and the last time to stay in the perhentian resort.We had a bad experience in the room.After we had our dinner, we went back to our room, we r shock the room was full of flying insect due to the door bottom sealing strip was not in order but we manage to handle it by switching off the light. The horrible thing happened at the second night, we saw a jungle rats in our due room.Due to in the middle of the night n our room was at the back so we manage to chase the rat out of the room.",2026-05,not_applicable,
Perhentian Island Resort,3.5,Good spot nice beach nice scuba dive center but food/buffet isn’t great,2026-05,not_applicable,
Perhentian Island Resort,4.7,"Good rooms, friendly staffs, fantastic beach, family friendly resort. Clean beach",2026-05,not_applicable,
Perhentian Island Resort,4.2,"Had a pleasant stay at Perhentian Island Resort. The room was comfortable and clean, with a really nice beachfront view and great location. The scenery around the resort was beautiful and relaxing. Staff service and facilities were generally good. The food was okay — not bad, but there’s still room for improvement in terms of variety and taste. Overall, it was a good experience and I enjoyed my stay.",2026-05,not_applicable,
Perhentian Island Resort,3.2,"The toilet and shower was dirty. After swiping the floor with broom housekeeper was leaving the sand on the floor behind the wardrobe. See the photos. Upon checking in we had to wait 2 hrs (!!) for our luggage to be sent to the room. The luggage didn’t come until I had to go back physically (as theres no phone/landline in the room) to the reception counter to complain. However, the staff is friendly and helpful when asked specifically for any assistance. The beach is great and overall resort area feels very relaxing.",2026-05,not_applicable,
Perhentian Island Resort,3.2,"The hotel is quite dated and hasn't been renovated in a very long time. Honestly, it is a bit overpriced for the services and amenities provided. The housekeeping wasn't always excellent, though it was acceptable. As for the restaurant, the food really isn't great.However, the room price is solely justified by the view. I had a sea-view room, and the hotel's private beach is truly incredible definitely one of the most beautiful on this small island. Come here for the location and the scenery, not for the hotel itself",2026-05,not_applicable,
Perhentian Island Resort,5.0,"Ideal hotel to spend a night. We saw turtles in the bay.
The resort offers a good restaurant with a very varied breakfast.
It is possible to take a little walk in the jungle. Animals can be crossed by walking around the hotel.
The swimming pool is good at the end of the day.",2026-05,translated_argos,
Perhentian Island Resort,5.0,"Beautiful setting, beautiful beach ideal relaxation and snorkeling. Upon arrival we had a room at the rear facing forest rudimentary comfort, we changed to a sea view room that changed our stay. Very medium restaurant, full tables. Mattresses, parasols, beach towels are missing. No closets. The few deckchairs are often taken by tourists who do not stay at the hotel.",2026-05,translated_argos,
Perhentian Island Resort,4.0,"Nice hotel. I was afraid of the opinions before arriving, but indeed, our seafront room was a little aging but clean and not invaded with bugs!
Beautiful view and beach!
Concerning breakfast, actually not an exceptional choice, and expensive restaurant.
Overall, a good address!",2026-05,translated_argos,
Perhentian Island Resort,5.0,"when I stayed at Perhentian Island Resort and I had a very good experience.
The beach is very beautiful and the water is clear and clean.
The food was delicious and I enjoyed the breakfast every day.
The room was comfortable, clean, and good for relaxing after activities.
The location is very natural and peaceful, so it is perfect for people who love nature.",2026-05,not_applicable,
Perhentian Island Resort,5.0,"Good experience, resort with a private beach and lots of amenities. There are also lots of animals around the property (langur monkeys, monitor lizards, and colugos). The only things that could be improved are the restaurant food and some run-down facilities, like the tennis and badminton courts.",2026-05,translated_manual,
Perhentian Island Resort,5.0,"Yes, it is expensive for the quality offered, but it’s worth it! Best location on the island: we woke up everyday at 8:30/9am and ran to the sea to swim with turtles, all by ourselves! They can be found all around the day: morning, lunch, and late afternoon, we always saw them. In the morning, from the pier, you can see dark shadows in the water - that’s them. At around 10:30am the boats arrive with hundreds of tourists, so it’s best to catch them early. There’s all sorts of animal life in this resort: the cutest monkeys we’ve ever seen, lizards, bats, squirrels, etc. It’s like staying in an open zoo. Plus the beach is truly beautiful.
We stayed in the A-Frame rooms, private cabins with shared bathrooms, and honestly I think it’s even better than staying in the big houses (because they share a wall with neighbors). These cabins felt very private and had a nice seaview. Also, it’s less than half the price of the other options. The fan works wonders and no animals entered the room during the night (not even mosquitos). Shared bathrooms were very close by and clean.

However…the sheets didn’t look clean when we arrived (had hairs on them). But after a few days in Malaysia I’ve noticed the cleaning standards are pretty low. My partner got some weird bites on his skin - might have been bedbugs (we heard other guests who were staying in the big houses complaining of this too).

The breakfast buffet - just stick to fresh stuff and it’s good. Eggs, fruit, noodles and vegetables. The “western” options are all terrible, frozen and fried.

The restaurant is expensive (then again, Besar is more expensive than the mainland). Again, stick to local food and you’ll be fine. Most of the times we opted to eat in Mama’s, 15min walk from the resort. Cheapest prices on the island and good local food.",2026-05,not_applicable,
Perhentian Island Resort,4.5,Very happy with the overall services provided by the staff. Very friendly and helpful staff. The deco in the room was perfect and nice.,2026-05,not_applicable,
Perhentian Island Resort,5.0,"I had an amazing stay at Perhentian Island Resort. The beach was absolutely beautiful, with crystal-clear water, soft white sand, and a peaceful atmosphere surrounded by nature. The food was delicious and fresh, especially the seafood and local dishes served at the restaurant. The room was very comfortable, clean, and perfect for relaxing after a day by the beach. The resort’s natural location made the whole experience feel calm, refreshing, and unforgettable.",2026-05,not_applicable,
Perhentian Island Resort,5.0,"Staying at Perhentian Island Resort was a truly amazing experience that I will never forget. The resort is nestled in a lush, pristine environment that feels like a hidden tropical paradise. I was constantly mesmerized by the breathtaking views of the crystal-clear water right from the shore. Every meal served was a delight, featuring incredibly delicious flavors that showcased the best of international cuisine. It is the perfect destination for anyone seeking a blend of natural beauty and culinary excellence.",2026-05,not_applicable,
Perhentian Island Resort,2.0,"I had already read that on the Perhentian Islands most hotels weren't worth what you paid, but I didn't expect this.
This hotel, although located on one of the best beaches on Pulau Besar, is old and poorly maintained. It's better to stay at another hotel and just visit this beach for the day.
The reason I chose it was because I'd read comments saying the snorkeling at this beach was fantastic. And it's true you can see turtles, but that's about it.
The rooms need renovating: the air conditioning smelled really bad, and even though they cleaned the filters, it kept smelling the same. At night it would bring in the smell of the drain outside, and since it was so hot, it was impossible to turn it off.
- the wooden furniture is scratched and old.
- and the worst part was the toilet paper dispenser in the bathroom — it was dirty and rusted. You could tell it hadn't been wiped down in years. Disgusting.
As for the food:
- the breakfast buffet was fine
- for dinner the options are bad, bland, and full of grease. It's much better to go eat at The Barat, which is a 10-minute walk away.
In summary, I don't recommend it at all, I wouldn't go back.",2026-05,translated_manual,
Perhentian Island Resort,5.0,"For me, this is the best hotel in Perhentian. For its location, the beach, and the surroundings.

The rooms and food aren't the best, but the staff are helpful and carry your bags from the jetty to your room.

I do NOT recommend the bungalows — we switched the next day, there's nothing there and they're extremely uncomfortable.

Notes:
- there's only wifi in the hall",2026-05,translated_manual,
Perhentian Island Resort,5.0,"For healing okay.. if expect comfortable, not here for room",2026-05,not_applicable,
The Taaras Beach & Spa Resort,5.0,Amazing bounty island. Top resort with friendly people.,2026-08,translated_argos,
The Taaras Beach & Spa Resort,4.0,"We stayed for a few nights at the Taaras Beach Resort and the experience was really wonderful. We chose a Cliff Suite with ocean view and wake up every morning in front of a panorama so it was priceless.

The private bay is simply spectacular: crystal clear water, white sand and a relaxing atmosphere that makes this place a real paradise. The ubiquitous owner yatch that spoils the view, and negative note of the staff that has no eye to keep clean from plastic and card on the beach. All attentive to how to save and let go of the small turtles, but you do not have the attraction of disposable beach. The resort offers many activities, from kayaking to water sports, to a well-organized dive center for those who want to explore the magnificent seabeds of the area.

The gastronomic offer is also very complete, with the possibility to choose between buffets and à la carte restaurants, without having to leave the resort. Being practically the entire island complex, there is really everything you need.

Staff available. The only small note is that, at times, the service seemed a little “robotized”, very formal and less spontaneous than other resorts we visited.

Overall it is a destination that we absolutely recommend to those looking for sea from postcard, relaxation, diving and comfort in an exclusive setting. A stay that we will remember with great pleasure.",2026-08,translated_argos,
The Taaras Beach & Spa Resort,5.0,"Spectacular location, incredible service. Super attentive and friendly waiters and chefs. My wife is a celiac and has been able to taste all the typical and Asian local dishes thanks to the care and attention of the Saifoo and chef Affandi.
A paradise",2026-08,translated_argos,
The Taaras Beach & Spa Resort,5.0,"Choosing Taaras Beach for our honeymoon was the best decision we could have made. Our arrival was a bit complicated due to rough waves, but Mrs. Cara treated us wonderfully from start to finish. All the staff are amazing, and we want to give special thanks to Jodi, Jonathan, Hanafi, Izhak, and Roffi for their exceptional kindness and care. To top it off, we were surprised to see sea turtles right on the hotel's beach! We're delighted with our experience and really hope to come back.",2026-08,translated_manual,
The Taaras Beach & Spa Resort,5.0,"We stayed for 5 days during CNY 2025 week. Beautiful resort with private white sandy beach and crystal clear water. The staff are amazing - friendly, smiley and always ready to help especiallly Saiful who went out of his way to assist us in every possible way. He perfected our stay. The only setback is the flight home - due to techincal problem with Berjaya Air, we have to leave the resort 6 hours earlier at 5am to catch a ferry to Merang and then to KT airport to catch a plane to KLIA instead of flying off from Redang and arrive at Subang airport. On the positive side, the staff did all they can to ensure the whole journey to the airport is as comfortable and smooth as can be. Hats off to them! Despite of the setback, we will still be back because of the staff's service. Would like to thank all the staff who created a pleasant and memorable stay for us",2026-08,not_applicable,
The Taaras Beach & Spa Resort,4.0,Beautiful indeed.,2026-07,already_english,
The Taaras Beach & Spa Resort,5.0,"Just returned home after a 4 night/5 day stay at the Taaras. This has been one of my favourite ever breaks.
Pros
Location - is extraordinary. A peaceful bay, beautiful beach and crystal clear water that you can wade out to for a long distance while still being able to stand - perfect for swimming/snorkelling with kids. Wake at 6.30 one morning if you can to experience the sunrise, is quite special.
Staff - every single person we interacted with was warm, friendly and wanted to help. Particular mentions for Saiful and Dino at Asean, Rizal (spelling?, sorry) at Cove and Hamdan in guest relations who were all so helpful, professional and kind. Again though, every single member of staff was great to interact with.
Rooms - we had a cliff bay suite and it had the nicest view of any room I've stayed in. Beds were extremely comfortable and aircon worked well.
I also liked the nice mix of guests from different parts of the world - no one group overwhelms the place as can sometimes be the case at other resorts.
Cons
It is a fairly remote location, so variety of food options is understandably less than on mainland, but they still do a good job and we always found something delicious at buffet time.
One tiny gripe from me - not selling bottled mineral water in the shop means paying a high price at one of the restaurants. This felt a little mean, but they do provide filtered water top ups when asked.

Overall, a wonderful place. We intend to return soon.",2026-07,not_applicable,
The Taaras Beach & Spa Resort,5.0,Our stay at this hotel was a wonderful experience! The place is beautiful and the team is 5 stars! A special thank you to Bryan for his support.,2026-07,translated_argos,
Perhentian Island Resort,3.0,"The resort is located near the pier with a beautiful beach. However, the rooms are very old and outdated.",2026-05,not_applicable,
Perhentian Island Resort,2.0,"The old Remix, the room is pretty dirty even though it's been cleaned up, but being built so long it's just inevitable. The beach is nice.",2026-05,translated_argos,
Perhentian Island Resort,5.0,"Second stay in this hotel in two years. Ideal location with one of the most beautiful beaches on the islands. Snorkelling on the edge. Good salty breakfast, idyllic setting, single room.",2026-05,translated_argos,
Perhentian Island Resort,4.2,"The resort has the best beach on the west coast of Besar, and has a nice vibe to it. The rooms are basic, with a working A/C and comfortable enough beds. A plus is that there is room service everyday and new towels are provided. The hotel staff is nice and friendly. Breakfast was the same everyday, and many of the items were left out in the open, so there were quite a few flies around. Renting snorkeling equipment at the resort is quite expensive, so I would recommend renting at one of the many other rental places on the island.",2026-04,not_applicable,
Perhentian Island Resort,5.0,Best and most beautiful beach on Perhentian island!,2026-04,not_applicable,
Perhentian Island Resort,2.7,"In my opinion, it’s located on the best beach in Perhentian. Unfortunately, the service was poor. Reception said our room wasn’t ready due to a system issue, but when we checked, it had already been cleaned and prepared, with no housekeeping staff around. We were still asked to wait, which was frustrating—they could have simply verified with housekeeping.Apart from the great beach location, the resort needs upgrades, as many facilities are outdated or not working.",2026-04,not_applicable,
Perhentian Island Resort,5.0,"We stayed there for 3 nights, rooms were as clean as they can get in the middle of an island. There was a friendly little lizard staying with us too. Room Service was good . Although no slippers provided was a bit weird. The hotel restaurant closes at 10 pm. After that there isn’t anywhere else for you to get something. Drinks are not available.",2026-04,not_applicable,
Perhentian Island Resort,2.5,"The resort is disappointing for the price you pay. The location is amazing on a beautiful beach. However, the resort needs some care.Rooms are quite dirty and only surface cleaned. Daily cleaning involved giving new towels and tucking sheets on bed. There was no actual cleaning done and you can tell that this has been ongoing for many years due to the build up of grime in the rooms. They need to deep clean the rooms. Sheets are also fresh but stained which is a bit off putting for a ""luxury"" resort. The outside areas of the resort are also very dated - broken tiles, forgotten spaces that could be used to relax in but are just dumping grounds for old furniture, loungers on the beach are very uncomfortable.The worst part however were the staff. We have never encountered a staff like it. They don't say hello to you, when you say thank you after breakfast there is no response back. They are very abrupt and brush you off as quickly as possible when you ask questions. There was one lovely waitress and one lovely woman at reception but otherwise the staff were fairly unpleasant. For a self proclaimed luxury resort, it is really not good enough.The resort has huge potential. The grounds are amazing, the beach is amazing and the cabins are very pretty. Problems could be easily fixed if the management took any note of anyone's reviews - clearly they don't!",2026-04,not_applicable,
Perhentian Island Resort,2.0,"The beach is very beautiful but the rooms are aging, the bathroom with mold, it wasn't even clean when we arrived! Very disappointed",2026-04,translated_argos,
Perhentian Island Resort,1.7,"Misplaced my bag. Had to ask for towels and toilet paper.  They gave us wrong walking instructions. They place hasn't been cleaned properly in a long time. Cockroaches and worst of all, BED BUGS. We got covered with terrible bites. Stay away from this place. Again, BED BUGS.",2026-04,not_applicable,
Perhentian Island Resort,5.0,"Had I read the opinions I would certainly not have come and it would have been a nice mistake. It's one of my most spent in Asia. Water cannot be more transparent. I saw very easily: turtles (including a huge) sharks with black tips, fish of all colors (there are coral with 2 braces) with hundreds of nemo, rays. Varans squirrels ect. The staff is adorable and does everything for your comfort. The seafront room was perfect and extremely quiet. Contrary to what can be read this is neither old nor dirty. It's really charming family quiet. Pretty nature. Home is perfect. We take your luggage at the pontoons, a glass of lemonade upon arrival. We answer all your questions. Beach towel loan. Restoration well the dishes are about 20/30 ringgits . Attention There is a small shop but think about taking your essentials: sunscreen, anti mosquito and especially hair mask, water is very salty and yet living by the ocean I can tell you that here hair suffers!! The sun taps very loud forecast clothing for snorkeling. He also has diving platforms.",2026-04,translated_argos,
Perhentian Island Resort,5.0,"Unfortunately, we did not have the opportunity to stay in this hotel, but we wanted to thank them warmly. Indeed, following a scam from the Moraza bus company, we were unable to get there during the Eid weekend.
Despite the fact that we had not subscribed to free insurance, the hotel team showed great flexibility and agreed to pay us back in full. It is rare to encounter such kindness and understanding, and we wanted to emphasize it.
Thanks again!",2026-04,translated_argos,
Perhentian Island Resort,1.0,"Honestly, this hotel is an absolute shame. The only drinking thing is the beach — and again, it is clearly not enough to compensate for the total disaster that the establishment represents. When you arrive, it's the shock: dirt everywhere, smell of unbearable humidity, impression of total abandonment. The household is clearly not done, or under unacceptable conditions. The sheets were stained, the surfaces dirty... One wonders even if the room was prepared before our arrival. It's simple: you don't feel safe or respected as a customer. Everything seems to have been left behind for years. It's not an exaggeration, it's even below reality. And let's talk frankly: negative opinions are not exaggerated, they are even nice compared to reality. This is a real scam. This place shouldn't even be open to the public. To flee immediately, unless you like to lose your money and sleep in unworthy conditions.",2026-04,translated_argos,
Perhentian Island Resort,1.0,"incompetent staff, not well maintained, beach full of jellyfish, overpriced, overall not worth it",2026-04,not_applicable,
Perhentian Island Resort,2.5,"No go zone as a muslim family, women’s from the west coming there walking naked. (Almost naked) Good for western people. as a Muslim family DONT GO!",2026-04,not_applicable,
Perhentian Island Resort,5.0,The place is superb. You get a 40 minute fast ferry to the charming colourful jetty and the staff use a motorbike and trailer to transit your luggage to your room. ||Upon arrival at reception you are greeted with a welcome drink. The staff were all really friendly.  We were lucky to have two rooms with an adjoining door so we could be close to the kids. ||The beach is absolutely stunning with not a scrap of litter (Went to Long Beach and it was scruffy with so much litter).  The Turtles are easy to locate and snorkel with and the coral is impressive with an abundance of varied fish. ||The breakfast was good quality and plentiful. We ate dinner in the nearby restaurants for variety and because they were better value. ||I can’t understand why the reviews are poor because that was not our experience.,2026-04,not_applicable,
Perhentian Island Resort,4.5,Nice view right in front of the resort and we can do our snorkeling right in front of this island and we managed to spot 2 turtles here too...,2026-04,not_applicable,
Perhentian Island Resort,5.0,A paradise....,2026-03,translated_manual,
Perhentian Island Resort,5.0,"Overall, I had a wonderful stay at this resort. Initially, I didn’t have high expectations due to my previous not-so-good experiences with other resorts, but everything turned out to be surprisingly great.

Upon arrival at the jetty, the staff were there to assist with our luggage, which was a nice touch. Check-in could have been slightly earlier since the room was already ready, but aside from that, the service was excellent. Everyone was friendly, cheerful, and always welcoming with a smile.

The room was clean and had a pleasant scent. The towels were fresh and smelled nice too. The bed and pillows were incredibly comfortable..I slept like a baby! The beach and the view were absolutely magnificent. The food was also delicious. Although there was no Wi-Fi in the room, the phone signal was strong, and Wi-Fi was available in the receiptionist area. The only downside was the limited food options

Overall, I’m very satisfied with my stay and will definitely come again!",2026-03,not_applicable,
The Taaras Beach & Spa Resort,4.0,"For our recent getaway, we booked The Taaras, supposedly the best hotel on Redang Island. With that reputation and the price tag, we arrived expecting a little bit of wow.

Arrival:
The welcome was pretty much “hey you made it.”  . We were served a welcome drink that tasted as if the juice concentrate was more of a suggestion than an ingredient.

We arrived way too early and our room wasn’t ready for early check-in, so we were then told to leave our bags on the floor by the stairs. For a resort charging these rates, I assumed a proper luggage area might have made it into the budget, but apparently not- the staircase floor is the luggage lounge.

We left our bags to enjoy the beach, and we can confirm this is where The Taaras absolutely earns its reputation.

The beach:
The beach is breathtaking. Hands down, the most beautiful beach on Redang Island. The sand is incredibly white, the water is crystal clear, and the scenery is spectacular. If the welcome drink was 99% water and 1% juice, at least the water at the beach was actually impressive.

The room:
Our Bay View room was amazing. A big thank you to the hotel management for assigning us Room 251. The room was perfect, and the view of the beach was spectacular. We loved the slice of cake and the beautiful anniversary message displayed on the screen- though we had to turn on the TV to see it. It was a thoughtful touch.

Breakfast at Asian Dining restaurant:
Breakfast had a good spread, although most of the food sat comfortably in the moderately good category. The croissant was soft, and limp. The roti canai was fine, even though i think a splash of sambal would take it up a notch.

We ordered iced chocolate drinks, which arrived as a joke. Between this and the welcome drink, I strongly suspect the beverage department is either terrified of flavour or operating under extremely strict flavor rationing. Perhaps a little more training in beverage making?

Recreation Center:
We made good use of the Sports and Recreation Center. Renting equipment such as the canoes, snorkelling gear and an underwater camera was easy, and returning everything was straightforward. The staff were extremely helpful, especially Kak Husni, who made things simple for us

The only issue though was transferring the underwater camera files. We couldn’t transfer everything because the videos were large, despite averaging around two minutes each. If only the centre could temporarily upload the files to cloud storage and provide guests with a download link. That would save everyone from standing around watching a transfer progress bar move with the urgency of a sea cucumber.

Customer Service:
One thing that genuinely stood out was the customer service. The staff were consistently friendly and helpful, when approached, but some moments went beyond the usual resort service. A staff member helped attend to our minor wounds after a snorkelling activity, and we even saw another staff member helping a guest tie her hair. How lovely is that.

We had the pleasure of riding with Rafiq, one of the buggy drivers, who remembered us by our room number, so every trip between our room and the lobby was effortless. He shared helpful tips and was a pleasure to chat with.

Overall, The Taaras has an absolutely spectacular beach, beautiful views, excellent rooms and some genuinely wonderful staff. The natural setting does a lot of the heavy lifting.

They just have to work on the arrival experience, and beverage quality.

Had to repost this twice because it didn't appear.",2026-07,not_applicable,
The Taaras Beach & Spa Resort,5.0,"An amazing place on a fabulous island! Snow-white soft sand, incredible azure water is definitely the best beach in all of Redang, and snorkelling turtles can be seen right off the coast. The rooms are very spacious, the service is impeccable, and a chic panoramic view of the ocean opens from the gym. Breakfasts were delighted with their variety. I recommend it!",2026-07,translated_argos,
The Taaras Beach & Spa Resort,5.0,Impeccable service at the taras resort Special thanks to hamdan rajab,2026-07,translated_argos,
The Taaras Beach & Spa Resort,5.0,The Best Accommodation for Redang Island to Eat That Could Be Even Better Otherwise Everything Perfect,2026-07,translated_argos,
The Taaras Beach & Spa Resort,5.0,"We spent three nights at The Taaras Beach & Spa Resort, and our experience was absolutely wonderful. The beaches are pristine, clear water and if the room facing sunrise, you would enjoy a claming scenery early morning.
I must give a well-deserved 5-star rating to the staff for their exceptional hospitality. From housekeeping and the front desk to the restaurant team, everyone treated us so well with genuine warmth. My 11-year-old daughter especially loved the food at The Cove and MareNero.
Our Cliff Bay Suite was incredibly spacious and clean. Additionally, the team at the recreation centre was very helpful and friendly.",2026-07,not_applicable,
The Taaras Beach & Spa Resort,2.0,"Hotel has seen its best days and needs investment and restauration. Staff friendly, but poorly trained. Two stars for the location",2026-07,not_applicable,
The Taaras Beach & Spa Resort,5.0,"My family and I would like to extend our heartfelt thanks for the wonderful hospitality, warmth, and excellent service we received throughout our three-day stay at The Taaras.

We truly had a wonderful time enjoying the beautiful beach, the comfortable resort, and the dining experiences at your restaurants. Every member of your team was courteous, friendly, and always willing to help, making us feel genuinely welcomed from the moment we arrived until our departure.

The quality of service was consistently excellent, and we thoroughly enjoyed the meals. While the food presentation was impressive, we believe the dining experience could be further enhanced by including more local Terengganu and Kelantan specialties, allowing guests to experience the rich culinary heritage of the East Coast. We also suggest considering the inclusion of soft drinks in the meal package instead of charging them separately, as this would provide even better value and convenience for guests.

Overall, it was a joyful and relaxing holiday filled with wonderful memories that our family will always cherish. The SEATRU Turtle Lab and the sea turtles conservations were some of the impressive highlights. We will certainly return to The Taaras in the future and will not hesitate to recommend your resort to our family and friends.

Thank you once again for making our stay such a memorable and enjoyable experience.

With sincere appreciation,
The Amran Family",2026-07,not_applicable,
The Taaras Beach & Spa Resort,3.0,"Overall is a pleasant experience for our family. Our  Deluxe 2 rooms with Hill view are the main issue with this resort, i.e faulty AC and safe (keeps beeping all night long), leaking bathroom, malfunction espresso machine, malfunction fridge (not powering on) and seems that equipment  are old ( year 2012) and not easy to operate. For a.5 star resort category, this will be the worst experience I had compared to similar Hotel rating.",2026-07,not_applicable,
The Taaras Beach & Spa Resort,3.0,"Good. But rooms are terrible.

There is transfer from airport or if you come by car can come to Jetty. They send message and meet, very convenient.
The beach is good, clean and comfy. I couldn’t swim because some health problem, but even I could see some fishes and baby sharks.
The beach bar also good, guys are working very fast and polite.
Territory is good and I saw security who check if you stay in hotel, so I guess that’s why on the beach don’t have so much people.
Breakfast was good, Indian, Chinese and standard cuisine.
I liked that part that we can see monkeys in balcony and they were coming almost every day. It was looking so interesting.
Personal is good everywhere, but I liked more who works in the beach side, they were great.

So, why not 5. Because rooms were in terrible condition.
All furniture is so old and needs  to change. Washroom is so smelly and dirty. It is not like 5 star hotel at all. Really need to change, not clean, change!!!
The sofa has been covered in mold for a long time, which I'm not sure any dry cleaning service can remove. The air conditioner is incredibly noisy and leaks, like it's from the last century. The balcony door creaks and can't be opened. The bathroom is already completely yellow. Everything in the room needs to be replaced immediately. The conditions are simply appalling.
I'll be waiting for notification that the premises have been renovated and that we can return again. However, under these conditions, guests will not be returning.",2026-07,not_applicable,
The Taaras Beach & Spa Resort,4.0,"We stayed at The Taaras Beach & Spa and, overall, it was a very positive experience.

The resort is beautiful, well-kept and represents the best structure of Redang Island. The Garden Suites are well maintained and, in my opinion, have a decidedly more comfortable location than the rooms overlooking the sea, because they allow you to easily reach the beach, swimming pool and restaurants.

The price is certainly high compared to what is offered: I would personally consider it closer to a good 4 star European resort than a real luxury resort. Despite this, the best choice on the island remains.

Breakfast is great, very varied and with a wide choice. The Asean restaurant, on the other hand, has not convinced me particularly. I enjoyed the beach bar for comfort and atmosphere, although pizza is definitely improved. I would also recommend extending the vegetarian proposals of the restaurant the cove.

The real strength is the service: every day staff contact guests on WhatsApp to ask how the stay is going and it is always quick to solve any problem. I also found very nice small details, such as chocolates left every evening in the room, the daily mini-bar, the lounge dedicated to waiting at Kuala Terengganu airport and live music during aperitif and dinner.

The cleanliness is good, the beach is well maintained and the location is perfect to reach the observation point of turtles. Snorkeling is very nice, with the possibility to easily rent all the necessary equipment. A huge added value is being able to witness the nesting of turtles on the beach and, when possible, participate in the liberation of children: a really exciting experience.

I also found it very convenient to have the village right next to the resort, where you can dine in local restaurants spending about a third compared to hotel restaurants and, often, eating even better.

The mattress is very comfortable, in the common room there are games to entertain and the weather was perfect: despite the forecasts indicated continuous rain, we had only short night showers. The sea is simply the warmest and most blue I have ever seen and during the stay you can observe many marine animals.

There are also some improvements. Sand mosquitoes are numerous, even within the rooms: I recommend to bring a really effective repellent. Some deck chairs and tables on the beach would need more accurate cleaning.

I did not appreciate the constant presence of the owner's yacht anchored in the bay, because it spoils a bit the natural view of this magnificent place.

The most sad note concerns unfortunately the amount of plastic and microplastics present both on the beach and at sea. The owner proudly shows the projects of requalification and cleaning, an admirable initiative, but unfortunately it is enough to make a few steps to find microplastics, bottles, lighters and other waste. I would have liked to find baskets or bags made available to guests who want to spend some of their time cleaning up this paradise.

Finally, I would enjoy a little more evening entertainment. Apart from the pleasant live music, the evenings are quite quiet: a disco evening, a white party or some additional show would make the experience even more complete.

Overall I recommend The Taaras Beach & Spa to those looking for the most beautiful sea you can imagine, a well-managed resort and a very attentive service. With some improvement and a more balanced price-quality ratio could really become an absolute point of reference.",2026-07,translated_argos,
The Taaras Beach & Spa Resort,5.0,Hanafi n 2 more our Butler in villa very helpful n good service.,2026-07,not_applicable,
The Taaras Beach & Spa Resort,4.0,"A place you'll remember long after you've left 🌞🌞🌊🏖🏖
The Taaras is all about one thing: location, location, location.
The bay is simply breathtaking. Warm, crystal-clear water, incredibly soft white sand and one of the most beautiful beaches I've ever experienced. It's the kind of place where you immediately slow down and wonder why you don't live by the sea.
If you can, choose one of the Ocean Front Suites. Waking up to that view every morning is an experience in itself.
Like many remote island resorts, not every aspect is absolutely perfect, but once you're surrounded by such extraordinary natural beauty, those details quickly fade into the background.
A special thank you to Bryan, whose guest relations made us feel genuinely welcome throughout our stay, and to Hasni at the Recreation Centre, who took the time to understand what I was looking for and recommended the best option for the limited time I had available.
Because of my tight schedule, they organised a 2-hour ""Redang Best Spots"" private boat trip, and it turned out to be the perfect choice. A big thank you to the excellent Pang—who, amazingly, had been performing a spectacular fire show on the beach the night before—and to Hamzi, a fantastic boat captain who kindly lent me his fins and, as far as I know, is currently the only member of the resort team who has visited Italy.
Thank you all. Beautiful places are unforgettable... but it's often the people you meet that make you want to return.",2026-07,not_applicable,
The Taaras Beach & Spa Resort,5.0,"Hanafi is the best butler, he is caring, helpful and take care of us all the times in this 3 days",2026-07,not_applicable,
The Taaras Beach & Spa Resort,5.0,The best Butler in the house = hanafi,2026-07,not_applicable,
The Taaras Beach & Spa Resort,4.0,"We had a great experience at Taaras. The facilities and location were great, and the staff always there to accommodate our wishes, in particular Saiful.
Bryan Nicholas from the Guest experience was also attentative and helpful.
The overall score would have been 5/5 if it wasn't for what we witnessed during the baby turtles release on the beach. We did it twice. The first time on 27/06, it went well. People were instructed not to touch the turtles and the release was done respectfully.
But the second time, on 29/06, the people participating were given gloves for some reasons, which led to most of them touching, grabbing and even dropping the turtles. Kids were treating them like toys. You could see that the baby turtles were in distress as many of them struggled to find their way to the sea. Why would you hand gloves over to people and allow them to touch the animals? For a site well-known for its marine conservation work, it was inadequate.
We are really hoping that future turtle releases can be done with more respect toward the animals as what we saw during the second release was heartbreaking.",2026-07,not_applicable,
The Taaras Beach & Spa Resort,5.0,Magical Taaras!,2026-07,translated_manual,
The Taaras Beach & Spa Resort,5.0,"I moved to Ledan Island by car.

You can use yoga again during your stay. It was a time to heal.
I was able to enjoy it with all my family, and I was very satisfied with the quality that I would expect when I had a hard lesson.

I also experienced snorkeling and turtles.
In addition to the 8-year-old daughter, the daughter who is one-year-old soon saw a cute baby turtle.",2026-07,translated_argos,
Berjaya Tioman Resort - Malaysia,5.0,All are best time for me and my family. Tour guide name Ridzuan is most freindly nice person entertained me and my family.,2026-09,not_applicable,
Berjaya Tioman Resort - Malaysia,5.0,"Room was nice and clean with amenities included. Breakfast was a nice spread. We did the kayaking which was included in our package. We also did the archery, golf and used the swimming pool which was all great. The highlight was the massage. Dewi did an exceptional job targeting my problem areas, was very attentive and I left very relaxed. Would definitely recommend again!",2026-09,not_applicable,
Berjaya Tioman Resort - Malaysia,2.0,"Unfortunately this resort had me a bit disappointed. We paid relatively much because we trusted the Berjaya chain to deliver a sufficient, maybe even luxurious getaway. Our experience was subpar though. The resort looks like it needs a paint job as a whole, people bike around everywhere, so at night its a bit dangerous even because of the bad lighting. The room we got allocated was okay. However it had an ant infestation. I had at least 20 ants creep up on my in my bed. The ants were everywhere: in my bed, on the doormat, on the desk/makeup table, on the wall, actually such a disappointing occurrence. We had to call the main desk several times because they did not help us. after 2 hours of back and forth we finally got a new room 471. The room was okay but is definitely too old for a 4 star resort at this price. The breakfast food was mediocre at best, quality wise below standards, and not very tasteful in general. Facilities were mediocre as well. Children's arcade looked very poor, the gymnasium looked absolutely terrible. The pool was okay, but needs refurbishment: the artificial waterfalls were turned off. The shortage of ingredients at the bars was also terrible: no rum, no vodka, no whiskey, they only had gin. Cleaning service was bad as well, they didn't refresh our towels despite having left them on the floor. The cleaner only took our dirty towels and didn't leave fresh ones. When calling the service desk for fresh towels, we had to wait 1h30m in total, we had that happen twice. Moreover, wifi signal was very bad throughout our stay.

I must say that the staff were very friendly and smiled anytime they saw you. Despite that, their ability to help when you ask for it was also extremely poor.

Overall, very disappointed in my experience, and won't be visiting again anytime soon. This has left a bad impression of the Berjaya chain amongst me and the party.",2026-09,not_applicable,
Berjaya Tioman Resort - Malaysia,5.0,"Hi ! 😊

On behalf of our team, we would like to express our heartfelt thanks to the hotel team for all the help, support and assistance throughout our stay, from check-in until check-out.

We truly appreciate how helpful and accommodating everyone has been in assisting us with all the arrangements and making sure everything went smoothly throughout our trip.

Thank you so much for the excellent hospitality and wonderful service. We really enjoyed our stay and hope to see you again in the future!",2026-09,not_applicable,
Berjaya Tioman Resort - Malaysia,2.0,"Still staying here as I’m writing this. Left with another night to go and I can’t wait to check out!  This will be my first and last time staying here. Rooms need a massive overhaul. Everything was so worn out. The rooms we were assigned to were infested with ants. Totally not worth the price we paid. Resort was also quite a distance from shops outside and we couldn’t walk out. Need to pay RM50 for a taxi for every trip out.
Food at the restaurant were average. Requested for food to be non-spicy so that the kids can eat but both times food came spicy.
The only positive side are the staffs who have been helpful and friendly.

Mr Vincent hope you take note of this. It’s such a waste..there is so much potential in the resort..if only proper maintenance is done I am sure the resort will continue thriving.",2026-09,not_applicable,
Berjaya Tioman Resort - Malaysia,5.0,"Great staff and management, they go beyond to serve their customers. Effat front desk supervisor is amazing and made our vacation to be a great one.

Great staff , Great service and incredible beach.",2026-09,not_applicable,
Berjaya Tioman Resort - Malaysia,1.0,The resort is beyond run down. The entire place looks like it's falling apart. Front facing personnel such as the reception and restaurant staff are not properly trained and are inadequate in communicating clearly. Rooms are run down and relatively filthy. It'd take an entire overhaul for me to return.,2026-09,not_applicable,
Berjaya Tioman Resort - Malaysia,4.0,"I was really happy with the room I booked. The location was excellent, offering a great view of the ocean while also being close to the lobby—perfect for those who enjoy a quick, easy walk there.

Another interesting service they offer is an internal shuttle for guests; basically, if you want to go somewhere within the resort, they can take you there—there’s nowhere they can’t reach. This is a real plus, and it extends to other needs too; if you need anything, you can just call the front desk, and they’ll have it delivered right to your room.

As for the location itself—honestly, I’m not really the type of person who enjoys going out to sea or exploring the island, so...
However, for international visitors or anyone who loves an island getaway—diving, swimming, and the like—I think it’s definitely worth a visit.They have all sorts of activities for visitors to join in on—you could spend days there and still not run out of things to do! 😂

Regarding the food, I personally found it quite average—at least by Malaysian standards—though international guests might feel differently. The breakfast spread was impressive, with a wide variety of buffet options, whereas lunch seemed to follow a standard menu. They offered a buffet for dinner as well, though the selection was a bit more limited compared to the daytime spread.

The only downside is that things are really expensive (since they're imported)—but what can you do?After all, it is an island!

All in all, though, the food, the room, and the location were all great—there really wasn't anything to complain about. ❤️👍",2026-09,not_applicable,
The Taaras Beach & Spa Resort,5.0,"Cannot recommend this beautiful place enough, from the time we boarded the flight to the time we hoped off the return flight, the service was above our expectations.
Special thanks to the beautiful Winda Wanditta, her welcoming warm smile was a special greeting 🙏 every time we seen her, and always so keen to help with any query we had, lovely young lady",2026-07,not_applicable,
The Taaras Beach & Spa Resort,3.0,"We stayed at The Taaras hoping for a relaxing family getaway, and while parts of it delivered, several avoidable issues took the shine off.

Room allocation: Before arriving, we specifically requested twin rooms in the same block, ideally close to reception, and were told this would be ""accommodated."" Despite the resort not being at full occupancy, we were placed in the garden view block furthest from reception — not the twins-together setup we'd asked for. Not the start we were hoping for.

Check-in: The check-in process itself felt underwhelming and rushed. We weren't given any orientation — no signage or directions to the beach, and no mention of the sandfly issue (more on that below) or the turtle release happening that same evening. We only found out about the turtle release from friendly staff down at the beach, and it ended up being a real highlight — but it shouldn't have been left to chance. It should also have been mentioned during check in that the hot water only works if you turn on the SWITCH for 15 minutes before taking a shower . as a result a poor cold first day shower experience with poor water pressure

Sandflies: This was our biggest issue. Nobody warned us about sandflies, and by the end of day one I'd been bitten around 25 times and my son closer to 50. The itching kept us both up most of the night. A simple heads-up at check-in (with repellent recommendations, or even repellent provided) would have made a huge difference.

Wifi: In-room wifi was patchy and unreliable throughout our stay.
The positives: The rooms themselves were genuinely luxurious and matched the price point. The beach is stunning — genuinely one of the best we've experienced — and the turtle release was a magical, unexpected bonus.

Spa: A real highlight of the trip. Glory's team massage was fantastic, and the traditional Taaras herbal bag massage was excellent — worth booking in advance. Glory herself was the first person we met who we could say embodied a true 5 star experience!

Staff: Mixed experience. The beach staff and spa team were warm and attentive. Reception, however, could use more training in guest service — better attention to pre-arrival requests and basic welcome information would go a long way, including information (and a basic leaflet for asking us to check amentiies via scannign a QR code - available we found AFTERWARDS)

In summary: Gorgeous location, excellent spa, but the resort needs to tighten up communication — from honoring room requests to warning guests about sandflies and letting them know about evening events like the turtle release.",2026-07,not_applicable,
The Taaras Beach & Spa Resort,5.0,"Vacation with her daughter in this hotel from June 25 to July 7, 2026. I’ve never written a review when I liked everything, and we’ve been many places in the world (usually people write when something they didn’t like much), but in this case I really wanted to. I will try briefly - I did not see any minuses at all, the location is simply fabulous, the ocean is simply something indescribable, the saturation of the ocean is amazing (we saw squid, turtles, sharks, stingrays, etc.), the hotel itself is excellent, I did not see any minuses at all, the staff is all at the highest level, the attitude to all wishes (and they were 😀) is impressive. Pros can be painted to infinity. Special thanks to Hasni (organized tours) and Brian (like a manager), they were always included and always helped us (sorry if I didn’t spell the names correctly)",2026-07,translated_argos,
The Taaras Beach & Spa Resort,4.0,It's quiet. It's hard to travel.,2026-07,translated_argos,
The Taaras Beach & Spa Resort,2.0,"My stay at The Taaras Redang was overall just average. Although the resort has been operating for around 15 years , it is still reasonably well maintained. However, I don’t feel that the facilities truly reflect a 5-star resort. Some amenities are outdated, and there are noticeable areas that could be improved to match the expectations of a luxury property.

The biggest highlight is undoubtedly the crystal-clear turquoise sea and beautiful beach. The scenery is absolutely stunning and is the main reason to visit this resort.

Unfortunately, the food was a major disappointment. The variety, taste, and overall quality were well below what I would expect from a 5-star hotel. It was the weakest part of the entire experience.

Overall, if you’re visiting purely for the breathtaking beach and ocean, The Taaras is worth considering. However, if you’re expecting a complete 5-star luxury experience with premium facilities and dining, you may find it falls short of expectations.

Personally, if I were paying for this trip with my own money, I wouldn’t choose to stay here again.",2026-07,not_applicable,
The Taaras Beach & Spa Resort,5.0,"Well one of the best locations, picture perfect place i have stayed in, probably the best in the world.
The only criticism is limited food choices, and the resort is very tired. Needs a lot of updating, even the gym equipment is showing signs of wear, the rooms are amazing but needs updating.
I will be returning",2026-06,not_applicable,
The Taaras Beach & Spa Resort,4.0,"Alvin from Dive Centre is wonderful in guiding and ensure my daughter had a great time.
Saiful from the restaurant provided attentive services throughout.

Hiccup on the check in, we were only able to check in around 4.30pm though check in time was 3pm without any complimentary. Bryan from Guest Service Experience could have done better.",2026-06,not_applicable,
The Taaras Beach & Spa Resort,5.0,"We spent 4 wonderful days in this beautiful hotel
- Bryan is very welcoming, helpful and very efficient to make our stay enjoyable
- Sayful the restaurant waiter was at our care

Very good smiling team ",2026-06,translated_argos,
Berjaya Tioman Resort - Malaysia,4.0,"What a great resort, extremely helpful and friendly staff, lovely food, great beach, pool is immaculately maintained, lovely grounds, we had a fantastic break here, would highly recommend!",2026-09,not_applicable,
Berjaya Tioman Resort - Malaysia,5.0,"The hotel is clean and comfortable. The atmosphere is so beautiful and quiet.
All staff are friendly and helpful. See you next time.",2026-09,translated_argos,
Berjaya Tioman Resort - Malaysia,5.0,"Such a nice place!
We enjoyed the location, the facilities and a fantastic yoga hours with Bruce
Thanks for giving us memorable moments🍀",2026-09,not_applicable,
Berjaya Tioman Resort - Malaysia,5.0,"I really like the hospitality given by the Mr melvin and team.  We have a great service from Mr saiful hospitality for front desk, buggies services teams, friendly approach by the reception, cafes staff. Not to forget scuba divers mr joseph and team. Its really amazing to see natures around the island. Will repeat again berjaya Tioman.",2026-09,not_applicable,
Berjaya Tioman Resort - Malaysia,5.0,"Had a really pleasant stay at Berjaya Tioman Resort with my family. The resort is beautiful and our Beach Front Chalet had a lovely view. The shower was also surprisingly good — strong water pressure and easy to adjust the temperature, which made it very satisfying after a day at the beach!

The buggy service was excellent too. Very fast and efficient, even late at night.

We also booked a private snorkeling trip for RM750 for our family of four, and it was definitely worth it. Our guide, Pak Ki, was very patient and followed our pace and timing. The coral and marine life around Tioman were beautiful. My husband and son did get stung by jellyfish, but thankfully it wasn't serious.

The resort staff were all very friendly and helpful. They genuinely tried their best to accommodate our requests. One small gesture that really stood out was when I needed Panadol early in the morning while the gift shop was still closed. One of the staff kindly gave me some from his personal supply. Such a simple gesture, but very thoughtful and much appreciated. ❤️

The only downside for us was that the resort gets very quiet after around 8pm. I understand Tioman is more of a relaxing destination, and the coral-filled beach may limit certain water activities, but it would be nice to have some simple evening entertainment such as live acoustic music, a movie by the beach, sunset sessions, beach BBQs or stargazing.

There also isn't much happening around the nearby village apart from exploring by motorbike and finding places to eat, so having more activities within the resort would definitely make the stay even better.

Overall, we really enjoyed our stay. Beautiful resort, great staff, good service and an amazing snorkeling experience. Would definitely come back! 🌴🌊",2026-09,not_applicable,
Berjaya Tioman Resort - Malaysia,2.0,"A resort that is clearly in need of renovation

Berjaya Tioman Resort has, according to its own website, been around since 1985. That makes it 41 years old, and unfortunately, the age of the resort is also quite noticeable in some of the rooms.

Our room had an outdated and very firm bed, with the springs clearly noticeable. There were also quite a lot of ants in the room, as well as several issues with the finishing that, in our opinion, do not fit a hotel presenting itself as a luxury golf resort. The door was sticking when both opening and closing. The wooden bathroom door showed clear signs of wood rot and had been poorly repaired. Since there is no shower curtain, the door gets very wet after every shower, which certainly does not help. The sealant around the sink also looked very old and overdue for replacement.

The dining experience also felt rather dated. The menus at the restaurant and bars are old-fashioned laminated, folded A4 sheets, and several items listed on them were simply not available, including drinks such as Hoegaarden, Corona and Piña Colada. There is also very little communication about which restaurants and bars are open and when. For a resort of this size and standard, we would expect both the menus and the communication about the available dining options to be kept more up to date.

We also found that quite a lot of staff members were travelling back and forth around the resort on scooters. Given the size of the property, this is perhaps understandable, but it does take away somewhat from the peaceful resort atmosphere you might expect from a place like this.

Berjaya Tioman Resort proudly presents itself as the largest resort on Tioman. We are aware that the resort is currently undergoing renovations and that some room categories have already been updated. However, this does not fully address the issue from a guest's perspective. At present, it seems to be a matter of luck whether you receive a renovated room or one that is clearly in need of updating, while paying the same price. Until the renovation is completed across the resort, the experience can therefore vary considerably depending on the room you are allocated.

In our view, the remaining rooms should be brought up to current standards, with more consistency across the resort in terms of both room quality and overall presentation.

Fortunately, there are also positive aspects. The activities on offer are well organised, and the lobby staff are incredibly friendly, helpful and accommodating. When we arrived, we were initially given a room with two single beds, even though we had booked a double bed. After we raised this, it was resolved quickly and without any hassle.

In short: a beautifully located resort with friendly staff and well-organised activities, but the condition of some of the rooms and the dated overall presentation unfortunately seriously detract from the overall experience. A thorough renovation and update would certainly be worthwhile.",2026-09,not_applicable,
Berjaya Tioman Resort - Malaysia,3.0,"The positive points: the staff is charming and very friendly, the breakfast buffet is very rich, the swimming pool is very beautiful and there are enough deckchairs.

The negative points: very old resort, poorly maintained, which wants to give itself high-end airs but which is very far from it.
We booked a cottage for three. Already the outside does not look like what is shown in the photos it is not an individual chalet but a small building of 4 housing units. We go back to the entrance of the resort so 10 minutes walk from the restaurant.

We enter the room there are not 3 beds but 2 beds and 1 extra bed just good to accommodate a child as it is uncomfortable and the mattress is very thin. The extra bed is arranged in the middle of the room so that it is impossible to enter the bathroom. We had to move the furniture to rearrange the room to make it liveable.

The house was left to be desired. We found a slipper under the bed.
The tablecloths in the restaurant are not ironed and are stained.

The safe wasn't working. It was reported they came, it still didn't work.

When we take the shower, we find there's only two towels we had to call to get the third. On the terrace one of the boards is broken one can practically pass through it will be repaired the day of departure.

We had a drink at the pool bar cocktails are already all prepared in plastic cans and really not good.

The restaurant is priceless, the excursions too. We find ourselves far from everything and the price of taxis on the island is exorbitant.

In short, a quality ratio is not at all up to our expectations. I don't recommend it.",2026-09,translated_argos,
Berjaya Tioman Resort - Malaysia,5.0,"Resort as well as stay, complete facity, convention booth, ad transport nk to kg tekek and room. Staff also friendly from reception to buggy pilot to f & b. Dealing with En Saive is very helpful about transportation, cubicle, movement to jet and asking about areas and activities. En sham and staf2 of f & b are also sloattentive while bbq dinner. Eat up. Food is a lot of choices. If there's more food, I like it. ♪",2026-09,translated_argos,
Berjaya Tioman Resort - Malaysia,1.0,"Completely unacceptable for the price||This is by far one of the most disappointing hotel experiences I have ever had. The property may have been built 50 years ago, but it genuinely feels like nobody has invested a single euro in renovating or properly maintaining it since.||The rooms are completely outdated and severely deteriorated: cracked walls, damp, damaged surfaces, leaking water, filthy and ancient curtains, and a bathroom that looks like it has not been renovated in 40 years. Taking a shower means getting the entire bathroom wet because the water escapes everywhere. The bathtub area is covered in deteriorated, dirty sealant and the shower curtain is stained and disgusting.||The air conditioning is extremely old, and the fan looks so unstable that you genuinely wonder whether it might fall down. Nothing about the room resembles what you would expect from a resort charging today’s prices.||And this isn’t limited to the rooms. The whole property is run-down and neglected. Even the beach facilities are falling apart: we found broken sun loungers, including one completely damaged and another missing its mattress.||The photos attached are not exaggerations — they speak for themselves.||What makes it particularly outrageous is the price. You are paying current resort prices for a property that looks decades behind in terms of maintenance and renovation.||The service was equally disappointing. Staff were not particularly friendly or helpful, and when we raised concerns, we did not feel listened to or taken seriously.||Beautiful surroundings cannot compensate for a hotel that is this poorly maintained. From the room, to the bathroom, to the facilities and the service, this place is a disaster from A to Z.||If you are thinking of booking, look carefully at these photos and ask yourself whether this is what you expect from a resort at this price. For me, absolutely not. Zero stars would be more appropriate",2026-08,not_applicable,
Berjaya Tioman Resort - Malaysia,3.0,"Beach is beautiful, there is a boat dock with about 50 baby sharks and thousands of fish. The food is good, buffet rich. However, very much of the map is no longer available, e.g. wines or beers there is only a small selection. You can book snorkeling tours, rent a kayak and drive a beach buggy. Unfortunately, the resort has come into the years and makes it seem as if you are no longer investing and only skimming off. Only the restaurant and the lobby look great, everything else has come into the years and decays gradually.||The pool is ok, the children's area now without slide and dilapidated. Railings are broken and provided with shut-off tape. The pool bar is unloving, just like the Sundown bar, from which you could really make something beautiful. It is a pity how lovelessly this is managed. || The golf course is very nicely located. Since it is played very little but in corresponding condition. The golf house is like a Lost Place, the lenders are from 1980 and the clubs are from mixed sets. |The first 9 holes were still fun, even if the monkeys robbed me and you run (or drive) all the holes back from the tee of the 9 because the bridge to the fairway is missing 3m... ||The rooms are ok, everything you need.||In front of the resort is a very delicious Chinese restaurant by the sea to which also locals go. In the ""city center"" you run in 30min or let || All in all it was nice, the children liked it because they do not ""see"" the mentioned points above.",2026-08,translated_argos,
Berjaya Tioman Resort - Malaysia,3.0,"Beach is beautiful, there is a boat dock with about 50 baby sharks and thousands of fish. The food is good, buffet rich. However, very much of the map is no longer available, e.g. wines or beers there is only a small selection, it is driven on saving flame despite high season.

You can book snorkeling tours, rent a kayak and go beach buggy.

Unfortunately, the resort has come into the years and makes it seem as if you are no longer investing and only skimming off. Only the restaurant and the lobby look great, everything else gradually decays. I can’t understand the statement that stages are being renovated, because if barriers are broken by the pool or boards on bridges protrude into the footpath in the middle of the resort, this should be done the same and not in stages.

The pool is ok, but not really welcoming. The children's area now without slide and dilapidated. Railings are broken and provided with shut-off tape. The pool bar is unloving, just like the Sundown bar, from which you could really make something beautiful. It is a pity how lovelessly managed here, even if the staff does their best and is very friendly.

The golf course is very nicely located. Since it is played very little, but in a corresponding state without priority. The golf house is like a Lost Place, the lending rackets are from the 1980s and the rackets are from mixed sets.
The first 9 holes were still fun, even if the monkeys robbed me and you run (or drive) all the holes back from the tee of the 9 because the bridge to the fairway is missing 3m...

The rooms are ok, everything you need with the bathrooms already very worn out.

On the outskirts of the resort is a very delicious Chinese restaurant by the sea where locals also go. You can walk to the “city center” in 30 minutes or have Bob bring you with his color-lit TukTuk (he is at the scooter rental at the entrance next to the barrier).

All in all it was nice, the children liked it because they do not “see” the mentioned points above.",2026-08,translated_argos,
Berjaya Tioman Resort - Malaysia,1.0,"This is by far one of the most disappointing hotel experiences I have ever had. The property may have been built 50 years ago, but it genuinely feels like nobody has invested a single euro in renovating or properly maintaining it since.

The rooms are completely outdated and severely deteriorated: cracked walls, damp, damaged surfaces, leaking water, filthy and ancient curtains, and a bathroom that looks like it has not been renovated in 40 years. Taking a shower means getting the entire bathroom wet because the water escapes everywhere. The bathtub area is covered in deteriorated, dirty sealant and the shower curtain is stained and disgusting.

The air conditioning is extremely old, and the fan looks so unstable that you genuinely wonder whether it might fall down. Nothing about the room resembles what you would expect from a resort charging today’s prices.

And this isn’t limited to the rooms. The whole property is run-down and neglected. Even the beach facilities are falling apart: we found broken sun loungers, including one completely damaged and another missing its mattress.

The photos attached are not exaggerations — they speak for themselves.

What makes it particularly outrageous is the price. You are paying current resort prices for a property that looks decades behind in terms of maintenance and renovation.

The service was equally disappointing. Staff were not particularly friendly or helpful, and when we raised concerns, we did not feel listened to or taken seriously.

Beautiful surroundings cannot compensate for a hotel that is this poorly maintained. From the room, to the bathroom, to the facilities and the service, this place is a disaster from A to Z.

If you are thinking of booking, look carefully at these photos and ask yourself whether this is what you expect from a resort at this price. For me, absolutely not. Zero stars would be more appropriate.",2026-08,not_applicable,
Berjaya Tioman Resort - Malaysia,5.0,"Very good hospitality, service is great amazing team cik amira and puan alia🥰👍glad I choose to stay here..food taste average but varieties of choice,desert brownies sundae is a must try🥰but will repeat stay if I come here again",2026-08,not_applicable,
Berjaya Tioman Resort - Malaysia,5.0,"Wonderful, I almost didn't believe that such a pristine beach with corals and multicolored fish still existed! The hotel is in the natural park, large spaces, managed in a kind way to the environment and guests. I hope I can get back! Thank you.",2026-08,translated_argos,
Berjaya Tioman Resort - Malaysia,4.0,"The oasis is warm. Accommodation is available in many sizes. All the services you can come up with, archery, diving, golf, etc. The staff are very helpful and polite. There's a pool, a sea, sand beach. You wanted to be in the sun, or read in the shade, anything.
Little missed the shopping opportunities.",2026-08,translated_argos,
Berjaya Tioman Resort - Malaysia,4.0,We have a very good experience with the Front Desk Assistance Manager named Alia. She’s very helpful and understanding person. Not to foeget credit to Zul who drive buggie for us to locate from room to main entrance and lobby as well. Keep up the good work team!,2026-08,not_applicable,
Berjaya Tioman Resort - Malaysia,5.0,"A Memorable Family Getaway at Berjaya Tioman Resort 🌴🌊||We had a wonderful stay at Berjaya Tioman Resort, and what made this trip truly special was not just the beautiful surroundings, but the warmth and service from the people who took care of us throughout our stay.||From the moment we arrived, we were warmly welcomed by Cik Aeyshah, whose kind gesture immediately gave us a great first impression. A special mention also goes to Syahmi, our humble and informative buggy driver, who was always helpful and made getting around the resort easy and enjoyable.||The customer service at the snorkelling registration counter was excellent, especially Nadia, who was friendly and helpful. The snorkelling team were also very supportive and made the experience enjoyable for the whole family. Our kids absolutely loved the clean beach and had so much fun snorkelling and visiting Turtle Island. 🐢||We also really appreciated the fast food delivery and courteous service from Hira from the F&B team. These little touches of kindness may seem simple, but they truly made a difference to our holiday.||Our room was spacious and clean, while the resort's beautiful beach was clean, peaceful and perfect for families. Waking up surrounded by nature and having the beach right there made it easy to slow down and enjoy quality time together.||There were many more little moments and friendly faces that made our stay memorable. We left Berjaya Tioman with wonderful memories, happy kids and a very positive impression of the team.||Thank you, Berjaya Tioman Resort, for making our family holiday so special. ❤️||We will definitely be back soon! 🌴🌊🐢",2026-08,not_applicable,
Berjaya Tioman Resort - Malaysia,5.0,First class service is very first class,2026-08,translated_argos,
Berjaya Tioman Resort - Malaysia,4.0,"The location of this hotel is amazing if you're here to explore the underwater life. You don’t need to take any boat tours to see a wide variety of marine creatures—even if you don’t dive, you can still see plenty of fish and even baby sharks right from the pier. The rooms are clean, though a few could use minor maintenance. Overall, the staff are friendly and helpful.",2026-08,not_applicable,
Sipadan Kapalai Dive Resort,5.0,"Everything is clean, food is okay, snorkling is great, fish are beautiful. There are turtles everywhere. Well maintained. There are soldiers on the spot too, I think to avoid pirates, so it's safe. More than 3 days can be boring if you can't stay in place.",2026-09,translated_argos,
Sipadan Kapalai Dive Resort,5.0,"We had another wonderful experience at Kapalai Dive Resort. Our dive masters Ryan and Ardi were extremely friendly, knowledgeable, and excellent at spotting marine life. They were just as skilled at finding larger sea life as they were at discovering tiny macro creatures, which made every dive interesting. We saw a giant cuttlefish, a sleeping bamboo shark, and mimic octopi, amongst many other sea creatures! We had fantastic diving at Kapalai, Mabul, and the famous Sipadan Island, and really appreciated how attentive and experienced the dive team was.

The rest of the resort staff were also very friendly, welcoming, and helpful throughout our stay. The food was delicious and overall we felt the resort offered excellent value for such a unique experience.

One of the most fascinating things about Kapalai is the island itself. The tides completely change the scenery throughout the day. At high tide, the water can cover much of the island and you can have beautiful clear water directly underneath your chalet. At low tide, the water recedes, there may be little or no water beneath the chalet, and the exposed sand makes the island appear much larger. It was really interesting to watch the landscape transform with the tides.

Kapalai is a very special place and a fantastic choice for anyone who loves diving, marine life, and staying somewhere completely different from a typical resort. It's definitely worth the travel from Tawau airport. We would definitely recommend it!",2026-09,not_applicable,
Sipadan Kapalai Dive Resort,4.0,"We stayed at this resort for 3 nights, with a package not diver. The resort is very nice, with spacious rooms, a nice bathroom with a huge shower, quite comfortable bed.
The sea is really beautiful, the variety of fish and turtles that you can see also only by snorkeling is really spectacular. It is also beautiful to be able to walk to the resort and see in water many turtles, races and also a manta.
Very nice area “sunset” where you can drink something in the evening.

However, there are some things that we did not like: first we found the food generally not good.
Secondly, there are few spots close to the access to the sea in which to relax and sunbathe, there are few deck chairs (also completely made of wood and therefore very uncomfortable). On the balcony of the room there are the chairs with pillow but it is really so hot and it is not possible to access in the water from the room (and therefore impossible to stay). We find it unthinkable that in a resort (literally) on the sea there is no area where you can sunbathe and at the same time be able to access the water.",2026-09,translated_argos,
Sipadan Kapalai Dive Resort,5.0,This resort was incredible. The mere fact that you have turtles swimming around the resort every day all day is a treat in itself. I thought the buffet food was meh to me. I was very much over it by the third day however the resort itself is so nice. The diving at the resort itself is great if you like macro and you go with one of the guides to show you the best hidden things.,2026-08,not_applicable,
Sipadan Kapalai Dive Resort,1.0,"Location is very nice, installation needs reformation, but  thats all:  you pay nearly 500 Euros/day, for no service at all! |You are allowed to snorkel only with a swim vest and if you sign a non-responsible paper for them then you can go without a vest, but still in a very small area max 50 sqm with all the resort swimmers (92 villas with x people) plus the so called day guests. You are not allowed to swim or enter the water in front of your house. Kajak (=swimming bathtubs) you do it in the middle of all the houses not even around the resort,  Kajak area maybe 50sqm. All this information is missing on the net!  I call this fraud. No massage, no Spa, no bar, no laundry you feel like chocolate, no chance to buy,  The 500 euro you pay are for 3 meals (horrible quality & repetitive with one enormous restaurant very noisy -like a cantina of a factory-) and a villa which needs maintenance.  Everything they propose is additional costs. Even the snorkeling equipment you pay extra/daily and if you take a boat to snorkel outside you need 7 other people to share otherwise you pay 170 euro. No value for money!!  The staff is very nice, manager are non existing!! |We booked over an agent called Borneo Eco Tours, who also forgot to mention all this, it was sold as a luxury resort, see separat review.|My advice put your money somewhere else!!!",2026-08,not_applicable,
Sipadan Kapalai Dive Resort,3.0,"An exceptional setting that deserves an experience to the height...

We stayed at Sipadan Kapalai Dive Resort for our honeymoon, and the place is simply amazing. The hotel is beautiful, perfectly integrated with its surroundings, with typical rooms full of charm.
We had a coral-side room, which we highly recommend: the ocean view is exceptional and, in the evening, the turtles come literally to say good night to you.
The location is absolutely superb.
A little attention had been prepared in our room for our honeymoon, with a nice decoration, which touched us a lot.
The service is also impeccable: the staff is adorable, smiling, available and always very pleasant.

A huge love for the live center!
Special mention at the live center, which for us is one of the great highlights of the stay. And above all, a huge thank you to Linda, our instructor, who allowed us to discover the dive and discover several beautiful spots. Thanks to her, we have lived a truly unforgettable experience

Underwater, there are a lot of things to see, including very large turtles, and in quantity! It is a real pleasure to see them evolve in their natural environment.
On the other hand, we should not come here expecting to discover an immense intact coral barrier. However, marine wealth remains very interesting and encounters with turtles are definitely worth a visit.

The points that disappointed us...
Unfortunately, the main negative point concerns some of the clientele, particularly Chinese tourist groups. Their behaviour has sometimes really spoiled the charm and tranquillity of the place: shouting, disrespect for staff and other customers, and behaviors that seemed unsuited to an establishment of this standing.
We also felt that the organization of the resort was very focused on this clientele.
It is a shame, because such an exceptional setting would deserve a much more calm and respectful atmosphere.
In particular, we find it unfortunate that the hotel reserves a large part of its rooms directly to Chinese agencies. This seems to contribute to a strong concentration of this clientele in the resort and, consequently, to the sometimes very noisy and unrespectful atmosphere that we saw during our stay.

The buffet, another point to improve...
We know that we are in an all-inclusive 3-star resort and we obviously did not expect gastronomy. But with simple products, it would be quite possible to offer a much more qualitative cuisine.
We found many industrial products, which is a pity, and relatively few Malaysian specialties. This is particularly regrettable when one comes from abroad and wants to discover the local cuisine. Again, we sometimes felt that the buffet was more suited to Chinese customer habits than to an international clientele.

In summary:
The Sipadan Kapalai Dive Resort could really have everything a 4-star hotel thanks to its exceptional setting, charming rooms, unique location, staff quality and especially its excellent diving center.
Unfortunately, there are some choices about the welcome and the restaurant that we feel are ruining some of the experience and preventing the establishment from being fully up to its exceptional environment.
Nevertheless, this remains a beautiful place and particularly suitable for a honeymoon. Sleeping in the middle of the ocean, waking up with this view and seeing the turtles passing in front of his room is an experience that we will not forget ",2026-08,translated_argos,
Sipadan Kapalai Dive Resort,5.0,"This is where I and my family dream, and where there are family favorites and turtles that see more than they can imagine.",2026-08,translated_argos,
Sipadan Kapalai Dive Resort,5.0,"Paradise on the ground! We spent six nights here, and we don't have any charges. Eating every day different, clean, beautiful views, rays, turtles and fish swim all the time. Diving Center very well equipped, equipment as new. We were doing a PADI Open Water and Advanced Open Water course, our instructor was Cyril- we are very happy, he was patient, he explained everything and we felt safe. After AOWD we dived on Sipadan - the trip was well organized, permit arranged, everything no problem, we saw whitetip & blacktip reef shark, grey reef shark, boomhead parrot fish, jackfish, barracuda and much more.. we will definitely come back!",2026-08,translated_argos,
Sipadan Kapalai Dive Resort,5.0,"Love it here, aside from the price tag, everything is good, nice view, nice room, nice stay, nice snorkeling activity~ ❤️❤️",2026-08,not_applicable,
The Taaras Beach & Spa Resort,3.0,"The best thing about Taaras is the location & the people.

Service & Food are mid. For the price, the wow aspect is not seen (except for location).",2026-06,not_applicable,
The Taaras Beach & Spa Resort,2.0,"Before getting to the Taaras, we had heard so many great things about the place. Even ChatGPT says it’s considered *the country’s* highest end hotel. We thought that was the reason why we were asked to pay 400€ per night (2 people room). If you have never traveled to Malaysia, you might not be aware of the currency value, so just know that an average meal for 2 is worth 100MYR (20€). Therefore you can only imagine how expensive this hotel is. Now, for this kind of money you really do expect the best of the best. Unfortunately, as you might have guessed already, that’s not the case. This was quite literally the worst hotel we’ve stayed at since we landed in Malaysia. Besides the staff being very kind, although most of the times you feel the service doesn’t reach the luxury they promise, and the private beach being objectively beautiful, the rest is honestly terrible. The rooms are big, yes, but super dark and old - in fact, the furniture must have stayed the same since the resort opened in 1996. 2 out of the 3 restaurants available in the resort are quite bad both aesthetically and food wise. The Italian/Indian one is ok, but we spent 450MYR (90€) for 2 mains and 1 plate of fruit, so also not great. The pool is always dirty and infested by kids. The resort also offers “complimentary” activities - too bad we wanted to rent gear for SUP and they answered it was already taken - wasn’t aware 5 star hotels only owned 1 paddle surf. We also spent 180MYR (40€) for a snorkeling activity, which was basically right beside the beach, so we could have just swum to the snorkeling location, and without the other 15 people that were with us. As mentioned, the beach is really nice, white sands, pristine water - all great. Too bad the sun beds are as decadent as the rest of the resort, plus there’s a big unbalance between the number of beds and the amount of guests the complex can host. Overall, a terrible experience very much misaligned with the price you pay.",2026-06,not_applicable,
The Taaras Beach & Spa Resort,5.0,"we had a good 5days & 4nights in Taaras.
All of the staff was nice, from the beach lifeguard to the counter staff.
You can see fish near taaras, u dont even have to go to snorkelling trip. If u take snorkelling trip from Taaras, eveb the staff go for a dip, it makes us felt even safer.
We do snorkelling twice per day at Taaras, one of the time someone saw shark (quite big), so we ask the lifeguard to accompany us for snorkeling & we felt same.
and of course we will come again.",2026-06,not_applicable,
The Taaras Beach & Spa Resort,5.0,"We stayed two nights at the Resort, and honestly it's highly recommendable — the location is beautiful, we stayed in one of the suites practically facing the sea. I'd like to highlight the staff service, everyone was super attentive and super kind. We had a very good experience here and fully recommend it.",2026-06,translated_manual,
The Taaras Beach & Spa Resort,4.2,"Disappointing behavior of the Guest Experience Executive Mei Ling. We asked her for assistance but she gave us false information that almost spoiled our stay.Asked tor discover scuba and she said fully booked. Not true because I went personally early in the morning we got a slot at 2.30pm and not because someone cancelled. We also asked for babysitter and she said there was no service that day which was not correct. We sent our youngest to the babysitter there and there were 3 of them ready to support.So yeah while everything else was great, the Guest Experience Executive should have been way better for this kind of upper class resort.",2026-06,not_applicable,
The Taaras Beach & Spa Resort,5.0,"We spent a week there in mid June, beautiful weather, calm ocean, amazing beach. Love everything about the resort, nice view, friendly staff and great food, just wish it was much easier to get to, so we can visit more often. ❤️",2026-06,not_applicable,
The Taaras Beach & Spa Resort,5.0,Me and my family enjoyed staying in this wonderful hotel! Service was on top level! Thanks to Bryan always was taking care. In the restaurant Giska always gave us amazing service.,2026-06,not_applicable,
The Taaras Beach & Spa Resort,5.0,"Room
Our room was very clean, beautiful, spacious, and comfortable. Before arriving, I had requested an anniversary room decoration (paid service), but as I made a last-minute booking, I was informed that it could not be arranged. I then requested a small complimentary anniversary surprise, and although it was initially missed when we checked in, the team quickly responded after I reminded them. They sent us a slice of cake and displayed a lovely anniversary message on the TV screen.

Throughout our stay, the housekeeping team consistently kept our room tidy and even surprised us with chocolates. These thoughtful gestures made us feel very special, and we truly appreciated their efforts.

Food
The food experience could be improved, especially in terms of taste and buffet presentation. Breakfast is an important part of the holiday experience for us, and we feel there is room to make it more exciting, modern, and memorable.

Facilities
The resort is extremely family-friendly and offers a wide variety of facilities and activities. There were plenty of games available, including table tennis, snooker, checkers, and more. As parents travelling with a 3-year-old child, we especially loved the indoor playground. It was clean, comfortable, well-maintained, and filled with toys and fun activities for children. Our little one had a wonderful time throughout the stay.

Staff
Every staff member at the resort was exceptionally kind, respectful, and welcoming. They treated my family as if we were part of their own family, which made our stay even more meaningful.

A special thank you to Bryan, who was always there throughout our stay. He regularly checked on us, asked if everything was okay, and made sure we had everything we needed. His genuine care and attentiveness truly stood out.

We would also like to thank the snorkeling team for being so friendly, warm, and wonderful with children. Special appreciation goes to Azmi, Muqri, and Affan. They were incredibly kind, approachable, and made every interaction enjoyable. Please continue your excellent work and sincere hospitality. May you all be blessed with continued success and happiness.

Lastly, thank you to The Taaras Resort for making our family holiday so precious and memorable. The beautiful memories we created here will always hold a special place in our hearts, and we sincerely hope to return again one day 🤍",2026-06,not_applicable,
The Taaras Beach & Spa Resort,5.0,"The room was spacious and clean. The view was spectacular. The staff are friendly and very helpful. Their service was fast. Food during breakfast on the first day was a bit disappointing but on the second day was superb. We had our lunch at the Asean restaurant and all tasted good.The food & drinks at the bar near the beach was superb.

All my children enjoyed themselves very much especially the beach. They enjoyed releasing baby turtles, swimming with turtles and soap making.

Special appreciation to our Guest Experience Executive, Bryan who made our stay warmly welcome, comfortable, always checked upon us and update us on activities of the day.

We had a wonderful time in Taaras. Thank you for the great hospitality.",2026-06,not_applicable,
The Taaras Beach & Spa Resort,4.5,The staff was so kind and the best service was just the fact that it was old and the overall maintenance is needed. Food is also left-walled and the body is perfect.,2026-06,translated_argos,
Berjaya Tioman Resort - Malaysia,5.0,"Not much food nearby but its nice , food is quiet overpriced tho",2026-08,not_applicable,
Berjaya Tioman Resort - Malaysia,5.0,It's pretty.,2026-08,translated_argos,
Berjaya Tioman Resort - Malaysia,3.0,"*Long review Alert*
I had mixed review for this resort. First was the overall management. The pickup shuttle from Tekek was not well managed. Lots of people were waiting in hot sun. Also when the shuttle arrives they dont follow any thing and half people sit when there luggage is not loaded and some people could load luggage but did not get a seat. Upon reaching the lobby, I didnt understand why the welcome drink is served at restaurant which is altough not far but after comming from this scorching heat I thought it was not so much of welcoming. The resort has overall is in wood including the rooms. I could see this was not well maintained. Some furniture was broken. I understand this island is more lush green and so there were ants, insect houses within the rooms and outside it. Toilet flush has issue. Other than this they have fridge with some sodas, iron with table, a safe locker which was not working, toiletries, kettle, coffe drinks, hair dryer. The electric buttons were kind of vintage look and feel and some of it was not working. Ours had a partial beach view.
We mainly booked Berjaya for Indian food option they have for dinner as we had toddlers and senior citizen with us. Dont expect too much as much of the things were from frozen packs like Naans, pizza base. They dont make it fresh. Second day, we had to wait long for orders as there was a lot of rush. They have continental breakfast. The property is big but not all was functioning. They have ATV rides, gym, swimming pool, snooker, table tennis, kids indoor playground, outdoor play ground, Archery, Spa, golf. Make sure you book activities in advance since sometimes there are biggers groups who come and book all at once. From lobby you can book snorkelling, 4X4 vehicle, 2 wheeler and other activities. The 2 wheeler is restricted to be ridden The beach is private for this property so it feels nice as mostly not crowded. The water was clean but had corals in evening washed up the shore. Unlike Juara which had nothing but blue waters. There is a small Tortoise conservation project run by some people which you can visit within the property.",2026-08,not_applicable,
Berjaya Tioman Resort - Malaysia,5.0,"From the moment we arrived, the hospitality was warm, genuine, and welcoming. The staff were friendly, attentive, and always ready to help with a smile.
We stayed in the Beachfront Suite, and it was simply amazing. Waking up to the breathtaking sea view every morning was unforgettable. The room was spacious, clean, comfortable, and just steps away from the beach.
The resort itself is beautiful, peaceful, and surrounded by nature. Whether it was relaxing by the beach, enjoying the crystal-clear water, or simply taking in the stunning scenery, every moment was worth it.
Thank you, Berjaya Tioman Resort, especially Mr Melvin Foong for being so helpful . Its wonderful experience. I’ll definitely be coming back.. 🌴🌊",2026-08,not_applicable,
Berjaya Tioman Resort - Malaysia,5.0,Friendly staff. Very prompt room service when we ask for water bottles. Clean and spacious rooms.  Melvin Foong was very helpful and accommodating.,2026-08,not_applicable,
Berjaya Tioman Resort - Malaysia,5.0,"Mr Melvin were very helpful
We really enjoyed our stay was
Superb",2026-08,not_applicable,
Berjaya Tioman Resort - Malaysia,5.0,We had a great experience with pleasantly warm staffs especially Mr. Melvin Foong who was of great assistance.,2026-08,not_applicable,
Berjaya Tioman Resort - Malaysia,5.0,A very interesting and well-done exchange of Tioman island,2026-08,translated_argos,
Berjaya Tioman Resort - Malaysia,5.0,"Thanks to all, good place to rest and spend time with family",2026-08,not_applicable,
Berjaya Tioman Resort - Malaysia,4.0,"The hotel is right on the beach and you can do snorkeling tours from the resort jetty. There is one close restaurant and the hotel restaurant (which is fare but often had several unavailable options). For everything else it is a 25 minute walk over a big hill or a taxi which seems to be a standard 50MYR return. The rooms are fare but lack the luxury we were expecting. Everything was clean but we did have to request toilet paper and towels, which were immediately brought, on the odd occasion. The staff were helpful and breakfast chioce was excellent. The pool area was nice, but get your towels early, as they run out.",2026-08,not_applicable,
Sipadan Kapalai Dive Resort,5.0,"We had an unforgettable trip.  Kapalai is built on a sandbank in the middle of the Celebes Sea; it is 40 minutes by speedboat from Semporna town jetty.  Safety is ensured by 24/7 armed Malaysian military presence.  ||On arrival we were warmly greeted by smiling staff with cool towels and drinks; lunch was served shortly after in the beautiful airy dining area.  There were beautiful flowers and plants along the walkways, thanks to the hard work of the gardeners.||Our overwater villa was clean and spacious with a deck.  It was well appointed, with a shower, separate bath, and all the mod cons -  airconditioning, fans, a fridge, hot water, and wifi.  It did become quite hot in the afternoon despite the airconditioning, and we found it much cooler in the open-air garden lounge.  We heard loud croaks every night in our villa which turned out to be a night heron which had taken up residence on the stilts beneath our villa.  ||The sunset bar is highly recommended, as is the walkway to the lookout point where you can enjoy views of the lovely sunset. There is also a sunrise lookout tower on the opposite end of the resort.  ||The room rate included full board, and the buffet meals did not disappoint.  The variety and quality of food were impressive!  We were pleasantly surprised by a private dinner on our first night (shoutout to Downbelow Marine & Wildlife Adventures, our tour agent, for organizing this) - the dishes were excellent and our table was right next to the water.||The best was yet to come..... early the next morning we couldn't believe our eyes when we saw dozens of green sea turtles swimming past our villa to the open sea, coming up every now and then to take a breath!  This was an incredibly magical experience!  Kapalai has sea grass, and we could sometimes spot these gentle giant creatures grazing in the water beside the walkways.||Snorkelling in the Dive Centre was another highlight with the gorgeous coral and fish! The designated area was small but as there were only 4-5 of us it was fine. ||We walked most of the time from our villa to the common areas but when it was hot we opted for the buggy.  The buggy drivers were always cheerful and friendly.||We thoroughly enjoyed our trip, and we left wishing we could have stayed longer.",2026-08,not_applicable,
Sipadan Kapalai Dive Resort,4.0,"I've never lived in a house in the sea, but it's not too bad. It's mostly floating and stagnating here.",2026-07,translated_argos,
Sipadan Kapalai Dive Resort,1.0,The Falkland Islands are Argentina 🇦🇷,2026-07,translated_manual,
Sipadan Kapalai Dive Resort,5.0,very good,2026-07,translated_manual,
Sipadan Kapalai Dive Resort,3.0,"6 days
Good points
・Sea is beautiful
I saw the beautiful sea around the world, so it is about 7.5 points. The beautifulness of the sea changes greatly depending on the weather and sea conditions.
· Rich in fish
・ダイビング diving center

Bad
- Most Chinese tourists. They are bad manners.
Meals are buffet style, but they do not follow the order. I get in from the side.
I don’t think of the other person, and I don’t know if I come back. Create high-energy state.
After 30 minutes, there is no delicious food.
・There is no meal and it is unpleasant.
Meals are not included.
You can also enjoy salads and fruits.
The crab is sometimes served, but it is like a rubber.
・High
You can rent a bicycle. It takes about 7 minutes to walk.
High alcohol
・You can only go to Sipadan Island.
If you are going to snorkel, you need to apply for an external tour. However, even if it is cheap, 800 RM (¥32,000 per person)
If you don’t pay 450 RM for additional diver, you can’t go to Sipadan Island.

Total theory; prices and experiences are not included.
If you want to go here, you can enjoy it cheaper in other places.
I think that it will be cheap if I have been diving with the buddy in the diver.",2026-06,translated_argos,
Sipadan Kapalai Dive Resort,5.0,Nice hotel,2026-06,translated_argos,
The Taaras Beach & Spa Resort,5.0,"I must congratulate all the staffs of Taaras Beach & Spa Resort. All of them, work tirelessly and in perfect harmony to make sure my wife and I have a wonderful experience. They all deserved a good bonus from their management and I hope their management treasure and value them for their hard work and dedication.

I come here just to swim with the turtles because the turtles sanctuary is just a stone throw away from the resort. You can even kayak there by yourself. That is how close it is.

If you love turtles and if you love to swim with them, or just watch how graceful these turtles are as they swim across the sea, this is the resort to stay. Good job to Taaras Beach Resort and Spa.",2026-06,not_applicable,
The Taaras Beach & Spa Resort,4.0,"My family and I had great beautiful memories at the Taaras. The beach is beautiful, the resort is clean but needs a little update. We had some issues with our rooms the first night but they fixed the issues immediately and upgraded our rooms the next day. This proves their commitment to best customer service and 5-star treatment. The food and drinks are a little pricey compare to KL standard. I guess they can charge that kind of price because there are not many options near the resort. They are pricey but they are very delicious. I saw some reviews that the food at the restaurant were not good. I disagree. There are three restaurants at the resort and I've tried all of them. Everything that I ordered from those restaurants are delicious with beautiful presentations. If you want something cheaper, there are a few seafood restaurants in short walking distance.

Let me tell you what's unique about this resort:
1. The location of the resort is the best. It's right on the bay which means the beach is private to the resort. The beach is quiet, calm, very clean, beautiful sand and pristine water. You feel like you're on a private beach all to yourself. The turtle snorkeling spot is super close, so you can rent a kayak from the resort and kayak to the turtle point and snorkel with the turtles up close.

2. The resort has it's own private airline - the Berjaya Air. If you're a tourist like me and time is super precious, do spend the money to take the Berjaya Air from Subang KL airport. The extra $$ is so worth it, you get the VIP experience and saves so much time. I arrived to the airport 1 hour before flight, Grab from KL to Subang was about 20 mins, flight duration was 1 hour that flew me directly into the island's airport which is 5 mins drive to the resort.  Imagine getting to the resort in less than 2.5 hours from KL?! The flight is pricey because it is a charter flight, new and super nice ATR-72 plane, single seater, (26 seats on the plane), meal was included, VIP lounge before flight also included breakfast and snacks.

3. The resort's staff workers. Everyone was so genuinely nice, friendly and helpful. Kudos to the customer service team, front desk, restaurant servers, recreation center, buggy drivers, housekeeping ladies.

If you're looking for a relaxed and calm atmosphere resort with beautiful calm beach and excellent scenery, the resort is for you. There are no loud music, big annoying crowds or party people.
We stayed three nights, 1st day chilled at the beach and pool, 2nd day snorkeling and island hopping and 3rd day last chill at the beach and pool. Perfect relaxing vacation after busy time at KL.",2026-06,not_applicable,
The Taaras Beach & Spa Resort,4.0,"We recently stayed in the Two Bedroom Bayview Suite and had an overall great experience, largely thanks to the exceptional team.The service here is top-notch. Mei Ling was incredibly attentive, checking in regularly to ensure everything was going well, and her prompt responses made a huge difference. Buggy rides were always fast and efficient. The absolute highlight of our stay was the service at the recreation centre. We accidentally dropped one of our snorkeling masks onto the seabed and couldn't retrieve it. After mentioning it to the staff there, a wonderful team member (we unfortunately didn't get his name) actually swam out to Turtle Bay to retrieve it for us! That is truly above and beyond service.

The only downside is the accommodation itself. For the premium price paid, the room feels dated and needs maintenance and refurbishing. We actually experienced an aircon leak during our stay. However, once we informed Mei Ling, it was fixed promptly.If management invests in room upgrades, this resort would be flawless. The service and staff are a 5/5, but the property itself gets a 3/5. Huge thanks to Mei Ling and the recreation team for making our stay so memorable!",2026-06,not_applicable,
The Taaras Beach & Spa Resort,4.0,"Thank you for the hospitality during our stay.

Although our check-in was delayed because the room was not yet ready, we appreciate the excellent service provided by the front office staff. Special thanks to En. Hamdan and the front office staff for arranging a temporary waiting room and a complimentary BBQ dinner while we waited. Their attentiveness and hospitality were truly appreciated.

As for the BBQ dinner, we were expecting a better culinary experience. We feel it would be more appealing if the menu reflected the unique flavors and identity of Terengganu. Including local specialties such as ICT (Ikan Celup Tepung), Laksa Terengganu, Keropok Lekor, and other traditional Terengganu dishes would provide guests with a more authentic and memorable dining experience.

Overall, we appreciate the efforts of the team and thank you for making our stay comfortable.",2026-06,not_applicable,
The Taaras Beach & Spa Resort,5.0,"I was impressed when the staff (forgot his name but he is awesome) at the conservation office shared how The Taaras actively contributes to protecting the island's turtle population by helping to remove rubbish and marine debris from around the island. It's wonderful to see a resort taking conservation seriously.

A special thank you to Mr. Bryan for always keeping us informed about the activities at The Taaras.
The facilities were great, and the buggy service was very convenient and readily available. We absolutely loved the stunning views around the resort.

Thank you for making our stay so memorable. We look forward to visiting The Taaras again soon!",2026-06,not_applicable,
The Taaras Beach & Spa Resort,5.0,Everything was perfect and a lovely location to stayyy. can’t wait to revisit next time!!,2026-06,not_applicable,
The Taaras Beach & Spa Resort,4.0,"🛏️ Room
Our room was spacious and clean, providing a comfortable stay overall. There were a couple of minor issues during our stay, including a short circuit and a problem with the safe, but both were rectified promptly and smoothly by the staff, which we appreciated.
The balcony, however, appears a bit aged and the railing feels somewhat fragile (there is a warning sign advising guests not to lean on it). It would be good if the hotel could refurbish or better maintain this area to enhance safety and overall experience.

🍽️ Food
The all-day ASEAN dining restaurant offered reasonably good food. While the selection is somewhat limited, we appreciated that the menu changes daily, which adds some variety.
The Cove restaurant was more average in both taste and value, especially considering the pricing, which could be improved to better match expectations.

🎯 Facilities & Overall Experience
The resort is very family-friendly, with a wide range of activities suitable for both kids and adults. A highlight for us was the indoor kids’ room, where children can enjoy the trampoline, ball pit, and slide, along with some additional paid activities to keep them engaged.
The buggy service was quick and efficient, making it easy to get around the resort, especially between the room and the lobby.
The staff were consistently friendly, attentive, and proactive, always ready to provide helpful suggestions when needed. We would also like to give a special appreciation to our Guest Experience Executive, Hamdam Rajab, who took great care of us and made our stay even more pleasant.
The resort features a private beach accessible only to guests, making it feel safe, exclusive, and not overcrowded. The beach itself is clean, calm, and very enjoyable — definitely one of the highlights of the stay.
One area for improvement would be the swimming pool, which is relatively small and looks a bit dated. However, this was not a major drawback for us since the beach is just nearby and serves as a better alternative. The pool feels more like a complementary feature rather than the main attraction.

✅ Overall
A great resort for a relaxing family getaway, with excellent service, kid-friendly facilities, and a beautiful private beachfront — with some minor room and facility improvements that could further enhance the experience.",2026-06,not_applicable,
The Taaras Beach & Spa Resort,4.5,"Beach is nice, facilities are okStaff is nice.However the Hotel is quite rundown, bed smell from the bathroom constantly. Lobby is old and kind of run down. Even tho hotel is not bad, they need refurbishment.Besides that restaurants are good, staff is super polite.Even the staff at the recreation and sports activities there is very polite and nice.Staff Mr Hamdan attended to us as guest relations, he’s a great person and also the tall lady who handed me the keys, such nice and kind lady.Thank you",2026-06,not_applicable,
Berjaya Tioman Resort - Malaysia,5.0,"I would like to compliment the reception team at Berjaya Tioman Resort, especially Aliya, for her excellent service. She was very helpful, friendly, and attentive throughout my experience. Her professionalism and willingness to assist made my stay even more pleasant.",2026-08,not_applicable,
Berjaya Tioman Resort - Malaysia,5.0,"good place.Friendly staff, enjoy snorkeling",2026-08,already_english,
Berjaya Tioman Resort - Malaysia,1.0,"Unfortunately, we have had a very negative experience here. We wanted to walk to the Turtle Sanctuary. Unfortunately, the hotel was designed so that the footpath to the south was blocked and you are only allowed through as a hotel guest or by car. Very annoying and completely unnecessary.",2026-08,translated_argos,
Berjaya Tioman Resort - Malaysia,5.0,"Nice place to stay,my family really love it",2026-08,not_applicable,
Berjaya Tioman Resort - Malaysia,5.0,Such a nice place for vacation,2026-08,not_applicable,
Berjaya Tioman Resort - Malaysia,3.0,"Misleading pictures the rooms are not like the ones publicized, it looks like it has not been refreshed since the ‘90s. The hotel I guess is ok if you only plan to sleep there.",2026-08,not_applicable,
Berjaya Tioman Resort - Malaysia,5.0,"My friend and I had a great stay in Berjaya Tioman Resort. The environment really peaceful and a lot of activities provided. We managed to catch one of yoga session held there. I got to try Stand Up Paddle too! It was fun! Big shoutout to all the friendly staff over there. Angah Izzat, Izzat poter, Kimi, Abang Wan, Zul, and not forgotten Haizi. They all gave us the best experience in Tioman. We leave Tioman with a heavy heart. The place was beautiful, but the people we met made leaving so much harder. 🥹",2026-08,not_applicable,
Berjaya Tioman Resort - Malaysia,5.0,"Had so much fun, met new people, made new memories — and honestly, I’m just glad I got to experience it with the right people. My friends made the whole trip 10x better, from the random chaos to the little moments I know I’ll remember. 🫶🏻||And shoutout to the staff too! Everyone was so friendly and helpful.||Sometimes, it’s not really about where you go, but the people who make the place feel special.||Special thanks to Angah, Bang Wan, Syahmi Izzat, Haizy, Zul & Kimi for making Tioman one to remember. 🤍🌴",2026-08,not_applicable,
Berjaya Tioman Resort - Malaysia,4.0,"Tioman, you were a good one. 🌊🤍||Came for the island, stayed for the memories 🫶🏻 From random late night talks, laughing over the dumbest things, meeting new people, to all the little moments in between — this trip was honestly one for the books.||But ngl, what made it extra special was the people. My 5 girls/people made everything 10x more fun (and chaotic 😂), and the Berjaya Resort Tioman crew? You guys deserve a whole shoutout 🥹🤍||Angah, Bang Wan, Syahmi Izzat, Haizy, Zul, Kimi & Daniel — thank you for literally treating us like princesses throughout our stay 👑😭 Always so friendly, helpful and making sure we were okay. We really felt so welcomed and taken care of.||Sometimes the best part of a trip isn’t the place itself, but the people you meet along the way. And I guess Tioman gave us both. 🌴✨||Thank you for the memories, the laughs, and all the good vibes. Definitely one I’ll be talking about for a longgg time. 🤍",2026-08,not_applicable,
Berjaya Tioman Resort - Malaysia,5.0,"Had a really nice stay at tioman. The resort was beautiful and relaxing, the room was comfortable. But what made the whole experience 10 times better was meeting some of the friendliest and most welcoming staff. Everyone was sooo kind, helpful, and genuinely made us feel comfortable throughout our stay. Big shout out to our friendly staff; angah, zul, kimi, abg wan, haizy and izzat poter, keep us entertained without any issues, petition to raise their commission!!! We had such a fun and memorable time, and the good vibes from the staff definitely made the trip even more special. Would definitely come back again!",2026-08,not_applicable,
Sipadan Kapalai Dive Resort,5.0,"Ideal for retreat, kid loved so much, very relaxing. Should open up for sea swimming from water chalet if possible 🫠",2026-06,not_applicable,
Sipadan Kapalai Dive Resort,5.0,"We spent five nights at the Kapalai Dive Resort and were thrilled. The entire complex is well maintained and clean, the turquoise water and the dreamlike surroundings make the stay something special. The rooms are rather simple, but very clean and completely sufficient.

Particularly positive are the friendly and helpful employees as well as the excellently organized diving base. The food was varied and offered something suitable for every taste.
A big thank you goes to diving instructor Benn, who took a lot of time, was extremely patient and made our stay even more pleasant.

The occasional Wi-Fi outages did not bother us at all – with this view and this atmosphere, one wonders if one has to be online at all.

For us it was an unforgettable stay, which is definitely worth another visit. We personally cannot understand the many negative comments and would recommend the resort at any time.",2026-05,translated_argos,
Sipadan Kapalai Dive Resort,5.0,"Everything perfect. ❤️The staff are very nice, food was really good, and the 🤿 snorkelling abang very helpful, abang driver very nice also.",2026-05,not_applicable,
Sipadan Kapalai Dive Resort,5.0,Best place to overnight and see all the views,2026-05,not_applicable,
Sipadan Kapalai Dive Resort,3.7,this is a very nice hotel which sit on a coral reef,2026-05,not_applicable,
Sipadan Kapalai Dive Resort,5.0,"Wonderful stays for two night. Beautiful scenery and lots of amazing diving sites around. If you are a diver, definitely should come",2026-05,not_applicable,
Sipadan Kapalai Dive Resort,1.0,"I recently spent 3 nights at Sipadan Kapalai Dive Resort, and unfortunately, it was a major disappointment. While the location is naturally beautiful, the resort’s management and operations are overwhelmingly biased toward a specific demographic, leaving international travelers in the dark and ignoring basic environmental ethics.
Communication & Service Gaps
The resort feels entirely geared toward mainland Chinese tourists, to the point where English-speaking guests are treated as an afterthought.
• The Briefing: Our ""welcome briefing"" in English lasted a mere 2 minutes and lacked vital information. Meanwhile, the Chinese-language briefing went on for 20 minutes. We missed out on key details, such as the option to visit neighboring islands to purchase fresh seafood to bring back.
• Logistics: Announcements are a struggle. When calling room numbers for boat departures or activities, staff used Chinese numbers only. Despite my name being clearly English on the manifest, I had to guess when they were referring to me.
• Payments: Even the bar is restrictive. They  accept QR code payments designed for mainland Chinese users, no acceptance of international credit cards or cash.
Environmental & Diving Concerns
This was the most upsetting part of the stay. For a resort located in such a delicate marine ecosystem, the lack of oversight is appalling.
• Wildlife Harassment: I witnessed guests (specifically from the majority group) petting and harassing sea turtles. Despite reporting this to the staff multiple times, zero action was taken.
• Poor Diving Standards: Many of the divers currently visiting appear to be unqualified or poorly trained. I saw constant reef damage—divers kicking the coral, touching marine life, and poking animals for photos.
• Staff Negligence: The dive guides and resort staff seem to prioritize guest ""satisfaction"" (allowing them to do whatever they want) over the protection of the reef.
Final Verdict
If you are an English speaker or a diver who cares about marine conservation and reef etiquette, stay elsewhere. The blatant disregard for environmental rules and the massive language barrier in service makes this resort a poor choice for global travelers. There are far better options in the Semporna area that respect both their guests and the ocean.",2026-05,not_applicable,
Sipadan Kapalai Dive Resort,4.2,"The seas & sky & sun views were awesome, just awesome. The dive sights were awesome as well. I enjoyed it tremendously. The dive instructor, George was very experienced and friendly. The lodging I stayed was alright for an island resort, though I expected more for what I paid, again it’s just my personal expectation. The meals were a bit below my expectation but again it’s just my personal expectation. And there is not much activities at  the resort in the evenings.  Go there for the awesome views and dive experience.",2026-04,not_applicable,
Berjaya Tioman Resort - Malaysia,5.0,"Is a beautiful resort offering a relaxing environment, excellent facilities, and enjoyable nature-based activities. It is a great choice for a peaceful island getaway.",2026-08,not_applicable,
Berjaya Tioman Resort - Malaysia,3.0,Very beautiful beach and views. Rooms are nice and cozy. The service is slow and do not understand English. So pls be patient,2026-08,not_applicable,
Berjaya Tioman Resort - Malaysia,5.0,"I always have the best time in Tioman. The beach is wonderful for snorkelling right infront of the resort ❤️ The staff are super friendly and loving from recreation, reception, fnb, housekeeping etc.. ✨and it is always a joy to come back like visiting my second family 💕hope to see everyone again soon!

Thank you for arranging our event so smoothly",2026-08,not_applicable,
Berjaya Tioman Resort - Malaysia,5.0,"Very had nice experience here, the staff is very nice and friendly. Shout out to angah, kimie, zul, wan and danial. They a give assist to us along the trip. Big thanks to haizi and izzat. We really had a good time here.",2026-08,not_applicable,
Berjaya Tioman Resort - Malaysia,4.0,"Rooms require a renovation (no luxury but compared to other hotels on the island, the rooms are probably rather above average)
Room service always comes at different times and sometimes not at all but when it comes there is fresh drinking water
The receptionists have some technical deficits and can hardly help, the front office manager, however, proved to be very friendly and helpful.
The hotel offers transport only within the resort to the nearby village you have to walk (about 30 min)
Location fantastic especially the beach is dreamlike
!! At the price you would expect more comfort and better service!!",2026-08,translated_argos,
Berjaya Tioman Resort - Malaysia,3.0,"Rooms: clean and always in order except for bedbugs that have stitched us on several parts of the body and low maintenance.
Restaurant: little choice of international plants with high price compared to local dishes despite the raw material was the same. Fortunately the staff welcomed our various requests for modification of the different dishes. Unfortunately, the buffet was only with local dishes.
Bar: lack of alcohol and some beers, there were only gin and whiskey in super alcohol.
Animation: inexistence, only in the evening they put a box with music without DJ or anything.
Staff service: although we had paid for one extra night the room was not ready and we had to wait several hours. Apart from this problem all the time we had problems, especially with the invasion of monkeys, we were always able to assist.
Beach: lack of sunbeds and umbrellas, on the beach there are only 9 sunbeds and 3 umbrellas. Fortunately, the only people who attended the sea were the Italians. Lack of showers to remove the sand and the salt, there is only a hidden shower near the restaurant.
Swimming pool: poor maintenance and tiny.
Activities: quads and excellent massages with impeccable assistance.",2026-08,translated_argos,
Berjaya Tioman Resort - Malaysia,5.0,"Alia been amazing for us, all the staff here are very helpful and friendly. The location is perfect. The cleaner cone to clean our rooms every day without us asking it.",2026-08,not_applicable,
Berjaya Tioman Resort - Malaysia,3.0,"The hotel is beautiful but too expensive for what it is, obliged to pay for each service",2026-08,translated_argos,
The Taaras Beach & Spa Resort,4.0,"When the building was outdated, the room was cleaned or the needle was left on the sink. It is better not to expect to be a luxury five stars. The service of the staff is good, and the sea is beautiful and wonderful experience, snorkeling is very satisfied.",2026-06,translated_argos,
The Taaras Beach & Spa Resort,5.0,"It was not seen all over the world, but I think it was the first place in Taras Beach, where it was so far. Very good. |We will be waiting for you. |Let's call for a real-time job| |Tarasu reception Brian is really kind. |Thank you for your understanding and understanding.",2026-06,translated_argos,
The Taaras Beach & Spa Resort,5.0,"We had an absolutely wonderful stay at this resort and thoroughly enjoyed every moment of our vacation. The hospitality was exceptional from the time we arrived until our departure. The staff were incredibly warm, friendly, and always willing to help with a smile.The resort itself is beautifully located, with stunning beaches, crystal-clear waters, and a relaxing atmosphere that made it the perfect getaway. The pool facilities were excellent, and there were plenty of activities available to keep both adults and children entertained throughout our stay.The food was fantastic, offering a great variety of delicious options, and the overall ambiance of the resort was both welcoming and relaxing. Every detail seemed thoughtfully planned to ensure guests had a memorable experience.A special thank you to Bryan, who went above and beyond to make our stay comfortable and enjoyable. He was always available to provide information, answer questions, and ensure that all our needs were taken care of. His attentiveness, professionalism, and genuine care for guests truly stood out and made a significant difference to our overall experience.We highly recommend this resort to anyone looking for a memorable beach holiday with outstanding service, great facilities, and a fantastic atmosphere. We look forward to returning in the future.",2026-05,not_applicable,
The Taaras Beach & Spa Resort,5.0,"Everything's fine. The people who took us to the Sea Turtles Center are especially good. He's got a lot of expertise, he's got an attitude, he's got a free photo.",2026-05,translated_argos,
The Taaras Beach & Spa Resort,5.0,"The only drawback is the hotel rate and price.

Overall, we had a good time staying here. The room is big and comfy, the bathroom is okay. We really love the toiletteries (complementary shower gel, shampoo, and lotion). The view of the sea is wonderful. The food (dinner and breakfast buffet) is excellent. I cannot review on the swimming pool as we didn’t bother swim in it when you already have the sea in front of you.

Snorkeling and turtle trip was excellent. I really appreciate that each participant was provided with a towel and a proper life jacket, together with a bottle of drinking water for each family. But, the boat crew could have prepare to feed the turtles so they will come nearby the boat.",2026-05,not_applicable,
The Taaras Beach & Spa Resort,3.7,"The service is excellent, but there wasn't much choices of food, the seafood would be better if it was served fresh. The facilities were good, but would be better if there were more complementary facilities. The room is big but the cleanliness can be improved. The hotel location is actually great with the private beach, but the hotel is too isolated, visitors need to rent motorcycle or take a taxi to reach the jetty or other outside restaurants.",2026-05,not_applicable,
The Taaras Beach & Spa Resort,5.0,"My friends and I had an amazing stay! The service was excellent, the facilities were great, and everything was clean and comfortable. We were even upgraded to a better room, which made our experience even more special. We had so much fun and honestly didn’t want to leave. Highly recommended! ⭐⭐⭐⭐⭐",2026-05,not_applicable,
The Taaras Beach & Spa Resort,3.0,"I stayed here for 3 days and 2 nights. Overall, our experience was very good, starting from the reception staff to the F&B Department. Everything was excellent. Special thanks to Saiful for arranging my son birthday celebration so well. We truly appreciate the effort and hospitality.

However, during check-out, I had a very unpleasant experience with one of The Taaras staff members at Merang Jetty (a heavyset male staff).

Since the hotel boat was scheduled to depart early at 12.00 PM and I did not want to rush on our journey home, I decided to use a third-party boat service instead.

When we arrived at Merang Jetty around 3.45 PM on 27 May 2026, the distance from the boat to the upper jetty area was quite far, and we were travelling with a 9-month-old baby along with several bags.

I politely asked the only Taaras staff member there for assistance with a trolley. However, his response was rude and unprofessional. He asked me, “Did I use the Taraas boat?” and then said, “Just take it if you really want to use it.”

Even if there had been a charge for using the trolley, I would have been willing to pay for it. What disappointed me most was the tone and manner he used in front of my wife and childs.

As a guest of the hotel, I believe I should have been treated with courtesy and professionalism. If I was not allowed to use the trolley, it could have been communicated politely and respectfully.

I hope the management will take this matter seriously so that other guests will not have to go through a similar experience in the future.",2026-05,not_applicable,
Berjaya Tioman Resort - Malaysia,5.0,Great view & comfortable! |Kid friendly.,2026-08,not_applicable,
Berjaya Tioman Resort - Malaysia,3.0,"This is my first time staying at Berjaya Tioman Resort. I have been to Tioman Island numerous times, and always thought Berjaya Tioman Resort is such a high-end resort at Tioman island, and the resort must be of very high quality. However, after the stay at Berjaya, my impression had changed drastically.

The room condition is generally acceptable. The room comes with all the basic necessities. But, when we checked in, to our surprise, toilet roll was not provided! We had to ask for it. That is just tip of the iceberg. Then, here came the housekeeping with 1 roll of toilet roll! My friend was even joking, 'that's very generous of Berjaya""! We managed to get another extra one after asking for it.

The room sound proof is so bad that I could literally hear conversation from the next door! Our room was just separated by a door, and sound from next door can be easily audible from our room, especially kids crying/shouting!

The property is huge. There is buggy service to move guests around. But, the waiting time for the buggy pick-up is ridiculously long! On average, a 20 to 30 min waiting time is needed. We were told that there are only 2 buggies available for the whole facility (not sure how true it is), it is not sufficient to support the guest groups especially during peak period.

First time, we waited at the Main Gate for 30 mins for buggy to come.
Second time, we waited at our room for Buggy to pick up, and eventually we decided to just walk.
Third time, again we waited at the Main Gate for >20 mins for buggy under the hot sun (luckily the security guard offered us their chairs to sit)
Forth time, we waited at our room for buggy, and decided to walk to reception since we had to depart for ferry!

The worst is, we called for buggy pick-up and waited >30mins. Hence, we decided to just walk to the reception. My friend and I almost fainted to notice that, there was one buggy resting at the reception and no one bothered to drive the buggy for us!

The only plus point is the buggy staff is generally cheerful, helpful and polite.

To go outside of the facility (to the village), you have to pay additional RM50 per car (2-way)! Such a prestigious resort could have provided service to send guests to outside the property if required, not to mention that the food quality provided is sub-standard, and guests have to pay extra money if they want to opt for alternatives (out of Berjaya).

Berjaya has always known to be prestigious name in the industry, but Berjaya Tioman is far from a 4-star certified hotel. I would choose the budget homestay at Kampung Tekek over Berjaya considering the amount of money I had paid for the room!",2026-08,not_applicable,
Berjaya Tioman Resort - Malaysia,5.0,Quiet location with satisfying facilities. Right on the beach - convenient for swimming and others.,2026-08,not_applicable,
Berjaya Tioman Resort - Malaysia,5.0,"and the atmosphere felt relaxing right away. The staff were friendly and always willing to help, which made check-in and getting around very smooth. My room was comfortable and had a nice view, though the furnishings felt a little bit dated. Food at the restaurant was decent, with a few good local options, but the variety could be wider. Overall, it’s a great choice if you’re looking for a peaceful island escape rather than a luxury resort experience.",2026-08,not_applicable,
Berjaya Tioman Resort - Malaysia,5.0,"Super recommended resort. The beach is magnificent, the location near Tekek perfect. Excursions are organized mainly at sea to the various coves and the nearby islands. Nice pool, nice chalets. Good breakfast, great restaurant serving Malaysian cuisine, but also Thai and Indian. Probably the time for a proper restyling has come, but all the staff, from the reception, to the restaurant, to the drivers show a really unequal friendliness and efficiency, which makes to forget some slight inefficiencies. Maximum vote, 5 out of 5!",2026-08,translated_argos,
Berjaya Tioman Resort - Malaysia,2.0,"So bad quality of everything! An aged resort , totally neglected on a very beautiful beach. Impossible to sleep on the bed, fridge, AC and fun with sound like airbus, zero service - they do not even replace the toiletries !
Breakfast with no options at all - everything bad quality.
It is a huge scam.",2026-08,not_applicable,
Berjaya Tioman Resort - Malaysia,2.0,"When we arrived the jetty, we waited 25 mins for the resort pick up. We were the last last guest at the jetty. The chalets are very old. Poor service at the resort’s restaurant. Requested for kids plate, one of the staff said they don’t have it. So my 21 months old baby use porcelain plate, thankfully he’s well behaved baby so he never break anything. Requested for ice, they told us the ice-making machine not working. 😏",2026-08,not_applicable,
Berjaya Tioman Resort - Malaysia,5.0,"Great place. Even if you’re on a lost island, you have a lot to do and see. The resort is great, full of activities and exceptional for the sea in front and the pools.
It seems to be heaven.
Thanks to Alia and Adam to have been so kind during check-out.",2026-08,translated_argos,
Sipadan Kapalai Dive Resort,5.0,"This is a perfect five-star resort for divers. The highly professional dive masters turn even strong currents into an exhilarating rollercoaster experience. Every aspect of the service is carefully tailored with divers in mind.

One of the highlights is the house reef diving, where you can freely enjoy dives with your buddy every evening—it’s truly unforgettable. Being able to fully immerse yourself in the emerald-colored sea was an incredible experience.

Although getting there can be a bit long and inconvenient, it is absolutely worth the journey.",2026-04,not_applicable,
Sipadan Kapalai Dive Resort,5.0,"The resort is beautiful and the dive center extremely organized and well staffed. The room was spacious and with all necessary comfort. the views and the setting were really magical with rays and turtles strolling underneath. The resort is really revolving around the diving activity and as expected, the diving sites were incredible, peaking with the Sipadan dives where we got to see the big threes. The only negative in the resort was the repair work on the walkway that was happening outside our bungalow. The dive center should also invest into a Nitrox offer that would be ideal for the type of dives.",2026-04,not_applicable,
Sipadan Kapalai Dive Resort,5.0,Is just WOW..Beautiful gorgeous sea...omg so many sea turtles..beautiful!! I need go back there again..no words can describe how beautiful the sea is...pls go n enjoy this beautiful place😍❤️,2026-03,not_applicable,
Sipadan Kapalai Dive Resort,5.0,It's actually the Indonesian Tero before,2026-03,translated_argos,
Sipadan Kapalai Dive Resort,3.0,"I definitely don't recommend this place. I've been there for 5 days on my honeymoon in July 23. The infrastructure is low quality and needs refurbishing, it was packed with noisy and misbehaving people, the food was horrible, and the staff was too young and untrained. The dives are ok, but Sipadan is 40 minutes away, back and forth, by boat. The video shows people jumping to the water from the stairs and near the bungalows, but they expressly forbid swimming everywhere around the resort apart from a small area near the diving centre, which was packed with kids jumping and people screaming.
The whole experience was a 2,5 out of 5, fortunately we travelled other places for the rest of our honeymoon.",2026-03,not_applicable,
Sipadan Kapalai Dive Resort,3.7,Beautiful and nice,2026-02,translated_argos,
The Taaras Beach & Spa Resort,5.0,"5 stars resort, 5 stars amenities, 5 stars friendly staffs. Some staffs are well-trained is expected, but ALL STAFFS are super friendly, this it totally unexpected!!

Stayed 4D3N, in May. (No filtered photo, shoot by iPhone)",2026-05,not_applicable,
The Taaras Beach & Spa Resort,5.0,"Great premium hotel. Even the vacation trainee did outstanding explanation about turtle conservation. Xing, showed his passion and impressed all of us, including the kids. Truely grateful!",2026-05,not_applicable,
The Taaras Beach & Spa Resort,5.0,Amazing stay with friends. Everything was perfect!,2026-05,not_applicable,
The Taaras Beach & Spa Resort,5.0,"I had a wonderful stay at The Taraas Resort and truly enjoyed the warm hospitality throughout. Our visit happened to fall on Mother’s Day, and the resort went the extra mile by surprising all the mothers with a delicious cake, a small gesture that meant a lot and made the day even more special.

The resort itself is beautiful and well-kept. The premises are spotless, the facilities are all in excellent condition, and the private beach is a real highlight, peaceful, clean, and perfect for relaxing. The food exceeded expectations as well, with a wide variety of meals to choose from every day.

What really stood out was the service. The staff are genuinely friendly and attentive. A special mention goes to Shaiful from the F&B team, who was incredibly helpful and always served with a smile. I also want to thank Bryan, the guest officer, who was on duty 24/7 via WhatsApp; it gave me great peace of mind knowing that any request or question could be answered instantly, no matter the time.

Overall, I felt completely comfortable and thoroughly enjoyed my stay.",2026-05,not_applicable,
The Taaras Beach & Spa Resort,4.5,Good hotel and always good service and smiles,2026-05,not_applicable,
The Taaras Beach & Spa Resort,5.0,"After exploring quite a bit of Redang, we genuinely think The Taaras Beach & Spa Resort has the best location and beach on the island 🤍 The water is crystal clear, the sand is soft and white, and the whole bay honestly feels like paradise.

We do think the Garden Suites could be maintained a bit better, but the Cliff Bay Suites with the bathtub and ocean view are absolutely beautiful and completely worth it if you want the full experience. Waking up to that view every morning was honestly one of the highlights of the stay, so if you come here, we would really recommend splurging a little for those rooms ☀️

What also made the experience so special was the service. We had constant support through WhatsApp during the whole stay, which made everything feel so smooth and easy. Bryan was genuinely amazing, always incredibly responsive, kind, helpful, and ready to assist with absolutely everything. Thank you so much for making our stay so memorable 🤍",2026-05,not_applicable,
The Taaras Beach & Spa Resort,5.0,Nice.,2026-05,translated_argos,
The Taaras Beach & Spa Resort,5.0,"I went for coral and turtle talk by Mr.Xing, he is a passionate speaker, and a knowledgeable biologist, super friendly and kind. He gave us a lot of information about turtle, do stop by turtle conservation office before ur snorkelling trip to gain ur information on turtle that you will see later😁",2026-05,not_applicable,
Berjaya Tioman Resort - Malaysia,5.0,"Alia was really helpful during our check in and check out process. The resort has a wide range of food for their all day dining menu - I’d recommend their peach cobbler, mango lassi and strawberry smoothie! We went diving here and it was smooth. Plenty of activities to do here! We also had a few shots while riding the ATV by the beach. Great place for families!",2026-08,not_applicable,
Berjaya Tioman Resort - Malaysia,5.0,Superb location!,2026-08,not_applicable,
Berjaya Tioman Resort - Malaysia,5.0,"One of the best resorts in Tioman. Good spread of buffet and alacarte. Rooms are nice but maybe need a bit of upgrading. Overall, a nice stay.",2026-08,not_applicable,
Berjaya Tioman Resort - Malaysia,5.0,nice and convenient,2026-08,already_english,
Berjaya Tioman Resort - Malaysia,1.0,"Very disappointing experience — not worth the money

I stayed at Berjaya Tioman Resort about 3 years ago and had a completely different experience. Back then, the resort had a great atmosphere with activities like fire shows, open-air movies, live singing, good rooms, and much better service. That experience made me want to come back.

Unfortunately, this time the resort has declined significantly.

There are hardly any activities, the food quality is very disappointing, and the overall service is poor. The room was also in bad condition, with wooden parts coming out and visible signs of poor maintenance. The staff were not very helpful or attentive either.

What used to feel like a nice resort experience now feels poorly maintained and lacking in basic service standards. Considering the price, I expected much better.

I would not recommend Berjaya Tioman Resort at the current price. It is simply not worth the money, especially when compared with the experience they offered a few years ago.",2026-08,not_applicable,
Berjaya Tioman Resort - Malaysia,2.0,"Very disappointing experience — not worth the money||I stayed at Berjaya Tioman Resort about 3 years ago and had a completely different experience. Back then, the resort had a great atmosphere with activities like fire shows, open-air movies, live singing, good rooms, and much better service. That experience made me want to come back.||Unfortunately, this time the resort has declined significantly.||There are hardly any activities, the food quality is very disappointing, and the overall service is poor. The room was also in bad condition, with wooden parts coming out and visible signs of poor maintenance. The staff were not very helpful or attentive either.||What used to feel like a nice resort experience now feels poorly maintained and lacking in basic service standards. Considering the price, I expected much better.||I would not recommend Berjaya Tioman Resort at the current price. It is simply not worth the money, especially when compared with the experience they offered a few years ago.",2026-08,not_applicable,
Berjaya Tioman Resort - Malaysia,2.0,bad attitudes and bad shuttle bus Services. The reception will charge extra fee even have paid online if you don't prove it.,2026-08,not_applicable,
Sipadan Kapalai Dive Resort,4.5,Nice view and big roo,2026-02,already_english,
Sipadan Kapalai Dive Resort,5.0,"It's the water, but the sun is very comfortable.",2026-01,translated_argos,
Sipadan Kapalai Dive Resort,5.0,Unforgettable experience,2026-01,translated_argos,
Sipadan Kapalai Dive Resort,4.0,"入住 Sipadan Kapalai Dive Resort 之後，最大感覺係「真正離開咗日常生活」。整個度假村建喺海上，四面環海，環境非常安靜，日出同日落都好靚，夜晚只聽到海聲，對放鬆心情同減壓好有幫助。

潛水係最大亮點。Kapalai 附近潛點微距生物非常多，潛導專業又有耐性，會細心帶你睇生物，就算唔係資深潛水員都覺得安心同享受。整體安排唔趕，節奏好舒服。

房間係水上屋，唔算豪華但乾淨企理，冷氣夠、床好瞓。WiFi 唔太穩定，但反而令人放低手機，專心休息。

餐飲選擇唔算多，但食物新鮮，潛水完食會特別滿足。
整體嚟講，呢度唔適合想玩樂或夜生活嘅人，但如果你係為潛水同真正放鬆而嚟，Kapalai 係一個好值得體驗嘅地方。

⸻

English

Staying at Sipadan Kapalai Dive Resort truly felt like disconnecting from everyday life. The resort is built over the sea, surrounded by water in every direction, with a very peaceful atmosphere. Sunrises and sunsets are beautiful, and at night you only hear the sound of the ocean — perfect for relaxing and relieving stress.

Diving is definitely the highlight. The nearby dive sites around Kapalai are rich in macro marine life, and the dive guides are professional and patient, always taking time to point out small creatures. Even for non-expert divers, the experience feels safe and enjoyable. The schedule is well-paced and not rushed.

The water villas are simple but comfortable, clean, with good air conditioning and comfortable beds. WiFi is limited, but that actually helps you unplug and fully relax.

Food options are not extensive, but meals are fresh and satisfying, especially after diving.
Overall, this is not a resort for nightlife or entertainment, but if you come for diving and true relaxation, Sipadan Kapalai is absolutely worth it.",2026-01,not_applicable,
Sipadan Kapalai Dive Resort,5.0,"Sipadan Kapalai Dive Resort was truly one of the most unforgettable travel experiences of my life. If you love the ocean, nature, and marine life, this place is an absolute dream come true. Everything about the resort — from the location to the scenery to the water activities — feels like a once-in-a-lifetime experience.

The moment you arrive, you’ll be amazed by how beautiful Kapalai is. The waters are unbelievably clear, with stunning shades of blue and turquoise that you usually only see in photos. The resort sits on stilts above the sea, and the whole environment feels peaceful, private, and close to nature. Waking up to the sound of the ocean and seeing the sunrise over the water is something I will never forget.

What made this trip extra special for me is that I managed to snorkel and dive for the first time here. It was such a memorable and exciting experience! I was a bit nervous at the beginning, but the team guided me well and made me feel safe and confident. Snorkeling in Kapalai was already amazing — the visibility is so clear that you can see colourful fish, coral, and marine life easily, even near the resort area. It felt like entering a totally different world under the sea.

And the diving experience… wow. It was truly breathtaking. For a first-timer, this was the perfect place because the water is calm, crystal clear, and filled with marine life. I felt so excited and amazed seeing the underwater scenery up close — it’s something you cannot describe fully with words. It’s one of those experiences that stays with you forever.

The resort itself is also very comfortable and well managed. The rooms are clean, cosy, and relaxing, and the overall atmosphere is calm and peaceful — perfect for a full getaway from busy city life. The staff are friendly, professional, and helpful, and they really make you feel taken care of. Meals were enjoyable as well, and it’s nice to dine while enjoying the beautiful sea view around you.

Overall, Sipadan Kapalai Dive Resort is a place I would highly recommend to anyone. Even if you’ve never snorkeled or dived before (like me), this is the perfect location to try — it’s safe, exciting, and absolutely unforgettable. The clear waters, stunning marine life, and peaceful environment make it a must-visit. Definitely one of the best and most memorable trips I’ve ever had, and I would love to come back again!",2026-01,not_applicable,
Sipadan Kapalai Dive Resort,5.0,"Very good, we enjoy every moment there.",2025-12,not_applicable,
The Taaras Beach & Spa Resort,1.0,"You don’t need to read every review to understand the problem. The Taaras Beach & Spa Resort feels closer to a barely 1-star hostel than a luxury resort, with service that is almost nonexistent.

The price is completely unjustifiable for the experience delivered. The rooms were dirty, smelled bad, and felt neglected, almost as if no proper cleaning or maintenance had been done for a long time. For a resort charging premium prices, that is unacceptable.

Staff attitude was lazy, careless, and unhelpful. If food runs out, it simply runs out, with no proper solution, apology, or accountability. The whole experience felt poorly managed, disorganized, and frustrating.

At times, it honestly felt like a “Hunger Games” version of hospitality, where guests are left to fend for themselves.

Beautiful location, maybe. But service, cleanliness, value, and basic guest care? Extremely disappointing. I would not recommend it.",2026-05,not_applicable,
The Taaras Beach & Spa Resort,5.0,"We spent our anniversary at The Taaras Beach & Spa Resort and had an amazing experience overall. This was already our fifth stay at this beautiful resort, which says a lot about how much we enjoy this special place.

The location is truly a gem — the bay is stunning, the beach remains one of the most beautiful in Malaysia, and the staff are exceptionally friendly and welcoming. We will definitely return again.

That said, there are a few areas that deserve attention and improvement.

The general condition of the resort shows signs of aging and a major renovation is becoming necessary. The old roofing with visible discoloration gives parts of the resort an outdated feeling. The pool area also needs refurbishment, especially the bridge near the pool, which looks worn and old. A general revamp would greatly elevate the overall luxury experience.

The location alone cannot guarantee long-term success if maintenance and modernization are not prioritized. Considering the room rates range between RM2,500 and RM4,500 per night — making Taaras one of the most expensive resorts in Malaysia — guest expectations are naturally very high.

For these prices, I expected more attention to detail, especially regarding food and beverage quality. Breakfast should include genuinely fresh-squeezed orange juice, not artificial juice labeled as “fresh.” Small upgrades can make a huge difference in perceived luxury. Offering Prosecco at breakfast, as commonly found in many European 5-star hotels, would also elevate the experience significantly. If the resort wants to compete in the “Champions League” of luxury hospitality, serving cordial drinks at breakfast should be reconsidered.

Ratings:
• Rooms (excluding Garden Suite): 9/10
• Breakfast: 7/10
• Beach: 9.5/10
• Facilities: 9/10
• Staff Friendliness: 9.5/10
• Italian Restaurant: 9.5/10
• Asian Restaurant: 7/10
• Cove Restaurant: 8/10

Overall, I would rate the resort 8/10. There is still plenty of room for improvement, and I truly hope to see a major revamp in the coming years because this property has the potential to be among the very best luxury beach resorts in the region.

Special thanks for their tremendous hospitality:

Mr Bryan
Mr Nazri
Ms Siti
Mr Saiful (extra ⭐️)
Mr Fadzli
Mr Dino",2026-05,not_applicable,
The Taaras Beach & Spa Resort,5.0,Nice,2026-05,translated_argos,
The Taaras Beach & Spa Resort,5.0,"Taaras is the only five-star hotel on Hot Island and has a very good combination of experience and services. I've been on the island for four days and three nights, and the details of where I'm staying are comforting. There are a lot of Chinese-speaking staff at the Hotel, and Mei Ling and Cara Cheong have been very helpful in Chinese throughout our journey. When we were accidentally injured, we had to go to the island's hospital for consultations, and the hotel was with us, and Mei Ling was with us all the way to complete the consultation process, to help us translate the communication and to guide us through all the medical consultations. Also, Saiful, who met at the restaurant, was very interesting, and we were accompanied by him at every meal in Taaras, and he made a special surprise for our birthday dinner. He's a particularly moving departure, and he's also the most interesting friend I've ever met here. These days in Taaras are an island holiday that I can't forget. I'll come back if I have a chance!",2026-05,translated_argos,
The Taaras Beach & Spa Resort,5.0,Very nice place. Beautiful beach. Very good hotel with excellent services and a professional and adorable staff. Thank you very much for this stay!,2026-05,translated_argos,
The Taaras Beach & Spa Resort,1.0,"I would give this hotel 0 stars if I could. Do not waste your time and money going here.

We booked a cliff suite for two nights. I’ll start with the positives - the view is nice and the water is blue and clear. The staff are friendly.

Now for the negatives:

We arrived to a chaotic reception and waited for a few hours for our room (257) to be ready. After we were told by the reception desk that our room wasn’t ready we gathered our belongings in the reception where we were immediately pounced on by the spa manager who handed each of us a treatment menu and stood over us while we looked at it. After we declined, we waited on sun loungers on the beach. There is a buzzer to the bar to order drinks - we buzzed and someone came after about 20 minutes. No urgency, definitely no luxury. Sitting by the pool wasn’t an option as there wasn’t anywhere inviting to sit. Even if there was, the loungers face into the main hotel restaurant (why?) and the pool is not nice to look at.

When our room was ready we went back through to reception - which was still chaotic and loud - we were loaded onto a buggy with other families and taken to our room. It felt more like a cattle lorry than a 5* resort buggy. The reception staff also informed us that we would need to turn on the hot water 10-15 minutes before using the shower, which was surprising for a resort of this alleged ‘quality’.

Upon entering our room we were hit by a really foul smell. There were hairs on the floor and in the sink, and stains on the pillows and bed sheets. We told the reception desk that we were going for lunch and requested that housekeeping return to the room.

We ate lunch at the Asean restaurant. We both ordered king prawn fried rice which arrived without the prawns and was clearly cooked in dirty old oil. This cost £25. We didn’t return. There were screens all around the restaurant and in reception advertising activities turtle hatching (which wasn’t really what I wanted to watch while eating) - very tacky.

We went back to our room which had been re-cleaned but still had a foul smell. Everything looks tired and dirty. We saw monkeys riffling through (clean) bed sheets and towels, so it’s no wonder. Our towels had brown marks on them and need replacing desperately. The water pressure in the room was terrible, and the air con units urgently require replacing (along with everything else). It’s hard to articulate but it really just felt like a budget hotel.

At this stage we informed the front desk that we would be checking out the following morning and we made new travel arrangements. They offered to upgrade our room but we had seen enough (I think we had booked the most superior room type anyway) so politely declined. We ate dinner at a restaurant just outside the resort called Aima Grill Fish Restaurant (unconnected to the hotel) which was far better than the food we ate at lunchtime. We skipped breakfast and left the next morning. We have never left a hotel early before. They offered to refund the second night - I’ll update this review if the refund doesn’t end up materialising.

Although the view from our room was nice, having been on the beach we had seen quite a lot of rubbish both in the sand and the sea. In particular we noticed that the staff who stand near the towel counter leave their cigarette butts in the sand (when there is a bin close by) which explains why they are all over the beach. There is also a problem with sand flies - other people were covered in bites and there were notices about the sand flies on the beach and in our room.

Everything is either old, tired, broken or a combination of these things. I’m not entirely sure where the money is spent (our 2N stay cost nearly RM5800) but it is most certainly not on the hotel, hygiene or the guest experience. It is so gross.

At best this is a 2* resort masquerading as a luxury hotel. It is a complete rip off and we will never return or recommend it to anyone.",2026-05,not_applicable,
The Taaras Beach & Spa Resort,5.0,worth  the  money,2026-05,not_applicable,
The Taaras Beach & Spa Resort,4.0,"1. Must praise all the staffs. They are excellent from house keeping to receptions to all the restaurants / cafes and recreations team . Keep up the good work.
2. Welcome drinks and snacks are wonderful surprise. Beautiful kept beach. Thumbs up.
3. Lobby and games foyer, badly ventilated even there were two air cooler placed. But not turn on and no water filled. Mahjong provided have missing tiles.
4. Showers provided at wash area around the swimming pool and beach are horrible. Water trickle and can't have a proper wash from the top only can wash feet using the tap below it.
5. Breakfast buffet range can be better.",2026-05,not_applicable,
The Taaras Beach & Spa Resort,5.0,"The view of the sea is good. There's a bigger living room in the garden. There's only Indian food. There's nothing to be impressed about. The employee smiles. The guest experience was very good for Bryan, who could handle it very quickly, thanks to Bryan plus points.",2026-05,translated_argos,
The Taaras Beach & Spa Resort,5.0,"It's a very well-placed beach, there's a restaurant on the beach, the guest room is a little old, but it doesn't affect the experience, and there are many monkeys, lizards, outside the room, who alert the monkeys to hoisting. The environment is very zealous, thoughtful and experienced. Our Hamdan staff, who are in charge of hosting us, are kind and patient, are available on call and are extremely warm.",2026-05,translated_argos,
Berjaya Tioman Resort - Malaysia,2.0,"This photo really represents this hotel, it’s in need of some restoration and all the facilities need a face lift. On the downside, the pool bar had no sprits, they had run out of gin, vodka and only had whisky and beer. There is no pool snacks either so if you have kids, not ideal. The house keeping forgot to give us fresh towels despite asking. Food in restaurant is below average. However, very beautiful surroundings and boat trips are good. Whole place needs a massive makeover",2026-08,not_applicable,
Berjaya Tioman Resort - Malaysia,5.0,A cool place to rejuvenate to recharge energy!,2026-08,already_english,
Berjaya Tioman Resort - Malaysia,4.0,"Overall the staff were friendly and attentive !
Beautiful beach, clean fine sand.  The sea turtle sanctuary (40 minutes walk from resort ) is good !

Want to call out the yoga instructor, Mei.  Mei is experienced, she pays attention to our posture and guide us through.  One of my most enjoyable activities in the resort.  Photo taken by Mei !",2026-08,not_applicable,
Berjaya Tioman Resort - Malaysia,1.0,"i admit that the scenery is beautiful.
BUT
We got bite by the bed bugs (i have provide my photos to proof this). The beds cleanliness really not good at all. Please improve your bed cleanliness and the bathroom really dirty with a lot of insect under the vanity sink i am really speechless. Please upgrade the interior room maintenance as well!

And for the services of the buggy car really very very bad services! We have told to waited for awhile so many times, and getting more people waiting too, and lastly waited until 25 minutes+- and still not come to pick us up. After that we walk to the reception and saw all of them (car) is just there. What is the purpose that we stay here without any comfortable nor convenient services to customer?",2026-08,not_applicable,
Berjaya Tioman Resort - Malaysia,5.0,"We had an absolutely wonderful stay at Berjaya and couldn't have asked for a better holiday experience.

From the moment we arrived, we were delighted to be upgraded to a beach view room. Waking up to those stunning views every day made our stay even more special. The beds were exceptionally comfortable, ensuring we had a great night's sleep after each day's activities.

The service from the housekeeping team was outstanding. When we mentioned a damp smell in the room, they responded immediately and changed the sheets and comforter without hesitation. Their promptness and attention to detail were truly appreciated.

The activities were a definite highlight of our trip. The snorkeling excursions were fantastic, and swimming alongside black tip sharks was an unforgettable experience. We also loved visiting the turtle conservatory. Everything was so well organized that we were able to see and do far more in a short period than we ever could have managed on our own.

A very special thank you to Melvin, who went above and beyond to ensure we had the best possible experience. He was incredibly accommodating, attentive, and generous with his time, making sure every aspect of our stay was enjoyable and memorable.

Overall, this was an extremely memorable holiday filled with amazing experiences, excellent service, and wonderful hospitality. Thank you very much, Berjaya, for making our trip so special. We look forward to returning in the future! 🌴🐢🏖️",2026-08,not_applicable,
Berjaya Tioman Resort - Malaysia,3.0,"The Resort is an establishment that has probably had very good years, but today suffers from a visible lack of maintenance. Sport infrastructure seems to be gradually abandoned. Even simple activities like ping-pong are charged, which is quite surprising for a resort.

The restaurant offers cheaper and less reasonable rates compared to the cost of living in Malaysia. The service quickly shows its limits: as soon as there are more than three or four orders at the same time, the waiting lengthens considerably. The staff remains courteous and polite, but it is quite reserved and the exchanges are rather limited.

We had a bungalow with a beautiful sea view, which is a real strength. On the other hand, the interior would deserve a renovation, especially the bathroom, whose bathtub seemed to date from another era. It is all the more regrettable that other chalets, visibly more modern and better maintained, were closed during our stay.

Fortunately, the natural setting largely catches up with these defects. The sea is beautiful, the beach is superb and very pleasant, offering an ideal environment to relax.
With better maintenance of facilities and modern accommodation, this resort could regain its full potential.

Outside the resort a restaurant as expensive as the resort! Prefer the resort...",2026-07,translated_argos,
Berjaya Tioman Resort - Malaysia,3.0,"Our room was small and weird, but it was right on the beach. There were also more modern rooms in the same price range, but they were far from everything. The staff is friendly but also reserved. One does not necessarily have the feeling that the service idea has been internalized. Breakfast is plenty and good. The restaurant otherwise Max. Average and significantly more expensive than we have experienced in Malaysia so far. Surely this is not a 4* department, maximum 3*.",2026-07,translated_argos,
Sipadan Kapalai Dive Resort,1.0,Restaurant Worker Very Bad Service ，We ask something to them anthing also dunow and just reject us if dunow dont work lah，Managenmt pls take reposible it was very spoild mood which the restaurant side service 👎🏻👎🏻and smoked duck salad only salad ………,2025-12,not_applicable,
Sipadan Kapalai Dive Resort,5.0,Thank you very much,2025-12,not_applicable,
Sipadan Kapalai Dive Resort,5.0,"This resort presents a very unique sleepover experience with a very close and soothing atmosphere. The accommodation stands on water, giving a clear view of every angle. The rooms are neat and comfortable, while the surrounding areas are peaceful with soft sea winds. The service of the staff is friendly and helpful, very supportive of diving activities as well as simply enjoying the peace of nature.",2025-12,translated_argos,
Sipadan Kapalai Dive Resort,4.2,"Love the mapping of the resort, nearby distance and everything is nice. However, the food is no good. 85% of tourists from china. The food were still Malay style..hope the management can do something about it. Overall the stay is good. Keep it up. Good job",2025-11,not_applicable,
Sipadan Kapalai Dive Resort,1.0,How can I contact you to make a reservation at your resort?,2025-11,translated_manual,
Sipadan Kapalai Dive Resort,4.0,"There's a barroom, a closet, and an outdoor balcony, a tub and an outdoor shower. There's a lot of leaks in some areas, and there's hope for a better future. In fact, the whole service is very good, and it is almost always available for snacks and coffee and tea.
We didn't know until we had to pay for the canoe to go down, it was very small, transparent canoes were soft, and it was a shocking feeling, not recommended.
There are fish in the submersibles at the submersible centre, and there are plenty of living organisms under the water, which can be seen from the first night, as well as sea turtles.
It's a relaxing resort. The sun rises in the morning and sunsets in different ways.",2025-11,translated_argos,
Sipadan Kapalai Dive Resort,3.0,Food is not good since so higher price for the resort .,2025-11,not_applicable,
The Taaras Beach & Spa Resort,5.0,A nice holiday getaway for healing and relaxing. That is why I repeat for third times.The fire show by the beach on Saturday night was good to watch. There was a prayer mat and 'Kiblat' signage in my room (Garden Suite) which I appreciate so much. Thank you The Taaras Beach and Spa Resort Redang Island.,2026-05,not_applicable,
The Taaras Beach & Spa Resort,5.0,"Amazing beach getaway. We had a great time, and it was so peaceful after playing on the beach and seeing turtles.",2026-05,not_applicable,
The Taaras Beach & Spa Resort,1.0,"The service is no service, we wait for transportation to bring us back from the port to the resort after snorkeling over 45minutes. The BBQ night was booked, which means they should know how many pax, but the food is not enough and they do not add on immediately after finished. Very bad services due to lack of staff. This resort is not cheap at all, it's expensive. Should hire more staffs to enhance the service. More staffs please!",2026-05,not_applicable,
The Taaras Beach & Spa Resort,2.0,"Bad arrangement for transportation, took us a very long time (close to 45minutes waiting at the pier despite boat crew called to ask for vehicle 10minutes before we arrive the pier after snorkelling excursion) go back to the resort. Information from the staff were not uniform, some told us different time for the activities and various gathering place. Experienced the wrong timing being told for BBQ night buffet too, started at 7pm but told us 8pm, we were there around 7:45pm and most of the bbq were empty where we required to wait for the refill that takes forever. The price we pay doesn't justify the quality of the service 🙂‍↔️

Rooms are clean and well maintained, that is the only good point about this place.",2026-05,not_applicable,
The Taaras Beach & Spa Resort,5.0,Thank God. The very best service of The Taaras is Mr. Hamdan. Reply whatsapp is very fast if there's anything to say about it. Not forgetting also to Mr. Saiful who served us from first to our final day here. ♪,2026-05,translated_argos,
The Taaras Beach & Spa Resort,5.0,Absolutely EXPECT! the place is magical with a white sandy beach and beautiful sea! The large and clean rooms. The staff always smiling and kind. Maximum availability. Our very professional Bryan contact person and always help for every request. Food is varied and usually spicy as local cuisine. We'll be back!,2026-04,translated_argos,
The Taaras Beach & Spa Resort,5.0,"The bath was quiet and the sea was clear, but the room was still quite clean, and the xing brothers were particularly good at it, and they would recommend that he contact him in Chinese and let him be our guide next time.",2026-04,translated_argos,
The Taaras Beach & Spa Resort,5.0,"I had a lovely stay at The Taaras Beach & Spa Resort. The staff hospitality was truly outstanding—from check-in all the way to check-out, everyone was warm, attentive, and welcoming.

We really appreciated the early check-in, which was superb, especially since we were quite tired travelling with a child. It made a big difference and allowed us to settle in comfortably.

The beach is absolutely amazing—clean, beautiful, and very serene. I also really loved the room; it was comfortable and perfect for a relaxing getaway.

That said, there are a couple of areas for improvement. The shallow pool could use some maintenance, and Room 127 had an intermittent unpleasant smell coming from the toilet flushing system in the evening but not really bothering

Overall, it was still a wonderful experience, and I’d definitely consider coming back.",2026-04,not_applicable,
The Taaras Beach & Spa Resort,5.0,"Super nice hotel, perfect service. Beautiful beach. Fine food. Just unique. Very nice employees, especially Bryan, who organized us great excursions, was great. Many waiters were also great. They will certainly come back. The turtles must be protected. Great holidays.",2026-04,translated_argos,
The Taaras Beach & Spa Resort,5.0,"A very good one-time leave and relaxation, with a ceiling level of attitude in terms of accommodation, environment and services. Thanks in particular to the service housekeeper Hamdan here, and even less to the service.",2026-04,translated_argos,
Berjaya Tioman Resort - Malaysia,1.0,"Let's just say the best part of this resort is the buggy team. Friendly, cheerful, and always welcoming. Everything else, especially the resort itself, is unfortunately underwhelming.",2026-07,not_applicable,
Berjaya Tioman Resort - Malaysia,3.0,"Period: 16th - 18th July 2026
The Good
1. Helpful and courteous staff
2. Good location - nestled between the sea and hills.

The Bad
3. Food was not up to mark. Being a Malaysian, I was disappointed with their local fare - nasi goreng and nasi lemak are basic Malaysian dishes that you should be able to do well.
4. Hotel rooms and surrounding buildings look jaded and not well maintained. If you are charging customers a premium, then some of that should be re-invested into the upkeep and maintenance of the resort.
5. The main road within the resort compound stretching across ~ 300 metres is not sheltered (not landscaped accordingly) and leaves you at the mercy of the elements.
6. The ""complimentary"" snorkelling trip was supposed to be at Pulau Renggis (as informed by the staff at the recreational centre). We were instead shuttled to the ""marine park"" at the nearby jetty. There was very little to see. So, it was a huge disappointment.

Advice to future visitors
7. Dine at the restaurant right outside the main gate, beyond the small bridge. Alcohol is also cheaper there - duty free rates.
8. PLEASE DO NOT rent your motorcycles from the 3rd party operators outside the resort. They will try to con you by accusing you of dropping their bike or breaking something.",2026-07,not_applicable,
Berjaya Tioman Resort - Malaysia,1.0,"We've been here six nights. After day three, you're used to all the imperfections. But acid is. This resort should actually be closed for a few months to be renovated. I sent an e-mail to the management on the day of arrival but did not receive a response. The location is perfect, you walk into the sea and you can snorkel. All other accommodations were sold out unfortunately. It seems that the beach villas have been renovated but were not available for three persons. The restaurant is substandard to Malaysian concepts, a lot of things are sold out (no white wine available and many cocktails on the map) The staff is doing their best, but this is a really good place to look at management.",2026-07,translated_argos,
Berjaya Tioman Resort - Malaysia,5.0,We enjoyed our stay very much. The staff is amazing and we absolutely loved the daily yoga classes of instructor Mei right next to the sound of the waves and the birds.,2026-07,not_applicable,
Berjaya Tioman Resort - Malaysia,3.0,"Overall the room is clean, but the things here are quite old. There is only 2 plugs in the whole room which i think is insufficient, so if you’re planning to come over, do bring an extension wire on your own if needed. Fridge is quite old and dirty. The buggy service is quite efficient. If you’re planning to come for the water activities, do bring your own towel as the resort doesn’t allow to bring it out of the room. The buffet food needed to be improve, not a 4-star resort standard, buffet food options are too limited, but they will change the menu daily so you wouldn’t eat the same food. I’ve ordered the ala carte menu, it tastes much better than the buffet. The games room doesn’t have aircond, while the gym room does have aircond. We were sweating while playing in the games room. The cocktails and bar closed quite early, even the gift shop opens until 10pm but the pool bar already closed. If you want to enjoy the pool bar, it’s from 11am - 7pm only.",2026-07,not_applicable,
Berjaya Tioman Resort - Malaysia,1.0,"I was quite disappointed with family stay. While the berjaya resort located at a beautiful location, the buildings and rooms are very old and show significant signs of ageing. Considering the premium price charged, I expected the facilities to be much better maintained or renovated.

Another disappointment was the dining. Agoda's booking page only included breakfast, which I didn't notice when making the reservation. As a result, I had to pay extra for lunch (RM65++ plus 10% SST) and dinner (RM80++ plus 10% SST), making the overall stay much more expensive than expected.

Compared to many newer resorts that offer more modern facilities, better value, and more competitive meal packages, I don't feel this resort justifies its pricing. Overall, the experience did not meet my expectations, and I left feeling disappointed.

P/s: we also experienced frequent power outages throughout our stay, which was quite inconvenient and further affected our sleep and overall experience.",2026-07,not_applicable,
Berjaya Tioman Resort - Malaysia,4.0,"Lovely place if you are into snorkeling and diving
Food was ok
Wish there were more vegetarian protein food
Chinese vegetarian would be great
Bar wasn’t equipped at all
It will be great if there were live music in the evenings
The yoga instructor Mei was wonderful
Overall it was a pleasant experience but amenities can be improved
Front office staff, buggy drivers and the spa center people were wonderful
Felt with the price we paid, we could have had more … more vegetarian food, a fully equipped bar and live music would be a bonus",2026-07,not_applicable,
Berjaya Tioman Resort - Malaysia,3.0,"We stayed here for 3 nights. It has been many years since we were last here. It was a disappointing stay; the room and facilities were old & jaded, bed was uncomfortable, linen old, beach bar looks worn out. Food at restaurant was poor, breakfast was min standard though big enough range. Good points - sprawling facility, friendly staff, beautiful beach, easy access to town though location is away from Tekek center. So all in all, not a value for the room price. Not many other choices though.",2026-07,not_applicable,
Berjaya Tioman Resort - Malaysia,1.0,"The snorkeling experience was extremely disappointing.

We booked a private boat and informed the hotel in advance that we would be bringing young children. The hotel assured us that each boat only had a captain, but that the captain was experienced and would provide assistance. For safety reasons, we also paid extra to have an additional instructor accompany us.

However, throughout the entire snorkeling trip, the instructor only gave a brief explanation on how to wear the mask and use the snorkel. Beyond that, there was no further guidance at all. For example, there was no safety briefing for first-time snorkelers, no explanation of proper breathing techniques, and no advice on what to do in case of difficulties or emergencies.

Even more disappointing, the captain did not say a single word throughout the trip. He never entered the water and did not provide any assistance. Some members of our group had never snorkeled before and were left to figure everything out on their own.

Compared with the snorkeling experiences we have had elsewhere, the service here was far below the expected standard and was extremely disappointing.",2026-07,not_applicable,
Sipadan Kapalai Dive Resort,5.0,One of the best resort in Malaysia 🇲🇾,2025-11,not_applicable,
Sipadan Kapalai Dive Resort,5.0,A unique experience. Fantastic. Among giant turtles and exotic fish. Highly recommend 💯. Very friendly staff and good food.,2025-11,translated_manual,
Sipadan Kapalai Dive Resort,5.0,"WE'VE BEEN FOR 3 NOCHES ,ES UN RESORT MUY DETALLOSO BONito ,Y UNA ATTENTION 10 ,LO RECOMMENDING .NATURALITY INCREIBLE.",2025-11,translated_argos,
Sipadan Kapalai Dive Resort,5.0,I want to go here again. Crazy fun. Hi.,2025-10,translated_argos,
Sipadan Kapalai Dive Resort,1.0,Everything fine. Except the worker’s service attitude. It is bad,2025-10,not_applicable,
Sipadan Kapalai Dive Resort,4.2,We enjoyed our 3D2N stay at here. The sea is incredibly clean.,2025-10,not_applicable,
Sipadan Kapalai Dive Resort,4.0,"It's very comfortable in a resort, and it's very difficult to find such facilities in the middle of the sea where resources are difficult to obtain, where marine life, turtles, catfish, fish, sea snakes, and so on, is that hot water is not stable and sometimes cold water is washed.",2025-10,translated_argos,
Sipadan Kapalai Dive Resort,5.0,"Mukemmeldi . in the middle of the ocean, the water is ready to stay in the villa by walking in the dogal environment. In the case of the beer, the canans such as vatoz caplumbaga are officially dancing  ",2025-10,translated_argos,
Berjaya Tioman Resort - Malaysia,5.0,"It's ancient architecture. 4.0.
The atmosphere is usually older 4.0.
Services are good. 4.5.
Geographicly good, 4.8.
It's easy for a hotel. I can call 3.8 at the most. min
This is my personal opinion.
Follow my footsteps. You won't get lost.",2026-07,translated_argos,
Berjaya Tioman Resort - Malaysia,3.0,"Generally ok. Just the Support and Service is to be improved. Asked about the ferry and how to get from the ferry to the hotel. But they told me that is the guests problem! The pool definitely is very old, so the picture on the Website are quite misleading. + there are quite often no towels at the pool. (No sorry, no let me habe a look....) Regularily the For the most things there you have to pay extra. The food is quite expensive compared to the average and quality ( and f.ex. the mango lassi, is just ice cream blended with ice. Not a mango lassi. If youre looking for a nice experience just get a nice appartment at the sea and dont go to the resort bajaya!",2026-07,not_applicable,
Berjaya Tioman Resort - Malaysia,5.0,The quiet atmosphere views the beautiful food service that satisfies the,2026-07,translated_argos,
Berjaya Tioman Resort - Malaysia,5.0,"Amazing accomodations, AADD is the best restaurants",2026-07,not_applicable,
Berjaya Tioman Resort - Malaysia,5.0,"The sun is nice and sweet, less oily, although the sand are slightly saltier than seawater, strongly recommended.

I wet my pants throughout the whole stay, you’ll know how good it is 👍🏻👍🏻",2026-07,not_applicable,
Berjaya Tioman Resort - Malaysia,5.0,You can go directly from the cottage to the coast,2026-07,translated_argos,
Berjaya Tioman Resort - Malaysia,1.0,"I don’t usually leave reviews, but this resort really earned one.

For a place that charges premium prices, I wasn’t expecting to sleep on a bed with its own crater. The mattress was so badly sagging that we had to ask the staff for an extra duvet just to make it somewhat bearable. Apparently, that’s the solution.

Now, let’s talk about the food. We ordered the steak and lamb rack, both around RM99 each. Honestly, I’ve had RM20+ lamb chops from food courts that tasted much better. The lamb had an unpleasant smell, the meat was poor quality, and the entire meal was nowhere near worth the price. It felt like paying RM99 for disappointment.

We then mentioned it to the chef, who seemed completely unfazed. I understand he may not have the authority to remove it from the bill, so  I believe the responsibility falls on the management.

The only thing that exceeded expectations was the buggy service. The buggy staff were friendly, helpful, and honestly the highlight of the entire stay.

Overall, this resort did not live up to its pricing or expectations, and I wouldn’t recommend it based on my experience.",2026-07,not_applicable,
Berjaya Tioman Resort - Malaysia,5.0,"Best resort in tioman! Loved the hospitality, snorkelling, resort and kayaking! Many thanks to Alia for upgrading our room and ensuring we had a wonderful stay!",2026-07,not_applicable,
The Taaras Beach & Spa Resort,5.0,"Paradise The hotel is just beautiful and the staff at the top of the hotel, thanks to Hamdan rajab for everything.",2026-04,translated_argos,
The Taaras Beach & Spa Resort,4.7,"Stayed here for 3 days and booked the Cliff Bay Suite for my husband’s birthday, honestly it was such a memorable experience.From the start, everything felt well taken care of. A manager, Mei Ling was assigned to assist us, which made things very smooth. We arrived early and they kindly offered early check-in at 12PM-ish, so I could settle in and even continue working from the room, perfect little “work from hotel” moment.We were welcomed with tea, and when we entered the room, the aircond was already turned on, super cooling and refreshing after the journey. They also prepared a birthday cake with a sweet message on the table, which made the surprise feel complete.The room itself was beautiful, we got one of the highest floors, and the view was just amazing. Waking up to that ocean view really hits different.Amenities were top tier. They provided L’Occitane for shower, shampoo, and lotion, didn’t even need to use my own. Requested a refill the next day and they sent it over quickly in the morning, very efficient.The private beach is stunning and not crowded at all, which I really appreciated. Plenty of activities available too, free kayak, outdoor gym, and they can arrange dinner setups and snorkeling trips for you.Transport was also seamless, they picked us up from Kampung Redang jetty and sent us back during checkout, so everything felt hassle-free.Breakfast was great overall, quality and taste were there, but the variety was slightly limited. I was expecting a bit more selection, but still a very enjoyable spread.Overall, the views, service, and experience were just beautiful. Definitely a place I would come back to again when visiting Redang 🤍",2026-04,not_applicable,
The Taaras Beach & Spa Resort,5.0,"An amazing resort. Beautiful view, clean beach, delicious food and the most wonderful team. Special shout out to the team at The Cove. Super friendly and always goes the extra mile. Love them!!!",2026-04,not_applicable,
The Taaras Beach & Spa Resort,5.0,"The site itself is of high quality, we lived in a Garden Suite, which is a house where you either have the whole ground floor or the entire first floor. We lived on the first floor, with an amazing look to the beach and water, between the houses in the front row. We enjoyed sitting there in peace and quiet and looking out on the water with a coffee or a drink. The staff were very open, friendly and did their utmost to help us feel we got the perfect holiday. We were awarded Bryan Nicholas as our personal assistant (Guest experience executive), and he was extremely helpful with everything we made up of questions and tasks. â ¢124; We can only talk nicely about everyone in the staff who everyone jumped to and did what they could to get the best experience. We were on two trips while we were there. A trip to the sea and experience the sunset, as well as a trip to bathe / snorkeling with sea turtles. Both are highly recommended. â ¢124; â ¢124; We ate both at the beach bar, at the large restaurant and the ""exclusive"" - all 3 places with a good experience and friendly caring service.",2026-04,translated_argos,
The Taaras Beach & Spa Resort,4.0,Very nice.,2026-04,translated_argos,
The Taaras Beach & Spa Resort,5.0,"New review 2026.04:
The site itself is of high quality, we lived in a Garden Suite, which is a house where you either have the whole ground floor or the entire first floor. We lived on the first floor, with an amazing look to the beach and water, between the houses in the front row. We enjoyed sitting there in peace and quiet and looking out on the water with a coffee or a drink.
The staff were very open, friendly and did their utmost to help us feel we got the perfect vacation.
We were awarded Bryan Nicholas as our personal assistant (Guest experience executive) and he was extremely helpful with everything we made up of questions and tasks.
We can only talk nicely about everyone in the staff who everyone jumped to and did what they could to get the best experience.

We were on two trips while we were there. A trip to the sea and experience the sunset, as well as a trip to bathe / snorkeling with sea turtles. Both are highly recommended.

We ate both at the beach bar, at the big restaurant and the ""exclusive"" - all 3 places with a good experience and friendly caring service.
From 2024.04 Some of the most beautiful beach I've ever seen.
Great staff
Delicious food",2026-04,translated_argos,
The Taaras Beach & Spa Resort,5.0,"A very good time at this hotel. Very welcoming and smiling people. Bryan Nicholas, the hotel experience manager was there for all our requests via a WhatsApp. He was very responsive and effective. Thanks to him. For transfer by boat, watching on the internet will cost you much less than the one offered by the hotel.",2026-04,translated_argos,
The Taaras Beach & Spa Resort,5.0,Our stay Taaras was incredible. The staff is incredibly friendly and we felt very welcome. I would highly recommend trying the yoga classes. The instructor Amanda is very knowledgeable and truly sweet. She teaches classes tailored to all levels. Thank you Amanda and all the lovely staff 🧡,2026-04,not_applicable,
The Taaras Beach & Spa Resort,5.0,"Pristine turquoise water, white sandy beach with warmth hospitality and delicious food...we love it!! InsyaALLAH we will be back. The kayaking was superb!! Great job to Taraas Team",2026-04,not_applicable,
Sipadan Kapalai Dive Resort,5.0,another nice place to explore...,2025-09,not_applicable,
Sipadan Kapalai Dive Resort,5.0,"everything is okay, but there is no line (nevermind coz we just want to healing). staff is very friendly",2025-09,not_applicable,
Sipadan Kapalai Dive Resort,5.0,A luxurious escape vacation island in the middle of the sea.,2025-09,not_applicable,
Sipadan Kapalai Dive Resort,4.0,"Had a relaxing 4D3N surrounded with awesome view and lots of turtles and fish could be seen from the chalet.  Resort staff are welcoming, approachable and helpful.  Food provided was pleasantly prepared.  However, the public toilet need thorough cleaning & refurbishment, wifi to be made available, more lighting along all the walkways at night.",2025-09,not_applicable,
Sipadan Kapalai Dive Resort,5.0,Can see turtles right from your room,2025-09,not_applicable,
Sipadan Kapalai Dive Resort,3.7,"nobody answer the hotel phone and there is no way to reach this hotel accept through Trip. Not user friendly. we have made some wrong booking due to flight schedule issue. have tried to call many times to modify our date of stay but nobody answer our call. finally trip replied we cannot modify the date. this is very bad management as it is no last minute change, at least 5 days before the actual date. we have to scramble to reschedule our flight. very bad experience.",2025-09,not_applicable,
Sipadan Kapalai Dive Resort,4.0,"Loved being so close to nature—it was such a refreshing experience! The staff were extremely helpful and genuinely friendly, which made my stay even more enjoyable. The only thing that could be improved is the food, but overall, it was a wonderful escape.",2025-09,not_applicable,
Berjaya Tioman Resort - Malaysia,5.0,"I love it here, will return again in future",2026-07,not_applicable,
Berjaya Tioman Resort - Malaysia,5.0,"Stayed for a few days and nothing can describe my experience other than joy and satisfaction. The staffs are very thoughtful and helpful, the foods are excellent and the room and resort itself are comfortable and a treat to eyes",2026-07,not_applicable,
Berjaya Tioman Resort - Malaysia,5.0,"We've been here 5 days and loved it. Very pleasant and peaceful stay. The hotel offers a wide variety of activities, from diving to jungle excursions with a very professional guide who's an expert on snakes. Nadia and Alia were very welcoming and kind to us. Thank you so much for your service and help! We'll be back!",2026-07,translated_manual,
Berjaya Tioman Resort - Malaysia,5.0,"I'm happy to stay here. Resort is clear, room is clean. The staff of all intimate and service is indeed the best. Good food, quick service and satisfying. It's a great place to go on vacation. God will come again!",2026-07,translated_argos,
Berjaya Tioman Resort - Malaysia,5.0,"It's been a while since I last came here. The resort has a peaceful and relaxing atmosphere. The room are clean and spacious. The food was good too. The view was beautiful. I enjoy watching the sunset. The staff was friendly and helpful too. We had a great time here.

Thank you for the great experience. We had a really wonderful stay and would love to come back again.",2026-07,not_applicable,
Berjaya Tioman Resort - Malaysia,5.0,"First time here with my friend and we loved our time at Berjaya Tioman. I love the lush forest view from the resort. The beach is well-kept especially the sunset view is the most beautiful , we joined a snorkeling and saw so many colourful corals, fishes and turtles 🐢🐠🐬 Staff were friendly, always smilling and willing to help. Highly recommended resort with many activies to play, i would definitely love to come back again 😍😍",2026-07,not_applicable,
Berjaya Tioman Resort - Malaysia,5.0,"nice place,",2026-07,translated_argos,
Berjaya Tioman Resort - Malaysia,5.0,"staff friendly
nice place nice view
service tiptop
room view so nice
recomendation for healing",2026-07,not_applicable,
The Taaras Beach & Spa Resort,5.0,"A Breathtaking Paradise with Exceptional Service

Our stay at Taaras Beach Resort in Redang was truly unforgettable. What an experience.

First of all, the location is absolutely breathtaking. Surrounded by crystal-clear waters and lush nature, it feels like a hidden paradise. The villas are spacious, spotless, and incredibly comfortable, making it a perfect place to relax and unwind.

On the resort, you’ll find everything you need. There are several excellent restaurants, including a Nepalese and an Italian restaurant. The food was absolutely delicious. You can even order anything you like straight from your beach bed. Nothing is too much to ask for the staff.

What really made our stay exceptional, however, was the team. Everyone was kind, attentive, and always willing to go the extra mile to help. A special thank you to Bryan, who organized all our trips and tours during our stay. Everything was perfectly arranged and completely stress-free.

We would also like to express our gratitude to Eddy, the driver who has been working at the resort for over 30 years. He is such a warm and cheerful person, and he truly added something special to our holiday.

We sincerely hope to return to this beautiful resort again soon.

Khalid and Jane",2026-04,not_applicable,
The Taaras Beach & Spa Resort,5.0,"Amazing experience! Room is clean, food is nice, breath taking beachfront. Would love to come back",2026-04,not_applicable,
The Taaras Beach & Spa Resort,5.0,"Would like to give a shout out to Amanda, our yoga instructor for an amazing yoga session with the view of the ocean.",2026-04,not_applicable,
The Taaras Beach & Spa Resort,5.0,"WARNING!!! Once you have been to this hotel and spent time in the rooms and their amazing beach, ALL FUTURE HOLIDAYS WILL BE RUINED! It was the first time staying in a hotel with our 9 month old baby. We loved every single bit of it. The views from the hotel room was amazing we chose to stay in the cliff bay suite. The staff were so friendly and helpful Their buggy system was always on time. Housekeeping was amazing. I would highly recommend doing the turtle discovery snorkelling and the famous sandbank trip from the hotel. Food was amazing. The beach was maintained very well. Lots of activities communicated to you via WhatsApp. Bryan thank you so much for making our stay extra special And we hope to see you next year!",2026-04,not_applicable,
The Taaras Beach & Spa Resort,5.0,"Spent 4 nights here with my wife and 2 daughters, it was simply amazing.

It was a calming holiday where we could spend time with each other. The beach is really nice, with a turtle bay not too far away. The hotel provide a lot of facilities which you can use for entertainment.

The staff were attentive to detail and very helpful. One night, our food arrived a bit late and the bar man took it on himself to give all of us free drinks - we didnt even notice the delay.

The rooms are spacious and the amenities provided are what you would expect at a 5* hotel. Staff did a good job keeping it clean.

There are 2 restaurants and the beach bar where you can order food and drinks from. Menu is extensive and bar man is generous with the drinks - no complaints from me there.

Redang is an isolated island and there isn't much to do here other than snorkeling and diving. With that in mind Tmthe team at Taaras have created an amazing environment. We were never stuck for something to do.

Ps: they have a nice karaoke room, we only tried it on the last night.

Thank you yo everyone at Taaras for an amazing stay. We would be back soon.",2026-04,not_applicable,
The Taaras Beach & Spa Resort,5.0,"The yoga session with Teacher Amanda overlooking the beautiful ocean was very calming and relaxing. She was very patient with us and has a very good energy so the class was really fun and we really had such a wonderful time !

Thank you Amanda for guiding us through an amazing yoga class !",2026-04,not_applicable,
The Taaras Beach & Spa Resort,4.0,"The resort is set in a huge bay within the island and you have access to their private beach and clear sea water.  There are lots of resort activities you can do at a cost.  All rooms get 1 hour of kayaking per stay, per occupant.

There is a very wide range of room types, that are set in villas and complexes, which are located from the beach front right up into the hills overlooking the bay.  However, be aware that the most private rooms are in fact one of their cheapest offerings.  The garden suites, and if you want the most privacy possible, as for an upper level suite in a corner / end of row unit, away from heavy foot traffic.  To be honest and having stayed in many luxury resorts, I would say that this place is a little over priced, but there isn't a better resort on the island, so you are basically paying for their exclusivity, which they can charge as they deem fit as there's no direct competitor.

The staff were amazing, always willing to help with your needs and unlike many other hotels and resorts, they respond to any issues very promptly. You get assigned a personal concierge, who is but phone call or WhatsApp text away.

The restaurant food is quite pricey and overall reviews are average, but the convenience is still good.  There are plenty of good restaurants in the local area within a 10 minute walk and there is a supermarket , stocking all your essentials.

This is a child friendly resort and I saw lots of families here with young children.

I would highly recommend renting your own vehicle when coming from the mainland and you can leave it for a small fee at a car park on the Merang waterfront jetty. Driving in Malaysia is not as challenging as you may think, especially if coming from the UK, as they drive on the same side.",2026-04,not_applicable,
The Taaras Beach & Spa Resort,5.0,"Very cool hotel. We shot the cheapest ., minus the neighbors all hear. I like it so much, they clean every day even if you don’t leave a sign. Clean, the kitchen is delicious, the beach is clean. I recommend visiting family, couples and just friends or one. Never mind. Excellent hotel, excellent service, employees are all very friendly.",2026-04,translated_argos,
Sipadan Kapalai Dive Resort,5.0,It's beautiful! It's only a bad day to float!,2025-08,translated_argos,
Sipadan Kapalai Dive Resort,4.0,Cannot find Agent who arrange,2025-08,not_applicable,
Sipadan Kapalai Dive Resort,5.0,"It was good because I did not encounter Japanese.
Most Chinese tourists.

The location and service are the best, so you can honeymoon in a water cottage that is not known to Japanese people!",2025-08,translated_argos,
Sipadan Kapalai Dive Resort,4.5,"Wonderfoul, but is unaceptable that there isnt signal or wifi in the room",2025-08,not_applicable,
Sipadan Kapalai Dive Resort,5.0,Amazing! Hope to come back when I return to Malaysia next tour,2025-08,not_applicable,
Sipadan Kapalai Dive Resort,5.0,Environment is superb,2025-08,translated_manual,
Sipadan Kapalai Dive Resort,4.0,"Well run resort catering mostly to mainland Chinese customers. Quiet, clean, and with a smooth dive operation that mostly is busy with snorkeling and intro dives on the house reef. This means that core diving is not crowded. Boats are well setup and well maintained. Dive guides super competent, nice and safe. The diving itself is still great with a smorgasbord of big and small. Has a Maldives feel to it. If only the food was at par with the rest of the resort this surely would be a a top top destination. Malaysia has so much to offer, but it’s not reflected in the buffets. Neither in cooking or ingredient quality. In fact you see hard core budget choices in the sourcing of ingredients and it lets the resort down. It’s not that the food is bad, it’s just selected and cooked with what probably is a lack of vision in the F&B department.",2025-07,not_applicable,
Berjaya Tioman Resort - Malaysia,5.0,"Had a wonderful stay at Berjaya Tioman Resort. The room was clean and comfortable, the scenery was beautiful, and the staff were friendly and helpful throughout my stay. The peaceful atmosphere made it the perfect place to relax. Highly recommended, and I would definitely love to come back again!",2026-07,not_applicable,
Berjaya Tioman Resort - Malaysia,5.0,very nice view. staffs all around are very helpful and a very memorable stay.,2026-07,not_applicable,
Berjaya Tioman Resort - Malaysia,5.0,"All interesting. This resort is very comfortable, clean and packed. The entry list went well, the sloth was very sweet and always helpful. Big room, soft bed, and all the ease to function well. The sleepover was very satisfying and I will definitely come back again. It's heavily donated to anyone who's looking for a corner inn.",2026-07,translated_argos,
Berjaya Tioman Resort - Malaysia,5.0,"Staff very kind,food delicious,room very comfortable, facilities good... recommend to all...many activities can do",2026-07,not_applicable,
Berjaya Tioman Resort - Malaysia,5.0,"We had a wonderful stay at Pulau Tioman Berjaya Resort. The resort is beautiful, the room was clean and comfortable, and the peaceful atmosphere made it the perfect place to relax. The staff were friendly and always ready to help.

A special thank you to Anis Adila at the reception. She was incredibly welcoming, polite, and professional throughout our stay. She made the checkin process smooth, answered all our questions with a smile, and made us feel genuinely well taken care of. Her excellent customer service really made a difference to our experience.

Overall, we had an amazing time and would definitely come back. Highly recommended for anyone looking for a relaxing getaway in Tioman !!!!",2026-07,not_applicable,
Berjaya Tioman Resort - Malaysia,5.0,"We had an enjoyable stay and the highlight was the yoga session by the beach with teacher Amanda. She is a wonderful teacher, very patient and passionate about Yoga. She is also very well versed in her knowledge. We learned a lot and she inspired us to take up yoga back home.",2026-07,not_applicable,
Berjaya Tioman Resort - Malaysia,5.0,"Wonderful, friendly service at the resort. The staff were helpful and genuinely happy to be there! I particularly appreciated Amanda Vashti's yoga sessions. She is a gifted teacher and it was lovely to do yoga by the sea. It was really nice to have had this option in the midst of the water-centric activities we did.",2026-07,not_applicable,
Berjaya Tioman Resort - Malaysia,5.0,"Exactly what I needed, calm and peaceful",2026-06,not_applicable,
Berjaya Tioman Resort - Malaysia,5.0,Saiful is great,2026-06,not_applicable,
Sipadan Kapalai Dive Resort,3.0,"Kapalai Resort, Sempona, Sabah, Malaysia

My friends and I stayed at Kapalai Resort for 4D3N in Dec 2023. The resort is entirely built on coral reefs and the accommodation is individual wooden chalet with ample privacy. I had a total of 9 dives around Mabul and Kapalai islands with 2 dives at nearby Sipadan island. Our best dives were at Sipadan Island where we saw tons of marine lives and a large school of Jacks. Snorkeling around Kapalai resort is accessible to many marine lives including the Hawksbill sea turtle. Sunset and sunrise were magnificent sights from the resort which provide great opportunity for photos shoot. The staffs on the resort are friendly and helpful and the amenities are adequate. However you may want to bring your own alcoholic drinks and snacks if you want to save some money. Meals are provided on the resort but limited to local dishes. However you have a choice to purchase seafood from the nearby Mabul island and the kitchen on the resort will be happy to cook them for  a small charge. We initially had a group of 4 but two of our friends had to cancel at the last minute due to medical and family emergencies. Kapalai resort could not offer a full refund but instead offered a change of date within 12 months from the initial date. Reason for rating 3 stars for service is because our booking was made through Kapalai Resort's agent Asia Dive Holidays (ADH) in KK and when we tried to reach ADH on WhatsApp to inform them of the emergency cancellation and refund, they were non-responsive and offered no assitance to us. We would not recommend Asia Dive Holidays for anyone looking at going to Kapalai resort or surrounding islands. We would also like Kapalai resort to review their partnership with Asia Dive Holidays and address the concerns we have regarding their unprofessionalism attitude and lousy customer service we received in our booking.",2025-07,not_applicable,
Sipadan Kapalai Dive Resort,5.0,"So much for the environment, sitting still and listening to the sea wind, so you can relax.",2025-07,translated_argos,
Sipadan Kapalai Dive Resort,1.7,"I1. **Overcrowded & Poor Dive Management**     - Some divers complain about too many people on boats, leading to chaotic dive experiences.     - Limited slots for Sipadan Island (which requires a permit), leading to disappointment.  2. **Outdated or Poorly Maintained Facilities**     - Rooms, bathrooms, or dive equipment may be old, broken, or not well-kept.     - Issues with air conditioning, water supply, or cleanliness.  -no comforter on bed3. **Unprofessional or Rude Staff**     - Some reviewers mention unfriendly or unhelpful staff, especially with last-minute changes or complaints.     - Poor communication regarding dive schedules or safety briefings.  4. **Food Quality & Limited Options**     - Complaints about repetitive, bland, or low-quality meals, especially for the price paid.     - Limited choices for vegetarians or those with dietary restrictions.  5. **High Prices for Mediocre Service**     - Some guests feel the resort is overpriced compared to other options in Mabul or Sipadan.     - Extra charges for equipment rental or unexpected fees.  6. **Environmental Concerns**     - Poor waste management or irresponsible diving practices harming coral reefs.",2025-07,not_applicable,
Sipadan Kapalai Dive Resort,5.0,"Room - spacious., have 1 queen size & 1 single for std room
Food - a lots. One of the chalet that provide lots of food.
View - masha ALLAH... So beautiful
Safety - have esscom that patrol daily basis of every chalet

Looking forward to come again",2025-07,not_applicable,
Sipadan Kapalai Dive Resort,3.7,"With Maldivesfeel, without Mardev's service, it's all in minutes and seconds, I'm in a dive package, I'm not packed, I'm in Shibadan for three nights, but I can only dive seven, but I have to pay nine potentials, the environment, the underwater world is a little disappointed, I've been to Shibadan for over a decade, I've been over-clean, I've got a lot of microparticles.",2025-06,translated_argos,
Sipadan Kapalai Dive Resort,5.0,"Perfect! Spacious rooms with an incredible view. The highlight of the 3 nights we spent there: the giant turtles!!!!! Absolutely fantastic, along with the variety of tropical fish. For diving, the experience with Wendy was excellent! We recommend it!
The meals were good and the staff were top-notch!
Thank you",2025-06,translated_manual,
The Taaras Beach & Spa Resort,5.0,"We stayed for 3D2N at the Garden Suite. The experience was amazing right from the start at Redang Jetty till we returned. Overall it was great all around...the place, the beautiful and enchanted beach, super friendly staff and their wonderful service with the superb room.

The privacy of the beach is great and flat white soft sands with clear blue green color ocean. Really great and relaxing just to be at the beach.

Special mentioned to Mr Bryan and En Zaidi, for their wonderful and superb service,",2026-03,not_applicable,
The Taaras Beach & Spa Resort,4.7,"The private bay in Malaysia's Hot Wave Island, with dusty white sand and Jell-O waves. The most striking is that the sea in front of the hotel can travel easily with turtles, with great privacy and a clear environment. The guest house is designed to be a little obscurantious and full of holiday rituals. While traffic is a little more expensive and expensive on the island, it's an absolute reward for the beauty of the sea and the silence!",2026-03,translated_argos,
The Taaras Beach & Spa Resort,5.0,It's a beautiful sea view. The whole resort is quiet and private. Hamdan Rajabu is responsible.,2026-03,translated_argos,
The Taaras Beach & Spa Resort,1.0,"I came from the other side of the island, via jungle trekking. I ran into some guests who were staying there and they invited me to join them at the restaurant.
The security guard wouldn't let me in, even though I was with guests staying there and told him I was coming to eat at the restaurant.",2026-03,translated_manual,
The Taaras Beach & Spa Resort,5.0,"The sea is like the Seychelles, this is the main advantage of the hotel, so we chose this accommodation. In the hotel and on the island spent 5 nights in early March, this is just the beginning of the season. The weather is excellent, without rain, but in early March there is still a slight wind and the sea is not as calm as in the season. | Pluses:|- crystal clear and clear water |- a snow-white beach with a convenient gentle entrance is not sensitive to tides / ebb |- a private beach, except for hotel guests in the bay there is no one |- a rich underwater world. A great place for diving and snoking | - silence, very few people, in early March the hotel had 10-20 people.| - huge base rooms in Malay style | - several restaurants with a variety of cuisine, but the prices are high, including alcohol, you need to be ready for this, as the place is isolated and there are no more options for food | - friendly staff, ready to help in everything. Special thanks to our personal manager Hamdan Rajab|Minuses:|-the lack of a balcony in the base rooms, despite the huge area |-the lack of European outlets in the rooms and adapters |- Breakfasts are monotonous and do not correspond to the level 5*|-the lack of flippers for rent for snorkeling at the home reef |-the tennis court needs renovation, we chose this hotel including due to the availability of the court.",2026-03,translated_argos,
The Taaras Beach & Spa Resort,5.0,"During the spring festival, it was decided to find an island for holiday, and friends recommended Hot Wave Island, which is a small island because of the sealing of the island. The view is impeccable, but it's not boring because of the rainy season and the beach of the hotel, but the hotel has other activities and it's very child-friendly! The hotel employees were very friendly, and the most impressive was the Chinese-speaking Xiang, the young man was very diligent, and, because of the large number of Chinese tourists, he was basically needed to translate, and then he came to ask if he had a good meal when he wasn't busy, and he was very fond of his children. Knowing that he's still at the internship stage and has a good career plan, I hope he'll get better and better! We'll come back during the summer for the Hot Island kids.",2026-03,translated_argos,
The Taaras Beach & Spa Resort,5.0,"It's just an amazing place, totally paradise. Very warm welcome with hamdan and hassni who are very busy with me and my daughter. And the rest of the staff. It's a place I'll come back to for sure.",2026-03,translated_argos,
The Taaras Beach & Spa Resort,5.0,"I went to TARAAS in Hotwater Island this spring, and it was really beautiful because their smiles and passions were so good for me, especially the Italian restaurant, which was very expensive, the beach was fresh, the beach at the hotel was fresh, I went to the beach every day, I went to the chair to see the sea, swim, take a nap, there were people at the hotel with different colours to help you, there was today's safety factor, there was a hotel with super-friendly children, there were many kids playing with, and there were some kids who were free of charge, but there were not many people at the hotel, there were not many people at the beach, there were not many people at the hotel who went to the beach, there were many people who went to the beach, there were not many people who went to the beach, there were many people who went to the beach, there were not many people who went to the beach, there were many people who went to the beach, there were many people who went to the beach, there weren't many people who went to the beach, and there were many people who went to the beach, there, and there, there were a few people I've lived here for four days. It's very comfortable. I think I'm going back.",2026-02,translated_argos,
Berjaya Tioman Resort - Malaysia,5.0,Best sitting here playing snooker look at the ocean looking for ghosts (but not even Nazir) And Syifa is very good,2026-06,translated_argos,
Berjaya Tioman Resort - Malaysia,5.0,A really good hospitality. Thank Berjaya Tioman Resort and PIC En Saiful for accomodating is during our three daya training in Tioman. The food was deliciois the staff very helpful and friendly. Grateful for the free trip to Marine Park.,2026-06,not_applicable,
Berjaya Tioman Resort - Malaysia,5.0,Best! Thank you provide us free package to Marine Park.. ♥️,2026-06,not_applicable,
Berjaya Tioman Resort - Malaysia,5.0,"Thanks to PIC, Saiful Zamri for the hospitality

Nice location near with kampung tekek

Nice room with android TV",2026-06,not_applicable,
Berjaya Tioman Resort - Malaysia,4.2,"Nice hotel, a little far from the center area but easily reachable with their shuttle or by renting a bike (just outside the hotel). Room is spacious and clean, although furniture was a bit outdated. We had some issues of toilet door breaking, and the staff promptly came to fix it. The breakfast was very good, especially the home made roti canai.",2026-06,not_applicable,
Berjaya Tioman Resort - Malaysia,5.0,"It's a very nice and soothing view of Tioman Beraya. Throughout our innards, all the staff are very good, intimate and always helpful when necessary. Serves us best and makes us feel comfortable. Thank you all for your excellent service. Thank you very much. It's nice to welcome our family.",2026-06,translated_argos,
Berjaya Tioman Resort - Malaysia,4.2,"at the end of tekek, great beach and also you can see baby sharks at the jetty. Renggis island is just opposite but not recommended to swim across the jetty due to boat traffic. Most activities at the resort requires payment including table tennis, paddle etc. can also step outside the resort to have dinner and book sea activities (similar operators, but cheaper outside the resort).",2026-06,not_applicable,
Pulau Payar Marine Park,1.0,"Unfortunately, this was one of the most disappointing marine parks I’ve visited. We came here for snorkeling and an introductory dive expecting a beautiful, protected marine environment, but instead, large parts of the experience genuinely felt like swimming in a landfill.

There was an unbelievable amount of plastic and other waste both in the water and along the beach. While swimming, it was almost impossible not to encounter plastic bottles, bags, and other pieces of trash, sometimes even getting caught in your hair. I understand that currents can bring large amounts of waste into the area and that this is not necessarily something the park can prevent. However, what I cannot understand is how there seems to be so little organized effort to regularly remove it, especially from a place designated as a marine park and visited by tour boats every day. Everyone behaved as if this were completely normal and simply an everyday occurrence.

A French tourist family eventually took it upon themselves to start cleaning the beach and filled what looked like around 30 baskets with garbage. Seeing visitors taking responsibility for cleaning a marine park while people working there (mostly tour guides/divers)
carried on as normal was honestly quite shocking.

As for the marine life, we did see plenty of fish, which was nice, but unfortunately, most of the coral appeared to be dead or severely damaged. Considering this is a protected marine park, I expected a much healthier and more vibrant underwater ecosystem.

I really hope more is done to protect and maintain this place. If currents regularly bring this much waste here, then regular cleanups, collecting floating waste with nets, and better coordination with the tour operators visiting every day seem desperately needed. A marine park should be a place where marine ecosystems are actively protected, not somewhere visitors have to swim through plastic waste.

It was genuinely sad to see.",2026-08,not_applicable,
Pulau Payar Marine Park,1.0,"It was the absolute horror!
I have never been so disgusted in my life! Nature reserve?
You swim in a garbage heath! Madness! It is also nice that nobody cares about the place and through these strange platforms in the water the animal world dies!
Normally you have to pull me out of the water, but here I was just sitting on the boat because it was so disgusting!
It is a pity that the people make such a paradise deteriorate!",2026-08,translated_argos,
Pulau Payar Marine Park,5.0,Shamsul nice cook and view good,2026-07,not_applicable,
Pulau Payar Marine Park,5.0,A place to free dive And snorkel,2026-04,translated_argos,
Pulau Payar Marine Park,4.0,"Pulau Payar Marine Park is a stunning tropical paradise, perfect for snorkeling and diving. The crystal-clear waters reveal vibrant coral reefs and a diverse array of colorful fish. It is an unforgettable destination for nature lovers and families!",2026-04,not_applicable,
Pulau Payar Marine Park,5.0,"""3D Massachusetts refers to a combined Computer Vision concept with a three-dimensional visualization element used to produce more realistic and interactive virtual environments. In the context of the marin creative study the sea visualizes 3D animations, 3D -McKinzion acts as a creative approach to translating marin data, such as the shape of coral reefs, fish species, and seabed atmosphere, into a more convincing and easy-to-understand form of animation by people. Subject and visual reference in this study were obtained directly through a series of activities on Payar Island. Through this technology, visual experience can be improved because the audience not only sees shape and color, but can also imagine the depth, perspective, and motion that almost resembles the true state under the sea.""

Manual for 3D access -McKinzion:
1. Open your smart camera and override the QR code provided.

2. Once successfully charged, you will be taken to the offering page. Press the Launch button to open the application.

3. When the exposure is opened, the logo 3D-McKinzion will appear. Press that logo to get into the AR page.

Four. Use your smart camera to override trigger image (for example: exposed images) and enjoy the interactive 3D marin animation experience.

5.Spring complete, you may return to the subject's info page for further information.",2025-09,translated_argos,
Pulau Payar Marine Park,5.0,"The best dive should be in this place , i did the dive with (ninety nine island diver) center , it was the best choice, and i already rated them but with different account , all the guys in this center is good , thanks alot",2025-08,not_applicable,
Pulau Payar Marine Park,5.0,My lifetime experience with Scuba Club Langkawi..,2025-08,not_applicable,
Pulau Payar Marine Park,5.0,"In the glorious world of the sea bed in Payar Island, Langawi is very peddling. And must have been fascinated by the beach beauty and the rich forest area with the fauna there. Make a trade here.",2025-06,translated_argos,
Pulau Payar Marine Park,3.0,Payar Marine Park Island,2025-03,translated_argos,
Pulau Payar Marine Park,5.0,"We had a great experience at Pulau Payar. I was a little hesitant to go because I couldn’t find a lot of recent reviews. But I’m glad we booked a trip here. I imagine it’s a much better experience now that they limit the number of visitors per day to 100. That being the case, you need to book ahead of time to make sure you get a spot. (Bookings open around 1 month prior to scheduled visit.)

We did the “Intro Dive” package, which includes an assisted 30 minute scuba dive, limited depth, followed by snorkeling. As we had never scuba dived before (and had no certification), this was perfect for us to try out scuba. We really enjoyed it and have a good idea now if we want to pursue certification or not. A master diver will stay with you the whole time. After the dive, we were able to snorkel the rest of the time. I found the visibility to be pretty good and there were some nice coral formations and a good variety of fish. We saw a lot of colorful fish (parrot fish and others), some squid, an eel, and a few puffer fish (some really big ones too!) to name a few highlights.

Our day looked like this:
Met at the Scuba Club at 8:30am to register, try on gear, etc. Got on the boat a little after 9am and took the 1 hr-long, fast, bumpy, wet ride to Pulau Payar. Because we were doing the intro dive, we were on a boat with other scuba divers, while another boat took snorkelers only. So I can’t really comment on what the snorkelers in the other boat did. We went to a site off of the main island and did our dive. Then we snorkeled around while the others continued their dives. We had lunch on the boat (simple chicken and rice dish), then went to another site. After the divers got off the boat in deeper water, then boat took us to the shallower water for us to snorkel. There was a beach there also where we could relax. But most of the time we stayed in the water. After an hour or so, we got back on the boat and headed back to Langkawi. We arrived back, changed clothes and turned in our wet suits.

There’s limited places to change clothes. Either you have to use a small bathroom or a storage closet area. But it’s essential you change into dry clothes if you’re looking to take a Grab from there. In fact, they told us to walk away from the Scuba Club a little ways before ordering the Grab, otherwise they won’t pick you up because they assume you are wet.

Shout out to Hello Langkawi and staff members Maui (Aoi) and Nasi. They took good care of us.",2025-01,not_applicable,
Sipadan Kapalai Dive Resort,4.0,"So for the first time, we enjoyed it! Yes fie air conditioning is too weak but with fan it goes quite well. No it is not like in the Maldives, because you can not go from Gungalow to the water, because you can only snorkel very limited and the plant hald is not perfect everywhere.

Yes WLAN was only in the lobby area and eSim reception was actually not given in the room, therefore the concept with calls for a shuttle but somewhat questionable. Is really a huge minus the missing WLAN.

It has only one bar at the restaurant/lobby area. This is really a pity, beautiful places where only the beer or the wine is missing!

We spent a nice time and enjoyed it and recovered.",2025-06,translated_argos,
Sipadan Kapalai Dive Resort,5.0,Better than expected,2025-06,not_applicable,
Sipadan Kapalai Dive Resort,5.0,"You can see sea turtles, sea snakes, seabirds, sea stars, all kinds of seafish, all kinds of seafish, all kinds of seafish, all sorts of seafish, all kinds of water, all that is beautiful, all that waste, all the garbage, but the beach is a little bit of garbage, but, unfortunately, it's a hundred bucks for a tortilla, but the hotel and so forth is a very friendly staff, and the buggy is even more surprising that the room is equipped with a bathtub and that there's a lot of food every day.",2025-06,translated_argos,
Sipadan Kapalai Dive Resort,5.0,"Superb service, very accommodating staff.
Our villa was great except it was just soo hot in the day time, AC plus fan couldn’t help. I think they need to seal the tiny holes that comes with the structure or install a bigger AC unit.

Food is amazing and they refill the food trays as soon as they can. Line can be a bit long but it moves.",2025-05,not_applicable,
Sipadan Kapalai Dive Resort,4.7,"The incomparable view, the clear sea, the abundance of ocean life, the diversity of hotel food, is a little less entertainment, and it would be perfect if there was a SPA. If you don't go out to the sea and fish, it'll be a little empty, and you'll see a sea snake on the road in the morning and at night, or you'll be a little scared.",2025-05,translated_argos,
Sipadan Kapalai Dive Resort,5.0,"The room balcony has a view of sea turtles, a beautiful once-in-a-lifetime sight",2025-05,translated_manual,
The Taaras Beach & Spa Resort,2.0,"So, looks like this lady by the name of Anita Michael gives out generic comments to important feedback from guests. Probably an AI rendition sponsored by the Berjaya group. Who knows....because all the negative comments mentioned by other guests stand true and quite obviously this person has not been escalating the problems to the right channels. Or maybe she has and no one from the Berjaya group cares enough to resolve these problems.

Hamdan and his crew at the reception were amazing. There are some really good crew members in this resort. But clearly no one from the Berjaya group is stationed there to overlook day to day operations or bother to visit the resort to see how things are holding up

No one at the beach area is available to help with setting up the sun beds. They are always dirty. When you do ask for help, the beach crew do not respond or do not care to respond

The toilet reeks and the maintenance crew can only perfume the toilets so the issue doesn't occur again. Aircond was leaking, wifi was not working at one point. Windows can't close properly. The team did their best to fix all these issues, Hamdan made sure of it. But it is clear that Berjaya group themselves do not bother releasing the budget for better repairs and maintenance.

What once was a grand resort is now quite an embarrassment for the Berjaya Group. I went during the low season, but even then I felt like I paid a huge price for such poor facilities.

The restaurant uses sub par ingredients for their meals yet this resort charges an arm and a leg for meals. These prices are what you would expect to see at the Intercontinental or Regent ,(for much better quality)

Fact remains Berjaya is a local Malaysian business chain. I want to support local businesses but when a Malaysian company treats its customers like this, makes you wonder if it's worth supporting them. This is why I prefer to stick to international hotel chains, at least they keep up to the quality.

Redang Island itself is beautiful. But perhaps the next time I go there, I will stay at the Laguna. Why pay premium prices for Berjaya's lack of care? It's like a middle finger for those who bothered staying at their resort.

To Hamdan and his crew, you guys are amazing.",2026-02,not_applicable,
The Taaras Beach & Spa Resort,5.0,"4th time already, everything perfect",2026-02,not_applicable,
The Taaras Beach & Spa Resort,5.0,The resort and room was amazing the staff are simply wonderful they was so helpful I would recommend for anyone travelling to Redang the views was spectacular. 10 out of 10 .i will definitely return.Danny,2026-02,not_applicable,
The Taaras Beach & Spa Resort,3.0,"While the Taraas has the beautiful beach and location, the room badly needs an upgrading for such a steep price. The bathroom is quite smelly and you can tell it has not been refurbished for a while. We are saw lots of garbages at the west end side of the beach. The food is nothing ordinary except for the roti canai and char kuayteow. In addition, punctuality is non existant. We ended up waiting at the jetty twice and also we were late to take a boat back to mainland upon checkout as priority was given to the guests leaving to the airport.",2026-02,not_applicable,
The Taaras Beach & Spa Resort,5.0,"The Taaras Beach & Spa Resort (Redang Island) review. I stayed at The Taaras Beach & Spa Resort on Redang Island, Malaysia. In short: the water clarity is next-level, the resort feel is strong, and it's perfect for anyone who wants a relaxing stay -- a real reward-yourself resort. The beach was genuinely beautiful, with a perfect contrast between the emerald-blue sea and white sand. Mornings were quiet and great for photos (a very reel-worthy location). The room was spacious and felt clean, and the balcony view gave a real resort feeling -- my mood lifted the moment we arrived. Staff were kind too, and everything from the airport boat transfer to check-in went smoothly. Best of all was the not-too-crowded, hidden-getaway feeling. Good fit for couples' trips, girls' trips, and slow relaxing getaways. Redang itself still has relatively few Japanese visitors, so it's especially recommended if you want an overseas resort that doesn't feel crowded with people like you. Staff I particularly liked: Hamdan Rajab was very kind and helped a lot during our stay, and Sarah taught us about so many fish while snorkeling -- it was a lot of fun! It's enjoyable even in the off-season, so please go try it. A resort I'd love to return to and take it slow again.",2026-02,translated_manual,
The Taaras Beach & Spa Resort,5.0,"We stayed in the Cliff Bay Suite during our 4D3N stay and the room was absolutely spectacular. The view was stunning and truly one of the highlights of the trip.

A huge shoutout to the resort staff, the service was exceptional. Everyone genuinely went above and beyond at their respective stations, and you could really feel the warmth and dedication in their service.

We also did diving at the resort, and my partner completed her Open Water certification here. Our lead diver, Aiman, was incredibly patient, calm, and experienced throughout the entire process. From start to finish, he made the experience feel safe and enjoyable.

The only downside for us was the restaurant food. Given the premium pricing, we were expecting a higher standard in terms of taste and quality.

Overall, it was a wonderful experience, and we would definitely return mainly because of the amazing, friendly staff who truly made our stay memorable.",2026-02,not_applicable,
The Taaras Beach & Spa Resort,5.0,The coffee making by Hakim was superb also love the cookies. Will repeat again when i'm coming to taaras.,2026-02,not_applicable,
Berjaya Tioman Resort - Malaysia,3.2,"Room was run down. TV channels are limited, some channel no sound. Toilet door not able to close. Shower was very bad, shower head keep bending down. Even with the shower curtain, the whole toilet get wet. Mosquito issue. BF was not up to standard. Not worth the money.",2026-06,not_applicable,
Berjaya Tioman Resort - Malaysia,2.0,"The room has many things not working. The safe doesnt work so we have to carry our valuables with us. The lounge is broken. The bedsite light is falling off the hinge. We have trouble closing the bathroom and main door.

When I ordered food from the pool side the poor waitress who was been very helpful was harassed by the supervisor on the phone for not making us pay immediately as apparently we cant sign to our room. We are staying here for a week. Its not that we are going to run away",2026-06,not_applicable,
Berjaya Tioman Resort - Malaysia,5.0,very comfortable and cozy living. Special thanks to alia and effa as the receptionist for their patience and help with making our stay a lot more smooth and enjoyable. Highly recommended resort with many activities and games to play with family and friends. Hope to come back again.,2026-06,not_applicable,
Berjaya Tioman Resort - Malaysia,5.0,very nice and well organised,2026-06,not_applicable,
Berjaya Tioman Resort - Malaysia,3.5,The facilities is dated and needs upkeeping. The room are similar. Attention to detail in the restaurant would go a long way. The receptionist and buggy drivers are helpful. Breakfast spread is decen.,2026-06,not_applicable,
Berjaya Tioman Resort - Malaysia,1.0,"20260613 Saturday.
Today we took the Star Voyager to Tioman Island. Since we weren't prepared for any water activities, we decided to revisit some old memories at Berjaya Tioman Resort, where we stayed many years ago. A simple 30-minute walk from the terminal for a coffee and dessert sounded like a great idea.
But the adventure ended at the security post. Apparently, entering the resort requires an RM50 fee per person — even if you're just there for a coffee. Company policy, they said. 😄
So our most expensive ""maybe coffee"" ever ended before we even saw the menu. Well played, Berjaya. ☕💸😂",2026-06,not_applicable,
Berjaya Tioman Resort - Malaysia,4.7,Location by the beach was excellent and free pick up from jetty was great.  Staff very welcoming and friendly and food in restaurant taste and service was quick.  Only slight negative was the cabin accommodation which was clean and perfectly ok for a short stay but could do with some renovation and TLC.,2026-06,not_applicable,
Berjaya Tioman Resort - Malaysia,1.0,"Expensive, dirty and run down",2026-06,not_applicable,
Berjaya Tioman Resort - Malaysia,5.0,"Excellent!!!!!!!
I am super happy with the stayed
I am happy with hospitality of Captain Loovi and Encik Saiful. Many Тнαик уσυ(•ᴗ•)♥️тнαик уσυ(•ᴗ•)♥️
Also indeed super happy with the Room by the sea. It’s really awesome. Terima Kasih sangat sangat Encik Rixal and  Encik Haiziey. All of best and keep it up Team cheers cheers cheers",2026-06,not_applicable,
Pulau Payar Marine Park,5.0,The water was so clear you can easily enjoy snorkeling and swimming with the fish.,2025-01,not_applicable,
Pulau Payar Marine Park,5.0,Beautiful park with lots of wishes,2024-12,not_applicable,
Pulau Payar Marine Park,5.0,"Went there for charity event , nice place n private..you can see many type of fish direct n clear, limited visitor.",2024-12,not_applicable,
Pulau Payar Marine Park,5.0,"Even at low visibility, still enjoy the scuba diving.

1st day Dive site: Coral garden, KM Nyireh
2nd day: Boiler, Bawah Jetty.",2024-02,not_applicable,
Pulau Payar Marine Park,5.0,Interesting place for dive and snorkel too.,2024-01,translated_argos,
Sipadan Kapalai Dive Resort,4.0,"We had a fantastic few days of diving with a great team; the boats are in good condition and the guides are excellent. I'm not giving 5 stars because at mealtimes the place fills up with Asian guests who clear out everything very early, and a lot of things don't get restocked afterward, especially the more special fruit. We enjoyed everything except mealtimes. If you do a night dive, you need to let them know in advance, because you'll end up with no dinner at all even if you arrive before closing time. Breakfast is also pretty weak — no yogurt, for example, the bread is terrible, and the only cheese they offer is poor quality.",2025-05,translated_manual,
Sipadan Kapalai Dive Resort,5.0,"There are fewer tourists in the resorts. The sea is so clear that it can be seen everywhere, from a herring, from a starfish, from all kinds of hotfish, and from many turtles if you are patient. The weakness of the waterhouse is that it is hot at noon and the air conditioning in the room is not cool, so it has to move to the restaurant or elsewhere, and the room is not equipped for entertainment and suitable for reading and development. Most of the staff are polite and service-oriented. Food is normal. It's a remote sandland.",2025-05,translated_argos,
Sipadan Kapalai Dive Resort,3.0,"The location and setting of this hotel is wonderful as it is all over the sea and a long way from land. The water is clear and shallow and there is loads of sea life all around so it’s like one big aquarium all the time. Unfortunately that’s where the good news ends, the hotel is dated and needs some updating and repair. The shower does not have hot water and there is a hot water switch is impossible to know whether it is on or off and you have to wait 15 minutes to get any hot water. Even then there is no guarantee that you will get any. There are no phones in the room so you need to call a landline number, which is the main office on the resort to order a golf buggy to get transported to the main parts of the resort. A buggy is necessary as the distances are quite long and the Sun is very hot with no shade. The rooms are large so it is difficult to get them fully the air-conditioned, which is necessary as it’s very hot here. The food is for the Chinese which I understand makes up 80% of the guests. Even then it is not a good standard in my opinion. I went with Malaysian friends and they said the same and they love Chinese food. There is no entertainment other than diving or snorkelling sad the worry about snorkelling is that there are plenty of sea snakes. We saw eight over the two days and most of them are by the steps that go into the water. The staff said they are not dangerous, but it is still a concern as they are seriously poisonous. I would recommend this location to divers although I did not visit any of the dive sites but the people I spoke to said they were good. Other than that this place will not keep you entertained for more than a couple of days at most.",2025-05,not_applicable,
Sipadan Kapalai Dive Resort,5.0,"It's a very, very relaxing and empty resort, and the sea view is priceless. I've never seen a turtle so close, I've seen a lot of herds, I've got a bad Internet connection, I've got to go online to the counter, I've got no TV, I've got to get a rest, not a 3C product!",2025-04,translated_argos,
Sipadan Kapalai Dive Resort,2.0,"It's beautiful. It's relaxed.
The room is very large, but the air conditioning is very small and the machine is older, and it is essentially hot in the room during the day.
The island's consumption can be recorded on the number of the house, with only potential and aqueous lungs.
Also, a half-day trip, which was written in the commercial, was to sign up for the counter, but the fact is, you have to write in and pay cash or the treasure... a man's fee is 250 kilts, no money, no other solution, if you want to go to a half-day trip and bring more cash!

There's no free WiFi here, and if you want to buy the Internet with the counter, if you have to buy the local Internet, the room's signal will be unstable.

There's a golf cart in and out, but you need to have a cell phone to call, there's no phone in the room. If you don't happen to see a golf cart passing by your door, you'll have to come out and eat.

The rules of each room are not necessarily the same: some rooms are standard locales in Malaysia and others are international.",2025-04,translated_argos,
Sipadan Kapalai Dive Resort,4.0,"This is our second visit and we love everything about the resort. Staff is great, rooms are really nice and the tub is great for warming up after a dive. The dive center is top notch with great guides (good evening karaoke too!) Food is fine, but could improve. The big thing that bothered us both times was the staff at the Semporna jetty. This group is awful. They are not friendly, don't communicate with guests and generally ignore anyone who is going to the resort. Even worse on our return from the resort they let the van leave for the airport without us. No checking of guests or even letting us know what was happening and we were sitting in the reception area!",2025-03,not_applicable,
Sipadan Kapalai Dive Resort,5.0,Good for snorkeling and a relaxing holiday,2025-03,not_applicable,
Sipadan Kapalai Dive Resort,4.0,"Great diving, every dive was good with some being amazing!  Terrible food with a buffet of complete chaos as, people push, budge the line and reach over top of each other to make sure they got their share which was ridiculous cause there was plenty of food for all!  The rooms were large, clean, had AC and really nice views.  The staff were all friendly and the dive master/guide I had was excellent and made the diving really fun!",2025-03,not_applicable,
Sipadan Kapalai Dive Resort,5.0,My expectations were low when booking this due to previous average reviews. But I was pleasantly surprised. This place is stunning! It looks like it may have had a recent reno as well? |The food was great. The people are great. The diving is great. No complaints here at all! We saw turtles around the overwater villas everyday as well as so many schools of fish. Highly recommend this place!,2025-03,not_applicable,
Berjaya Tioman Resort - Malaysia,4.0,"Wonderful service and beautiful spacious room! Breakfast was a good Malaysian spread too. The ala cart menu could use an upgrade though.

The hotel connects to the beach. We through enjoyed our time here with the family.

The hotel also provided complementary rides to the main gate and jetty their buggy service.

The staff were all ever helpful and friendly. Would we recommend this resort? Yes! It is very family friendly with lots of facilities like game room, pool, gym and more!",2026-06,not_applicable,
Berjaya Tioman Resort - Malaysia,5.0,Family friendly hotel,2026-06,not_applicable,
Berjaya Tioman Resort - Malaysia,4.0,Convenient and amazing view of sunset,2026-06,not_applicable,
Berjaya Tioman Resort - Malaysia,3.0,"I had mixed feelings about my stay at Berjaya Tioman.

First, I would like to thank the front desk staff and buggy service team. They were friendly, welcoming, and always willing to help. They proactively informed us about the activities available at the resort, which made us feel valued as guests.

I would also like to compliment the diving team. The staff were professional, patient, and provided detailed explanations throughout the activities. Their friendliness and attention to detail made the diving experience enjoyable and comfortable, especially for guests who may be less experienced.

Unfortunately, the restaurant service was a completely different experience. The attitude of several restaurant staff members was disappointing. When we ordered lunch and coffee, the way they spoke to us came across as rude and lacking basic courtesy. What was more disappointing was that this was not a one-time incident. Throughout our four-day stay, neither my family nor I encountered friendly or pleasant service at the restaurant.

For a resort of this standard, guests should not have to feel uncomfortable when dining. I sincerely hope the management will look into this matter and provide better customer service training for the restaurant team. The friendliness of the front desk, buggy service, and diving staff deserves recognition, but the poor attitude at the restaurant significantly affected our overall experience.",2026-06,not_applicable,
Berjaya Tioman Resort - Malaysia,3.0,"love the environment, buggy's driver and room service attitude all very nice and kind.facilities all quiet old but still have to charge everything, even table tennis. some workers attitude very disappointing, so bad, treating guest like we owe them money! Saturday morning, one of the workers were chopping tree right beside my room at 8 am, next morning at 7 am they were cutting grass. had to call the reception to ask them to stop. Why are these duty done in the early morning when guests are resting especially during school holidays and weekends? Tot this is a resort to rest and relax?",2026-06,not_applicable,
Berjaya Tioman Resort - Malaysia,4.2,"Excellent location where hotel provide buggy services from room to any location inside the resort. Staff were all friendly and helpful with our needs. Delivering of items when we requesting also very timely. Reception counter also provide snorkelling, diving, and other water sports booking with reasonable charges. Renting of equipment also available if needed.  However, the sofa appeared to be a bit dusty below the cushion. Ants were seen inside the toilet sink. Otherwise the experience will be even more better.",2026-06,not_applicable,
Berjaya Tioman Resort - Malaysia,4.2,Great sea view and beaches. Private and serene,2026-06,not_applicable,
Berjaya Tioman Resort - Malaysia,3.0,Good hotel with lot of facility,2026-06,not_applicable,
Berjaya Tioman Resort - Malaysia,1.0,"Purposely located so that you need to pay extra to the hotel for transport to anywhere else beyond the resort. Facilities and rooms were mediocre for the price. Staff were absurdly rude, reception rolled their eyes and gave us an annoyed look when we asked to use the luggage room for 30 minutes. The staff at breakfast just told me 'No' without looking at me and ignored my follow up questions when I asked is this where I order roti canai.. at the roti canai station. Turns out the station would just keep cooking roti canai for anyone to take, but a short explanation/response would have been appreciated. What kind of service is this?

*Note that the diving prices are superbly inflated, with the cost of a refresher dive being more than 2x that of a normal dive. Straight up fleecing people who haven't dived in awhile because they need to take the refresher before going on any dives.

Absolutely would not recommend.",2026-06,not_applicable,
Berjaya Tioman Resort - Malaysia,5.0,"Overall good place , Ayura spa , trip C around the island",2026-06,not_applicable,
Pulau Payar Marine Park,1.0,"Tried to contact them, but both the phone number and the website are not for the park itself, but some shady tour operator. They refused to give me contact information to the park itself. I think they created a false listing and are just farming the reviews to get customers. Shady.",2023-10,not_applicable,
Pulau Payar Marine Park,5.0,"Ferry started from Langkawi and almost for 1 hour we travelled via sea, the first sight of the greenish water made my day and from then it was visual treat.
This was my first Snorkeling, and I was able to experience the beauty of green sea, coral, starfish, small whales & colorful fishes that came around us.

Worth to visit.
Thanks to my trip coordinator who asked me to skip island Hopping for this.",2023-08,not_applicable,
Pulau Payar Marine Park,5.0,"2012
People are relatively small and have a sense of hole.
Sorry, this entry is only available in Japanese.",2023-08,translated_argos,
Pulau Payar Marine Park,5.0,Great to have Ninety Nine Divers to organize your trip there.,2023-06,not_applicable,
Pulau Payar Marine Park,4.0,There's a lot of fast food and drinks.,2023-05,translated_argos,
Pulau Payar Marine Park,1.0,Wrong point location,2023-04,not_applicable,
Pulau Payar Marine Park,5.0,Malaysia Always be me and husband Favourite holiday destination. Malaysia is truly Asian. Pulau Payar Marrine Park is one of the most beautiful beach to visit⛱️  I am 100001 highly recommended you all please please go there. When there for our honey. The best place to be. I enjoy my scuba diving experience there. Very romantic island to be.,2023-03,not_applicable,
The Taaras Beach & Spa Resort,5.0,"A paradise hotel, a spectacular room, the staff welcome a big thank you to the captain and his acolyte, without which this adventure would not have taken place, thanks to Riri, Eddy, Flazy and the other staff members as well as to Hamdan always available and attentive. But the must is the beach, white sand a breathtaking ocean.",2026-02,translated_argos,
The Taaras Beach & Spa Resort,4.0,"It is well located, the facilities are relatively old, but the price is more expensive and the value is more general. The beach is good, it's good for surfing, it's very far away, and it's good for little people. It's still a fee for a delivery ship. It feels like this house is about as expensive as it is. If you live in a room by the mountain, pay particular attention to the monkeys.",2026-02,translated_argos,
The Taaras Beach & Spa Resort,5.0,"⭐ *Excellent Stay at The Taaras!*⭐We had a lovely stay at The Taaras. The resort is beautiful, comfortable, and very relaxing.Special thanks to Hasni (Activities Desk), Hamdan Rajab (Guest Experience Executive), for their excellent service and warm hospitality. We would also like to thank Eddy (buggy/van driver) for his kind help in finding my lost spectacles, truly appreciate his support and effort.Overall, a wonderful experience and highly recommended. We would definitely come back again! ⭐⭐⭐⭐⭐",2026-02,not_applicable,
The Taaras Beach & Spa Resort,5.0,Got an upgrade to the cliff premier suite!! Monsoon season but still amazing waters!!! U got to join the yoga sess! Amazing views,2026-02,not_applicable,
The Taaras Beach & Spa Resort,5.0,Hamdan always laughs and asks a lot if problems always solve everything. Very beautiful place.,2026-01,translated_argos,
The Taaras Beach & Spa Resort,5.0,"The restaurant is very good with a delicious selection of food. The staff are very friendly and helpful, making the dining experience more enjoyable. The view is also beautiful and calming. Very suitable for a vacation and relaxation",2026-01,not_applicable,
The Taaras Beach & Spa Resort,5.0,"The best service, very intimate and helpful staff. Snarling activity is best and regular. Thank you especially for Pn Hasni (Activities Desk) and all the staff at Taaras for excellent service. Highly recommended!",2026-01,translated_argos,
The Taaras Beach & Spa Resort,5.0,A very wonderful holiday at The Taaras,2026-01,not_applicable,
Pulau Payar Marine Park,1.0,Nothing here. Irrelevant location,2023-02,not_applicable,
Pulau Payar Marine Park,5.0,Must visit if come down to Langkawi .. famous for scuba and diving,2023-02,not_applicable,
Pulau Payar Marine Park,5.0,Wonderful place to visit in Langkawi. A must visit location.,2023-02,not_applicable,
Pulau Payar Marine Park,5.0,Sanctuary at its finest,2023-02,not_applicable,
Pulau Payar Marine Park,1.0,Wrong landmark..please remove this to avoid confusions,2023-02,not_applicable,
Pulau Payar Marine Park,5.0,This place is the best. Nak scuba diving to or enjoy the beauty to. She was pretty when she got out of the day. She's very pretty in the sea. You can hit the bottom. ♪,2023-01,translated_argos,
Pulau Payar Marine Park,5.0,"Located at Langkawi.
Must visit place.
The island gives a romantic feel and the beautiful scenery really perfect for snorkeling activities too!
Highly recommended",2023-01,not_applicable,
Pulau Payar Marine Park,5.0,"Definitely the place to go for an adventurous trip. An exotic marine park with lots of adventurous activities such as scuba diving, snorkelling (with gears provided) and so much more. They even provide packed lunch. ✨",2023-01,not_applicable,
Pulau Payar Marine Park,5.0,The view of the sea is very beautiful. I can learn to swim in this area. Pulau payar easy to access this area. Can photography with family or love.,2023-01,not_applicable,
Berjaya Tioman Resort - Malaysia,3.5,"Overall, everything was okay. However, it was quite strange that guests were not allowed to park their motorcycles inside the resort while the resort staff were allowed to do so. The resort is very large, and guests have to walk a considerable distance from the outside parking area.Although buggy services are provided, there are only two available, and the waiting time can be quite long. With so much available space within the resort, it would make sense to designate a parking area for guests' motorcycles. This would greatly improve convenience for guests.",2026-06,not_applicable,
Berjaya Tioman Resort - Malaysia,5.0,"Magnificent experience in celebrating our 2nd time here for our 20th anniversary ❤️ super friendly & accommodating staffs from reception, coffee house and land & sea recreation staffs especially Amira & Adli & the boatmen 🤩👍 we booked the sunset (31/5) & turtle trip (2/6) and both are very satisfactory 👍 a very pleasant & memorable experience for our anniversary celebration, thank you 💙 will definitely come again 🫰Our rooms 420 & 421 from 31/5-2/6.",2026-06,not_applicable,
Berjaya Tioman Resort - Malaysia,1.0,"For a 4 star hotel, the stay was disappointing. Hospitality is poor. Everything needs to be informed and repeated for any action to be taken. After we arrived on the port, we waited 15 mins for someone to pick us up. No one came. We had to call again for someone to come. They didn’t provide towels and floor mats for 2 rooms on the first night. I called housekeeping and waited for 20 mins but no one came (again…). Called the receptionist and someone finally came after 10 mins but they only brought 1 set.

The stay feels like a subscription service where I only paid for the base model but need to upgrade to unlock features. There’s a tennis court but rackets and balls are charged a fee by the hour. Same goes to other facilities on the resort ie. bicycles, pickleball etc. The buggy isn’t frequent enough. Just to get from the lobby to the entrance requires 15 mins of waiting at the lobby. They lock you into their service where restaurants and other amenities are far apart. To get out to the jetty, they offer a taxi service… for rm 50. When we checked out, another hidden fee was imposed for tax.

The rooms are old. No bidet, switches are broken, floorboards exposed. The stay isnt worth what we paid for. Will not come again",2026-06,not_applicable,
Berjaya Tioman Resort - Malaysia,1.0,"Not recommended for family with toddlers. The garden beach rooms are located at the back near the construction site. Need to use buggy to bring all the luggage. Room service really-really bad. Told us the room is ready but they did not provide towels inside. Called the receptions few times and wait for more than one hour only to receive it. Same goes to every single request e.g. bottle water or in room dining. Useless. Better to rent a bike and takeaway food from the outside then waiting their lousy service.

Beach is okay, not clear enough but can see fishes swimming around. Not many people.

Returned shuttle provided from jetty to hotel.

Really not worth the money. Choose another service provider if you want to come to Tioman.",2026-06,not_applicable,
Berjaya Tioman Resort - Malaysia,1.0,I would never advice,2026-05,not_applicable,
Berjaya Tioman Resort - Malaysia,5.0,more good,2026-05,translated_manual,
Berjaya Tioman Resort - Malaysia,4.0,"3 days 2 nights stay
My husband had a little mishap. Fell from motorcycle and suspected to dislocate his shoulder.  Management was so quick to respond to our medical situation,  providing transport to nearby klinik kesihatan and made the entire painful experience more bearable.
Totally appreciate Chef Law, the manager on duty that evening. He was super helpful & kind.
The rooms were quite aged & the towels and bedsheets were not smelling nice. Overall our stay was more than pleasant.
Service was good. They were quick to respond to any complaints regarding the rooms.
Special mention to receptionist Ms. Aliya who made our check in & check out a breeze. Thanks to all other staffs for being wonderful throughout our stay here.",2026-05,not_applicable,
Berjaya Tioman Resort - Malaysia,5.0,Clean and relax,2026-05,not_applicable,
Sipadan Kapalai Dive Resort,5.0,You're in the middle of nowhere. It's a unique experience. The giant turtles at night are beautiful. 💯 Recommended,2025-03,translated_manual,
Sipadan Kapalai Dive Resort,5.0,You dont have to go to Maldive anymore,2025-03,not_applicable,
Sipadan Kapalai Dive Resort,5.0,"In the morning, the driver arrived at the hotel to pick us up at Capalé's special pier, near the Dragon Gate Inn, on the 9:30 boat to Capalé Island. One of the visitors on the island spoke of caution, and after lunch we got the key to the room at 13:30. The first room was 54, the next day it was 82, and both rooms had a nice view, and we prefer 82, and here we can see an incredible sunset. There is also an area on the island for employees and military personnel, who we saw early in the morning at the water sports centre, the group of young men swimming in blood. It's not an island, but there's a beach out there. Looking at the sea, we saw a floating water snake, and even at night, a giant snake crawling down the stairs of the centre of the water movement to sleep on the platform, and we understood why the waterhouses here did not have a ladder to the sea. There's only one area that can be drawn near the centre of the water movement, and we've found three different species of fish, but it's a little smaller than the Jack and Wolves storms we saw in Shbadan. The next day, we went to the nearby island of Mabou with two other guests, under a 500-mega-dollar charter, to visit their homes, but to enter the most luxurious resort on the island would cost an additional 50 horse dollars each. The boat that left Capalé was on the 11 o'clock boat, and a sandwich was also delivered to the front desk for lunch. Returning to Capalé's special pier, he was taken to the airport, perfect!",2025-03,translated_argos,
Sipadan Kapalai Dive Resort,4.0,"went here to have lunch on our boat, didnt go to the resort.. looks expensive and luxurious",2025-02,not_applicable,
Sipadan Kapalai Dive Resort,5.0,"I just come for snorkeling. Kapalai is a wooden platform on a shallow sand bank in the middle of the ocean, and area around it just slope into the depth. if storm and thrill and money is not a problem to you, you can stay here.. i'd rather be on an island proper at least.",2025-02,not_applicable,
Sipadan Kapalai Dive Resort,3.2,It's beautiful. Food.,2025-01,translated_argos,
Pulau Payar Marine Park,5.0,popular site for snorkelling and diving.,2023-01,not_applicable,
Pulau Payar Marine Park,5.0,👍🏼👍🏼,2023-01,no_translatable_content,
Pulau Payar Marine Park,5.0,Pleasant location,2023-01,not_applicable,
Pulau Payar Marine Park,5.0,Crystal clear water that left you in awe as if you imagining it. This ocean paradise is a heaven to scuba divers and snorkels. It will totally be an experience to live for.,2023-01,not_applicable,
Pulau Payar Marine Park,5.0,I have a best experience snorkeling here. Beautiful coral and the water very clean and clear,2023-01,not_applicable,
Pulau Payar Marine Park,5.0,Holiday trip with clear sea water to swin. The servis here is very friendly and the room is good the area look nature beautiful. There also other attractions nearby but i like the sea more,2023-01,not_applicable,
Pulau Payar Marine Park,5.0,Suitable place for relaxing alone or with family and friends. Can go for snorkelling. Nice scenery and the water is so soooo jernih. I can see the fish clearly.,2023-01,not_applicable,
Pulau Payar Marine Park,5.0,"Scuba drivers, this is the best option for great adventure. The scenery was mesmerizing with blowing sea breeze makes ur day better. Highly recommend for camping or picnic plans.",2023-01,not_applicable,
Pulau Payar Marine Park,5.0,A must visit place while having Langkawi vacation. This place was so underrated but still one of the best to stay some day,2023-01,not_applicable,
Pulau Payar Marine Park,5.0,The best place to visit in Langkawi,2023-01,not_applicable,
The Taaras Beach & Spa Resort,5.0,"Really enjoyed my time at The Taaras. Clean, comfortable, and welcoming with delicious food",2026-01,not_applicable,
The Taaras Beach & Spa Resort,5.0,"Luxury hotel
Everything you need to eat. Beach, restaurant. The store is local only and a few cafes.

Of the minuses, you need to remove the beach while there are not many tourists and quickly. Lots of trash washed ashore.

The rooms are good, but the furniture needs repair or replacement.",2026-01,translated_argos,
The Taaras Beach & Spa Resort,5.0,"Staff very friendly and courteous.|Good service, accommodation top, food very good. If the weather plays along, nothing is missing. At Monsoon, however, we would not come back. Too high waves, rain, wind, etc.",2026-01,translated_argos,
The Taaras Beach & Spa Resort,5.0,"This resort war awesome. It has an amazing beach, nice facilities and lots to do",2026-01,not_applicable,
The Taaras Beach & Spa Resort,5.0,Wow what an experience. One of the most incredible secluded places. Shallow waters and warm plus the service was top notch. Picturesque!,2025-12,not_applicable,
The Taaras Beach & Spa Resort,5.0,"Going during the low season, we have the entire resort for ourselves. One of the best decisions, all the staff taking care of us with all our requests and providing a sort of complimentary things.",2025-11,not_applicable,
The Taaras Beach & Spa Resort,5.0,"Hello, we want to share our impressions after visiting this place. My husband and I were vacationing in November, the island met us with fantastic beauty, gentle sand, warm sea, scorching sun and wonderful hotel Taaras, where we spent our unforgettable vacation. We want to pay special attention to our hotel, without a doubt (and we have experience), it was great: firstly, almost everything is made of natural materials, secondly, our hotel is located in the most picturesque place on the island, and of course I want to say a huge thank you to all the staff: our manager, 24/7 she was in touch with us and led the organization, for perfect cleanliness and cleaning in the rooms, we thank the girls who did their work perfectly, for the excellent choice of breakfast dishes and individual approach to each guest, for attention, friendliness and care. Thanks again, we will definitely come back to you again.",2025-11,translated_argos,
Berjaya Tioman Resort - Malaysia,1.0,"After much consideration, I would not recommend anyone to book with this resort. I regret to say that it is not worth the RM 600 - 700++ per night stay and definitely not up to the standards of a 4 star hotel.

When we arrived last weekend, housekeeping carts were left beside our chalets, upon calling the lobby I was told that housekeeping has some rooms to clean later on nearby there so they left them (??!)
I asked them to please remove them as there were now already two carts in front of our stairs and multiple plastic bags of dirty towels.

All of us that stayed there got really bad bites from bed bugs!! They have still not healed.

The swimming pool is green and dirty. I was told they clean it everyday at 8am but in the 4 days I stayed, nobody cleaned it. Even the tiles were green and full of algae. The pool bar is closed down and abandoned and full of bird poop.

The beach only has a few lounge chairs at the most end of the beach and surprisingly exactly that area is not being cleaned. When we saw one of the staff cleaning the other part of the beach (with no chairs and no people), we asked them to kindly also clean the lounging area since there were cigarette buds etc. everywhere. We did also pick up the trash (not ours) ourselves but tbh I expect that a resort would maintain this.

We had two power outages throughout the stay - about 30 minutes.

The breakfast was good for most of the stay except for one morning there was spoiled milk in the coffee machine and milk dispenser. The coffee machine was not cleaned properly (rinse mode). Instead the team just replaced the milk carton and made one run-through with the new milk 🤢

I booked the hotel as I loved my stay at Berjaya Langkawi (very well maintained) but am honestly so disappointed in this resort from the Berjaya brand. It was really not worth the money and the trouble.",2026-05,not_applicable,
Berjaya Tioman Resort - Malaysia,5.0,"I had an absolutely delightful stay at Berjaya Tioman Resort. The hotel staff, particularly Suk Ma, went above and beyond to make my arrangements and adjustments as requested. Their attentiveness and professionalism were truly commendable. I felt incredibly well taken care of throughout my stay. I highly recommend the hotel for their exceptional service and hospitality. Only thing to suggest to make some arrangment fot insects although I understand its in the middle of a green area.

Overall a great vacation and a great hotel facilities.",2026-05,not_applicable,
Berjaya Tioman Resort - Malaysia,4.0,We felt comfortable. You should bring bathing shoes! The pool is not clean!,2026-05,translated_argos,
Berjaya Tioman Resort - Malaysia,5.0,"Service, facilities and foods are good. The places are great for the holidays and healing ✨",2026-05,not_applicable,
Berjaya Tioman Resort - Malaysia,5.0,unforgettable experience,2026-05,translated_argos,
Berjaya Tioman Resort - Malaysia,4.0,"Hospitality is the best! Room a bit old but clean. Ac working well and buggy service all the time! I tried the snorkeling trip, the best!",2026-05,not_applicable,
Berjaya Tioman Resort - Malaysia,5.0,"Stayed at Berjaya Tioman Resort for 3 days and 2 nights and honestly it was such an amazing experience. The view was absolutely beautiful, the rooms were very comfortable, the food was great, and all the staff there were very friendly and welcoming throughout our stay.

A special thank you to Aidil from the land & sea activities team who was super helpful throughout our stay. He answered all our questions and really went above and beyond to help with everything we needed.

Also thank you to our snorkelling guide, Afiq, who was such a nice and patient person. He taught us so many things about snorkelling and even helped us search for one of our missing snorkelling devices.

The buggy boys were all very efficient and friendly, and the receptionists were great as well. We also had a lovely experience with Chef Tom from the breakfast buffet — he was very friendly and we had such a good conversation with him during breakfast.

Overall, this was one of the best resorts I’ve stayed at and I would definitely come back again!",2026-05,not_applicable,
Berjaya Tioman Resort - Malaysia,5.0,Amazing service,2026-05,translated_manual,
Sipadan Kapalai Dive Resort,5.0,"One of the most beautiful places we've ever been. You can't quite agree with other people's opinions. In our cottage there was air conditioning and additionally 2 windmills. There is one main place to snorkel, additionally 2-3 other places where you can snorkel if there is no outflow (or people would trample the coral reef). The food was delicious, a big choice. Service is nice and helpful. In fact, the Internet is working poorly and there is no TV, but I do not think that in such circumstances it is necessary. We recommend!",2025-01,translated_argos,
Sipadan Kapalai Dive Resort,0.5,"I can't believe that the hotel health-care environment is so bad, the hotel room is so poor, the health-care environment is so bad, the towel is so gray, it doesn't feel like it, the floor is dusty, the air-conditioner is bad, the toilet is bad, there's no electricity in the fridge, the hotel's wood floor is all bolted, so people and cars are going to sound. No phone, no Wi-Fi at the hotel. Call the bus and get the waiter out of the lobby. It was supposed to be a quiet place to enjoy nature, but every morning at more than 6:00 a.m. it woke up the noisy wood floors.",2025-01,translated_argos,
Sipadan Kapalai Dive Resort,5.0,"Resort on water, love every bit of it. Food is good too.",2024-12,not_applicable,
Sipadan Kapalai Dive Resort,4.0,"Dive around, no room.",2024-11,translated_argos,
Sipadan Kapalai Dive Resort,5.0,This resort is built in the Coral Reef it's a dream destination|I was in awe|There is quite a lot of travel to get here|Semporna is the port from where you get the speedboat.. Approx 90 mins across the sea. Our crossing was quite rough waves but the captain was quite skilled to get us there safely|Once at the dock you get up onto the decking... Slitted platforms above the sea|And welcomed to a large hall area which is the dining room.|Welcome juice and flannels|This was quite a wait and I thought the staff did not provide enough information to us.. We felt we were hanging around.. None of the staff communicated with the guests for nearly an hour... And they were waiting for other guests arriving before a welcome type meeting and Information about the resort|We were also waiting for the accommodation to be cleaned.. They did not tell us|Lunch started a big buffet style meal with a Lot of choice... Everything was fully inclusive and extras had to be charged to your accommodation number|We were left to explore and once the rooms were ready a golf buggy transported us to our room... Which was amazing|See photos|Large wooden rooms with private facilities and terrace all private with a view to the ocean an coral reef|Amazing|Good air conditioning and fans|Kettle and water and tea bags|Toiletries and towels|Extremely well sized and comfortable|Dive centre for scuba and snorkeling .. All well organised|Enjoyed this tremendously|I rent a go pro camera great service and footage transferred|Meal times at|Set times throughout the stay and can be busy|But it was all good varied choices for all tastes|Lots of seating and relaxing areas to enjoy the Coral and ocean|Staff very friendly|,2024-11,not_applicable,
Pulau Payar Marine Park,5.0,"Calm.. nature calling. Easy to access, they have resort/rooms to stay too. You can also do snorkeling here.
First time went here Langkawi with my classmates, for fieldwork. But I came again, duo travel with my cousin because I love Langkawi so much. Pulau Payar is one of our checklist and it's worth it to come here !",2023-01,not_applicable,
Pulau Payar Marine Park,5.0,A fun and adventourous for me. Can bring kids here. Very enjoy to scuba. Very fresh air and water,2023-01,not_applicable,
Pulau Payar Marine Park,5.0,the water here is very clear. went for snorkeling and you can see the fishnand coral in the bottom of the sea,2023-01,not_applicable,
Pulau Payar Marine Park,4.0,"A really great Marine Park, a must go place. There are many water activities available such as scuba diving, snorkelling, diving and more.Those who want to vacation with family and friends are highly encouraged to visit this island",2023-01,not_applicable,
Pulau Payar Marine Park,4.0,Nice place ever,2023-01,not_applicable,
Pulau Payar Marine Park,5.0,"Looking for island that is not overrated but the quality is tip top? You should visit this place. Great for family gatherings, snorkelling and of course the fantastic view!",2023-01,not_applicable,
Pulau Payar Marine Park,5.0,"One of my snorkeling and diving bucket list, and I have achieved this list! the water is clean. ab lot of fishes swimming around when snorkeling",2023-01,not_applicable,
Pulau Payar Marine Park,5.0,Nice,2023-01,translated_argos,
Pulau Payar Marine Park,5.0,"The most appropriate place for a healthy & healing mind. For those of nature's lovers, this place is very appropriate. Clean & blue sea &",2023-01,translated_argos,
Pulau Payar Marine Park,5.0,Beautiful island on the step.,2023-01,translated_argos,
Berjaya Tioman Resort - Malaysia,5.0,Delighful stay here! Staff was friendly & helpful esp staff named Amira at Land & Sea Activities counter. Joined the island hoping cause of her marketing skills! 😘,2026-05,not_applicable,
Berjaya Tioman Resort - Malaysia,5.0,"great service by amira, she did a great job in promoting the snorkelling activities to us",2026-05,not_applicable,
Berjaya Tioman Resort - Malaysia,4.2,"Family-friendly with excellent and helpful service from day one of check-in. The team responds promptly to every request and ensures all your needs are well taken care of.This was my daughter’s first island trip, and she truly enjoyed the wonderful hospitality, memorable experience, and lovely birthday cake surprise.They also provide punctual pick-up and drop-off service between the jetty and hotel, with helpful ferry time reminders to ensure we didn’t miss our departure.",2026-05,not_applicable,
Berjaya Tioman Resort - Malaysia,5.0,Everything was nice. Super helpful stuff… Beautifil area .,2026-05,not_applicable,
Berjaya Tioman Resort - Malaysia,5.0,"Quite a beautiful resort, but expensive. You can snorkel from the beach. Nice swimming pool.",2026-05,not_applicable,
Berjaya Tioman Resort - Malaysia,5.0,"Excellent service from very warm and  helpful.staff. We enjoyed coral island tour with Mubin who went the extra mile to bring us to see Dolphins. He also helped to look after a toddler and encouraged those who were  first timers in snorkelling. We got to see Dolphins because of him. Hotel staff, Aidil was very kind and helpful. Amirah, an intern, is warm.and friendly. She is doing well despite having just completed  the first month of her internship.",2026-05,not_applicable,
Berjaya Tioman Resort - Malaysia,5.0,Nice place to visit,2026-05,not_applicable,
Berjaya Tioman Resort - Malaysia,5.0,One of the best vacay highly recommended,2026-05,not_applicable,
Berjaya Tioman Resort - Malaysia,5.0,Its a very chill and relax places.  Very helpful staff who helped me to resolve my problems during my stay.,2026-05,not_applicable,
The Taaras Beach & Spa Resort,5.0,They make it crazy. It's all good.,2025-11,translated_argos,
The Taaras Beach & Spa Resort,5.0,The employees are so attentive. The beach is splendid.,2025-11,not_applicable,
The Taaras Beach & Spa Resort,4.0,"Overall it's a great resort. Food was okay, not extraordinary. Chin, Maria both entertained with beautiful love singing at night. Jessica, Putri, Sophia and yanti were polite and friendly.",2025-10,not_applicable,
The Taaras Beach & Spa Resort,5.0,"Great experience, wonderful service, just too expensive:)",2025-10,not_applicable,
The Taaras Beach & Spa Resort,5.0,"It may depend on the season, but the seawater looked as clear as in the Maldives.
The view from the room was breathtaking.
I really enjoyed snorkeling walks with the children—we even saw a turtle.",2025-10,not_applicable,
The Taaras Beach & Spa Resort,5.0,"We stayed at Taaras Beach & Spa Resort for 3D2N. We arrived early aroind 12.30pm and they allowed us for early check in aa the room was ready.
Their staff were very friendly and helpful.
Starting from information requisition to booking to managing our stay till our departure at the jetty was very smooth and well managed.",2025-09,not_applicable,
Sipadan Kapalai Dive Resort,3.0,"A place of remorse,haha",2024-11,not_applicable,
Sipadan Kapalai Dive Resort,5.0,Good.,2024-10,translated_manual,
Sipadan Kapalai Dive Resort,5.0,Superb just like Maldives,2024-10,translated_argos,
Sipadan Kapalai Dive Resort,4.7,The sea was so clear. Sea turtles can be seen from the balcony every night. very nice diving coaches. Highly recommended.,2024-10,not_applicable,
Sipadan Kapalai Dive Resort,5.0,The view is so beautiful that every single place on the island can be filmed. Go on.,2024-10,translated_argos,
Sipadan Kapalai Dive Resort,5.0,My bucket lists with my loved ones,2024-09,not_applicable,
Sipadan Kapalai Dive Resort,2.0,"The location is sensational, over water bungalows where you dive straight into crystal clear waters for snorkelling.||There are lots of cons though, many of which are directly due to poor management decisions. I agree with other reviews that the food is barely edible, the buffet is drenched in oil, has limited options and mainly focuses on Chinese cuisine (which is strange for a resort in Malaysia). While some rules are for guests enjoyment, there are oppressive restrictions on when and where you can go snorkeling, which is outrageously hypocritical when hundreds of day visitors can snorkel directly outside the bungalows. There is no privacy. There is also no value given to the environment and protection of the precious water life, we saw visitors harassing the turtles and not giving them distance and space to even breath.||So we had some nice moments, but it’s not worth the price and hassle.",2024-09,not_applicable,
Sipadan Kapalai Dive Resort,2.0,Don’t stay here unless you’re a diver. It won’t meet your (Western) expectations and you won’t enjoy it,2024-09,not_applicable,
Sipadan Kapalai Dive Resort,5.0,paradise middle in the sea,2024-08,not_applicable,
Sipadan Kapalai Dive Resort,5.0,"The best resort in semporna,  everything is prefect.. must go there enjoy and relax 😌 😉",2024-08,not_applicable,
Sipadan Kapalai Dive Resort,1.0,600 € per night for a 3 star hotel in a remote location? Are you insane??,2024-08,not_applicable,
Sipadan Kapalai Dive Resort,1.0,"I am here at the Kapalai Resort for 3 days 2 night stay. I am disappointed with some of items listed below:
1. Air conditioning: The only one air conditioner is working but because of the room space is large, I am sweating in the room the whole day. The room designing is not practical. The room should have at least 2 air conditioner.
2. I was force to buy wifi data because there is no wifi supply by Kapalai resort. What a ridiculous step taken by Kapalai Resort just to sell wifi data to customers?",2024-08,not_applicable,
Sipadan Kapalai Dive Resort,1.0,"Nice place, that's all.
Rooms - The room is large, but the air conditioner is only a small one, it is too hot to stay in the room, sweating and no signal, and only answers can be received from the “Buy the network” when you come to the front desk. There are no doors, no curtains, and it is difficult for ordinary families to stay together during bathing hours, except for couples. There's no TV.
2. The sea view is beautiful, but the room where residents are allowed to dive is smaller than the one open to outsiders. In the morning, you won't have a place to swim.
3. The lack of a signal or a network is a real inconvenience. The room is far from the restaurant and there is no way to call a car. Imagine you have to walk nearly 500 meters and walk for 15-20 minutes without a shelter.
4. The whole resort is unconcealed, even from office to restaurant, and it's not going to rain.
It's awful. It's not supposed to be like this.
There's nothing special about food. Just eat well.

It's a waste of such a beautiful view.",2024-08,translated_argos,
Sipadan Kapalai Dive Resort,3.0,"We stayed for two nights in the bungalow number 58 and there were immediately problems on arrival: there were no curtains and on my request there were not suitable curtains; you could not also use the tub and then the shower was made outside, outdoor, as a result I reported several mosquito bites. Food is suitable for Chinese customers but, in the end, something could be eaten. The location and the island are spectacular because it looks like an open-air aquarium.",2024-08,translated_argos,
Sipadan Kapalai Dive Resort,1.5,"the transfer boat from Tawau Airport to the property is troublesome. The booking includes an airport pickup and boat transfer to the property but only at a fixed time per day. You need to be in Tawau Airport no later than 10:00am local time to use the pre-booked service. The time is very tricky and has very limited airline and easy to miss then they charge $321.26 to re-arrange pick up from Tawau Airport.Based on research, 1.5hr bus from Tawau Airport to port is RM25 (Malaysia currency, about $5.56) per person. Then 45min boat transfer to the property. The boat condition is super ugly which might not permit to carry passengers in United States. The boat condition like a multi-hand used fishing boat you can buy from cralist for less than $3000. However, the total charge is $321.26 for such transport services.After arriving in hotel, the hotel service is also very poor which I think it can not match a motel in United States. No phone in the room to connect to the front desk: you need use you own cell phone to call front desk and usually the signal is too poor to make a phone call. No enough shower towel either and hot water run out quickly during shower. What’s more, you need to pay extra to purchase internet. Price is ok but slow which can not make stable video conference which is super unfriendly for people need to work while traveling",2024-08,not_applicable,
Sipadan Kapalai Dive Resort,5.0,"Most amazing place for diving. fantastic Dive team and service team. Only problem is that it is now more a Chinese tourist hotspot of non divers, than a true divers paradise like it used to be. Special thanks to Dive master Wie for some amazing dives at Sipadan and around Kapalai.",2024-07,not_applicable,
Sipadan Kapalai Dive Resort,4.5,Company   Home,2024-07,translated_argos,
Sipadan Kapalai Dive Resort,3.0,"We did snorkeling there but it was nothing special. I would prefer other island for snorkeling, not resort islands.",2024-07,not_applicable,
Sipadan Kapalai Dive Resort,2.0,"Kapalai honestly is more for diver to stay as kapalai have a big diving centre and mainly for relax without other activity.||~Kapalai no WiFi in the room||~Kapalai no telephone service and no mobile network in the room. Even they provide buggy service but is useless because no signal for you to call the buggy service.||~Kapalai no TV in the room. The room just for sleeping.||~Kapalai no Spa and massage service ||- Kapalai no gym service.||- Kapalai always encounter electric circuits trip in the room especially at night. ||~Kapalai snorkeling is not including in the package, need to pay separately||- Kapalai The socket in the room mostly not function. ||~Kapalai during night is very dark at the hallway while walking to the room. Need torch light if walking alone in the hallway.||~Kapalai no hot water in the room. The hot water is useless because even on for 30 minutes still cold water.||* But the only good thing in Kapalai is you can see sea turtles everyday even beside your room if you are lucky.||* Kapalai have better privacy as they only serve in house guest and no outsider visitor allowed in Kapalai.",2024-06,not_applicable,
Berjaya Tioman Resort - Malaysia,5.0,"Me and my family went here for five nights and there was so much to do and soo good staff, good food for people with diet (celiakic)🥰😊🍉✈️✈️🏖🦀🍇🍉🍌🍋‍🟩🥭🐒",2026-05,not_applicable,
Berjaya Tioman Resort - Malaysia,5.0,Interesting place.. the staff's complete ease all helps and cues.. are suitable with family.. food is all delicious and many choices..,2026-05,translated_argos,
Berjaya Tioman Resort - Malaysia,5.0,great experience. rooms is a bit run down. but still acceptable,2026-05,not_applicable,
Berjaya Tioman Resort - Malaysia,5.0,Great service and amenities,2026-05,not_applicable,
Berjaya Tioman Resort - Malaysia,5.0,"Very convenient and nice environment. Shuttle service is good. Food is good toooooooo, we had our breakfast lunch and dinner all in the resort itself.",2026-05,not_applicable,
Berjaya Tioman Resort - Malaysia,5.0,Great service and great staff... highly recommended,2026-05,not_applicable,
Sipadan Kapalai Dive Resort,5.0,高知県   True Sado,2024-06,translated_argos,
Sipadan Kapalai Dive Resort,2.0,"Undoubtedly great view, but that’s it.

This spot has tons of dead coral, plastic bottle and trash are visible throughout during our stay for 3 days.

Please note that this hotel has absolutely nothing to offer other than scuba diving.

Food are bad, really bad
Rooms are bad for the price, hotel owner milk every single cent out of it without upgrading it facilities. Faulty balcony door, damaged soap dispenser, leaking mini fridge, Terrible room amenities.

Uses plastic bottle instead of water dispenser. Such facilities should promote green practice, not environment friendly at all despite being located in Sabah ocean conservation park.

I believe this place could have alot more sea turtle.

Conclusion : this place is definitely overrated, but it’s a great experience to be able to jog on the wooden deck in the middle of ocean.",2024-06,not_applicable,
Sipadan Kapalai Dive Resort,5.0,"Stayed at the resort for my dive trip. From pick up at the airport till transfer to the airport on the last day, the service was reasonably good from the different staff. The accomodation was tidy and importantly, well maintained. Food spread was good and there were ample places for eating. Nice surroundings. Good place for those who want to lay back and enjoy tranquility.",2024-06,not_applicable,
Sipadan Kapalai Dive Resort,3.2,"Adress: No. 5 Yard, 7th Guanggu Street, Badaling Economic Development Zone, Yanqing District, Beijing, China",2024-06,translated_argos,
Sipadan Kapalai Dive Resort,3.0,"The hotel is very nice, but a little dated, the rooms are clean and the view is breathtaking. Unfortunately the restaurant is of really low quality and there is little choice for vegetarians/vegans, so often there are the same things as the day/day before. The diving centre is ok, nothing more. Our guide made very quick briefings and little information. Sott’acqua went very fast and didn’t care much about divers with him. Fortunately there were always two guides and our group was quite homogeneous and experienced. Dives in Sipadan are beautiful, but Mabul is nothing. It would always be necessary to try to go to Sipadan, but rightly they give the possibility to all to go then alternate between one and the other. Snorkeling around the resort can only be done in restricted areas. . ♪ |The staff of the hotel and diving has always been very kind and helpful. || In general, the care of the environment seemed little careful, being a resort completely on the water, you should avoid mozzicons in water and plastic bottles left to chance. They indicate that if you waste buffet food they can give you a surcharge, but in practice did not control anyone. And food wasted, unfortunately, we've seen so much. Wifi has been unusable because there is no field, but if you have a good roaming it works a bit everywhere.",2024-05,translated_argos,
The Taaras Beach & Spa Resort,5.0,Great experience! All the staff were in the care for us and especially hamdan! I highly recommend!,2025-09,translated_argos,
The Taaras Beach & Spa Resort,5.0,"Our experience at Taaras Resort was absolutely superb, largely thanks to the incredibly friendly and helpful Adam. He went above and beyond to assist us with everything we wanted to explore, making our trip truly unforgettable. From the turtle snorkeling to the stunning Redang exploration, it wouldn't have been the same without his guidance. We are so grateful to have met Adam during our stay, and we can’t thank him enough for making our time there special. We hope to return soon!",2025-09,not_applicable,
The Taaras Beach & Spa Resort,4.0,"We loved our days in the Taaras, in a spectacular setting. Unfortunately, the room we had scheduled would be in need of some maintenance, particularly as regards the isolation of the windows and rooms, so we had several lizards and animals entering the bedroom. With the room change and the upgrade they gave us, we were very pleased. ",2025-09,translated_argos,
The Taaras Beach & Spa Resort,4.0,✅️😍👌🫰🤝✌️👍,2025-09,no_translatable_content,
The Taaras Beach & Spa Resort,4.0,"Good experience in this hotel, with some flaws. The hotel was clean, the pool and the beach were clean. The friendly staff, and the meals were good. For defects: services are very expensive.. And above all, we had 1 hour of free kayaking, but we didn't want to leave our 9-month-old baby sitters, so we asked if it was possible for us to take advantage of another service instead. And the answer was not categorically. We do not find this normal knowing that we paid more than 1700 euros for 5 nights..",2025-09,translated_argos,
The Taaras Beach & Spa Resort,3.0,"​I recently stayed at The Taaras and unfortunately, my experience was quite disappointing, especially considering the price of over $400 USD per night. The resort did not meet my expectations.
​The property feels very old, especially the room. While it was spacious, the furniture was outdated, the bed was uncomfortable, and the bathroom had an unpleasant smell.
​On the positive side, the beach was beautiful and the staff was generally friendly and cordial. However, I had a very unpleasant experience at the pier where a security guard rudely took the hotel towels from my hand as I was taking them onto a private boat. This kind of attitude is unacceptable, especially given the high cost of the stay.
​Another major issue was the cleanliness; the sun loungers on the beach were dirty and there were a lot of flies and mosquitoes everywhere.
​Overall, I feel this resort is overpriced for what you get.",2025-09,not_applicable,
The Taaras Beach & Spa Resort,5.0,Very great 👍,2025-09,not_applicable,
The Taaras Beach & Spa Resort,5.0,"I had a truly wonderful stay at The Taaras. The resort itself is breathtaking, but what made my experience unforgettable was the people. A very special thank you to Mr. Azmi for his outstanding hospitality – he was attentive, professional, and always made me feel genuinely welcomed throughout my stay. His warmth and dedication truly reflect the high standards of The Taaras. I would also like to thank Irfan for his kind help to bring us watch the turtle. The Taaras is not only a stunning getaway but also a place where guests are treated with sincere care. I truly enjoyed every moment here and will surely come again. Thank you for the great experience.",2025-09,not_applicable,
Pulau Payar Marine Park,5.0,Really great place for snorkelling 👍🏻🌳,2023-01,not_applicable,
Pulau Payar Marine Park,5.0,beauty and peaceful marine park,2023-01,translated_argos,
Pulau Payar Marine Park,5.0,"love it adventure vibes! If island hoping us in your list or not, you still have to do this by taking a day trip to this exotic marine park.",2023-01,not_applicable,
Pulau Payar Marine Park,5.0,very nice place to snorkeling.,2023-01,not_applicable,
Pulau Payar Marine Park,5.0,I will never forget the activities I experienced here❤️❤️ The scenery such a pleasure to my eyes.. Everything is amazing 🌹🌹🌹,2023-01,not_applicable,
Pulau Payar Marine Park,5.0,A must visit place and best experience ever. Surely will repeat!,2023-01,not_applicable,
Pulau Payar Marine Park,5.0,Want to somewhere like Phuket come to this Island you won’t be regret!!!,2023-01,not_applicable,
Pulau Payar Marine Park,5.0,Best for travel & vacation place,2023-01,not_applicable,
Pulau Payar Marine Park,5.0,Good snorkelling experience,2023-01,not_applicable,
Pulau Payar Marine Park,5.0,The best place and nice view..highly recommend!,2023-01,not_applicable,
Berjaya Tioman Resort - Malaysia,5.0,Good place for team bonding,2026-05,not_applicable,
Berjaya Tioman Resort - Malaysia,5.0,Clean rooms and great location! Will be back real soon :)),2026-05,not_applicable,
Berjaya Tioman Resort - Malaysia,5.0,Great experience. Rooms are tidy and reception is good.,2026-05,not_applicable,
Berjaya Tioman Resort - Malaysia,4.0,"The resort is beautiful, complete with all the facilities.. It's just, the room was a bit rundown for the premium price it offered. Had a little improve... but still getting comfortable on the island..

In order to make training, the board is provided.. delicious food..",2026-05,translated_argos,
Berjaya Tioman Resort - Malaysia,4.0,Good services from Berjaya Tioman. Will come back soon,2026-05,not_applicable,
Sipadan Kapalai Dive Resort,5.0,A place of search with standardized processes. The diving center is super functional with a super nice team. The artificial house reef is top and there is something to see at any time. Sleeping comfort in Villa 19 top. The food is ok and people are super nice,2024-04,translated_argos,
Sipadan Kapalai Dive Resort,5.0,"Wonderful resort that provides great service. Fishes, star fishes and turtles can be seen easily in the water.",2024-04,not_applicable,
Sipadan Kapalai Dive Resort,5.0,"The only word to define this place is… PARADISE. Oh my gosh! It is unbelievable, it seems unreal. And especially the service provided are high standards, much better than what you can expect. The rooms are fantastically cleaned and designed. This is a VERY HIGH RECOMMENDATION",2024-04,not_applicable,
Sipadan Kapalai Dive Resort,1.0,"customer service MIKO, very bad attitude and bad service‼️",2024-03,not_applicable,
Sipadan Kapalai Dive Resort,5.0,Great,2024-03,translated_manual,
Sipadan Kapalai Dive Resort,5.0,"It's a beautiful place. It's full of underwater submersibles.
It's not a drawback, it's an experience.",2024-03,translated_argos,
The Taaras Beach & Spa Resort,3.0,{% if (imgObj.width >= imgObj.height) { %},2025-09,translated_argos,
The Taaras Beach & Spa Resort,5.0,I must say about the food and beverage restaurant manager en Rizal. Look for him regards to your meal. En saiful at hotel buffet. Florina at front desk.,2025-09,not_applicable,
The Taaras Beach & Spa Resort,2.0,"Overall Impression
Except for the view, everything else fell far below expectations. I paid nearly RM6,000 for 2 nights, but the stay was nowhere near worth the price. This is not a 5-star resort—it is closer to 3-star. The property relies solely on its location while neglecting service, facilities, and maintenance. Unfortunately, other guests have raised similar issues in past reviews, and it is clear that no real improvements have been made.

Ratings
•	Price/Value: 2/5
•	Scenery & Location: 4/5
•	Facilities: 2/5
•	Access: 2/5
•	Service Quality: 2/5
•	Dining: 1/5
•	Cleanliness: 3/5

Beach & Location
The white sand beach was beautiful, clean, and well maintained. The view from the Cliff Bayview Suite was stunning. On this point alone, the resort deserves 5/5.

Room & Facilities
The suite was poorly maintained: TVs did not work, the air conditioner was broken, the floors felt gritty, and the bed mattress was uncomfortably hard. Bathwater was yellowish and cloudy, and tap water had a strong unpleasant smell. In-room dining dishes were left in the hallway for over two days. The bathroom amenities (L’Occitane) had an overly strong, chemical scent.
There were also two large flies inside the room, which gave a very unclean.This did not feel like a 5-star resort.

Check-in / Check-out & Service
While early check-in was allowed, overall service was unfriendly and mechanical. The welcome drink was handed out carelessly. The check-in process was rushed, with no explanation of facilities or activities. At check-out, staff simply processed the paperwork with no smile, no feedback, and no hospitality.

Dining
Breakfast was poor: hot dishes were already cold, the selection was limited, and seasoning was extreme. Complimentary soft drinks were only high-sugar choices (Fanta, A&W, Coke). Overall, the food quality was closer to 3-star level.

Activities
The snorkeling tour was disappointing: many corals were bleached, fish variety was low, and the sea was overcrowded with tours from the nearby public beach.

Other Issues
Wi-Fi did not work. Hot water took over 15 minutes to arrive and quickly turned cold. Guests had to set up their own sun loungers and collect towels from the counter. No complimentary water was provided.

Access
The resort is difficult to reach: 1-hour flight from Kuala Lumpur to Kuala Terengganu, another 1-hour drive to the jetty, and then a 40-minute boat ride. For international travelers, it is a long journey with little reward.

Please do not respond with a generic template reply. What matters is genuine improvement. As long as repeated guest concerns remain unaddressed, this resort will continue to disappoint.",2025-09,not_applicable,
The Taaras Beach & Spa Resort,1.0,The staff is amazing except the room is outdated. Resort should do something on it.,2025-09,not_applicable,
The Taaras Beach & Spa Resort,5.0,"I had the pleasure of staying at The Taaras Spa & Resort for five days, and it truly felt like an escape to paradise. The location is breathtaking, nestled in a stunning natural setting that immediately makes you feel relaxed and at peace.

The services provided were excellent — from the sunbeds and umbrellas on the beach to the wide range of activities and excursions, everything was well organized and enjoyable. The breakfast buffet was rich and offered a great selection of international options, while lunch and dinner at the resort’s various restaurants were consistently delicious.

What really stood out to me was the service: the staff were exceptional — attentive, kind, and always eager to make guests feel comfortable. The cleanliness of the rooms was also impressive and contributed to an overall sense of care and attention to detail.
If I had to mention one drawback, it would be that the rooms feel a little dated and could benefit from some modernization. That said, this is a minor issue compared to all the positives.

Overall, it’s a wonderful destination for anyone seeking relaxation, great service, and unforgettable experiences. I would definitely recommend it and would love to return.",2025-09,not_applicable,
The Taaras Beach & Spa Resort,2.0,"The Taaras Resort has a beautiful beach and friendly staff, but overall, it doesn’t meet 5-star expectations. The room felt ordinary, several items didn’t function properly, and cleanliness was below standard — stains on the toilet bowl, pillowcases, and towels.

The pricing is unreasonable for the quality provided. Food is overpriced and not particularly good; even the BBQ was underwhelming and wasn’t by the beach as expected. Private snorkelling and fishing trips are also charged at steep rates.

While the location is lovely, the experience as a whole feels far from 5-star value.",2025-09,not_applicable,
The Taaras Beach & Spa Resort,1.0,"Please don’t stay in this hotel , The food here is awful — you leave the restaurant still hungry. The rooms are outdated and badly need renovation. This hotel is definitely not worth the money you pay. The manager of the hotel ( the wamen wearing in yellow ) was so rude !",2025-08,not_applicable,
The Taaras Beach & Spa Resort,5.0,Best yoga in the world with the wonderful Bruce!,2025-08,not_applicable,
Berjaya Tioman Resort - Malaysia,5.0,"The resort located here in Tioman is very tranquil, and peaceful. The views are amazing and breathtaking. Although the sun gave me serious sunburns, it still doesn't beat the very amazing moments I have gathered here in this resort. Also, a female staff, named Jasper, is very engaging and friendly towards the staff. Though, she can't really communicate on Malay fluently, she tries her best to make every guest feel at home when arriving to the resort, and gives us a very heart-warming feel during my stay at the resort. I really loved my time during my stay here at the resort, and hope to return sooner for my next vacation! ❤️🫰",2026-05,not_applicable,
Berjaya Tioman Resort - Malaysia,5.0,The places is really nice and cozy. Suitable for family trip even for 1 days.. the facilities are nice and the staffs hospitality is at the best..,2026-04,not_applicable,
Berjaya Tioman Resort - Malaysia,5.0,"I stayed 5 nights in a beachfront suite in April 2026.   It was just a few metres from the beach, and the main swimming pool was not much further.",2026-04,not_applicable,
Berjaya Tioman Resort - Malaysia,5.0,Overall is good. Nice environment and scenery. Just that the bed might be a bit short for tall people 😂,2026-04,not_applicable,
Berjaya Tioman Resort - Malaysia,5.0,"Resort is huge (covering a long stretch of beach) and quiet. Great place for a relaxing vacation. Food was surprisingly good, and also reasonably priced. Service is outstanding, all staffs were extremely friendly and eager to help out.",2026-04,not_applicable,
Berjaya Tioman Resort - Malaysia,5.0,"Really enjoyed my stay at Berjaya Tioman Resort. The breakfast was consistently excellent, and all the staff were incredibly friendly and welcoming throughout.

Special shout-out to the yoga instructor, Shamini, for her patience and valuable guidance—truly appreciated!",2026-04,not_applicable,
Berjaya Tioman Resort - Malaysia,5.0,Very comfortable experience with good customer-oriented service.,2026-04,not_applicable,
Pulau Payar Marine Park,5.0,"Very good environment, good for travel here",2023-01,already_english,
Pulau Payar Marine Park,5.0,Wonderful place,2023-01,already_english,
Pulau Payar Marine Park,5.0,Nice place and view,2023-01,not_applicable,
Pulau Payar Marine Park,5.0,My goshhhhh the scenery was worth watching and so BEAUTIFUL and MAGICALLLLL...SO stressed freee and peaceful 😀 enjoy with family so so mush,2023-01,not_applicable,
Pulau Payar Marine Park,5.0,Go to list for marine outdoor activities for family bonding…,2023-01,not_applicable,
Pulau Payar Marine Park,5.0,"Beautiful place with nice view. Very suitable for honeymoon. And for those who love diving and snorkelling, this is the right place",2023-01,not_applicable,
Pulau Payar Marine Park,5.0,nice view,2023-01,translated_argos,
Pulau Payar Marine Park,4.0,😍😍😍😍😍😍😍😍,2023-01,no_translatable_content,
Pulau Payar Marine Park,5.0,Awesome,2023-01,translated_manual,
Pulau Payar Marine Park,5.0,"It was Unforgettable and mesmerizing place.
The Island is 42 Km away from Langkawei and took 1 hr to reach there in speedboat.
Ninety nine Island diver gave the slots for 2 pax in the last minute in peak time and costed 280 RM. If not I would have been missed this wonderful place.
You will not disappointed and will enter the world of water.
(———-THE WAY OF WATER ————)",2023-01,not_applicable,
Sipadan Kapalai Dive Resort,5.0,Super good ! Thank you to all the staff，you are so nice!,2024-03,not_applicable,
Sipadan Kapalai Dive Resort,5.0,"We came as part of the excursion with Halo Halo, This was one of the stops and it was highlight of the day! The snorkelling was first rate! There were thousands of colorful tropical fish of all colours and sizes and the highlights were several giant sea turtles and a massive barracuda. The experience here was unforgettable!",2024-03,not_applicable,
Sipadan Kapalai Dive Resort,4.0,"A great holiday vacation.
Awesome local malay food that we enjoyed!
A great shout out to the Dive Master - Rodel. We enjoyed his guide in the Discovery Scuba Dive. He is so experienced  and he made us feel very safe in each of the dives..We had 4 dives at different locations around the resort.
Each dive was an eye opener. At the last dive, we saw close to 20 turtles !!! Sipadan is truly an amazing place even for beginners like us.

However, on the day when we checked out it was pouring. I was disaapointed that the bugy that came to pick us from the chalet was not covered. We were all drenched by the time we reach the front office to proceed with check out. I hope management can take note on this.
Lastly, more conservation work is  needed. Many plastic pollutants were seen.",2024-03,not_applicable,
Sipadan Kapalai Dive Resort,5.0,"The resort is Incredible, the rooms are very beautiful, our was n 52.
The transfert can be fixed directly with them, in the morning or in the afternoon.
The majority of tourism is Asian, I often noticed that they are not environmentally friendly and the staff with difficulty enforces the rules. Snorkelling can only be done in certain areas, there are very strong currents.",2024-03,translated_argos,
Sipadan Kapalai Dive Resort,5.0,beutyfull place,2024-02,already_english,
Sipadan Kapalai Dive Resort,1.2,"It's a bad attitude to serve food, to go to this hotel, like hell, and never see a scene of food mess. The hotel room was in bad shape, there was no waiter on the phone, the towel was stinky, there was no hair wash, and I broke my trunk and I didn't miss it.",2024-02,translated_argos,
Berjaya Tioman Resort - Malaysia,5.0,"Very nice resort, the staff is super friendly and helpful.
Very calm location with clear blue water and very clean beach on one side and luxurious jungle on the other
The staff at the dive center is also super nice and the dives spots are great, plenty of sharks, turtles and colorful fishes !",2026-04,not_applicable,
Berjaya Tioman Resort - Malaysia,5.0,We rested here for a week. Great place. The service is very good. We lived in a bungalow overlooking the sea. Breakfast is great. I really liked it.,2026-04,translated_argos,
Berjaya Tioman Resort - Malaysia,5.0,"Thanks to Jasper, Nadia, Wawa, Alyeah and the whole team. Everything was great❤️.",2026-04,not_applicable,
Berjaya Tioman Resort - Malaysia,5.0,All goods here,2026-04,translated_argos,
Pulau Payar Marine Park,5.0,Great island! I could do a lot of water sports activities like snorkeling and scuba diving! Scenery are great especially the sunset. Love this place!,2023-01,not_applicable,
Pulau Payar Marine Park,5.0,I love the view of crystal clear water. Snorkeling is a must when you come here. The fishes & corals here are well protected & conserved.,2023-01,not_applicable,
Pulau Payar Marine Park,5.0,Best for snorkeling 🤿!,2023-01,translated_manual,
Pulau Payar Marine Park,5.0,Exotic marine park with ferry ride. Mind relaxing park,2023-01,not_applicable,
Pulau Payar Marine Park,5.0,"Who was it that tried la mai near this island, who was very two views in it, and the water was clear, as much as sea activism can make, nk snorkling ka dive all there is, view bwh sea she was beautiful mayeuAllah, lost by xmai kat this island,",2023-01,translated_argos,
Pulau Payar Marine Park,5.0,"a must visit beach when island hoping.
beatiful beach and clear water. snorkeling and scuba diving can be done here.",2023-01,not_applicable,
Pulau Payar Marine Park,5.0,"Planning a short vacation to Langkawi, friend suggest this beautiful place. The sea water is clear, suitable for diving here. Registration smooth and efficient👍🏻👍🏻 It's a good place to relax with family and love.",2023-01,not_applicable,
Pulau Payar Marine Park,5.0,Good introduction to diving,2023-01,not_applicable,
Pulau Payar Marine Park,5.0,Great place for island hopping,2023-01,not_applicable,
Pulau Payar Marine Park,5.0,A must visit place when you come to Langkawi! Magnificent view!,2023-01,not_applicable,
Sipadan Kapalai Dive Resort,1.7,It's a waste room.,2024-01,translated_argos,
Sipadan Kapalai Dive Resort,5.0,Snorkeling in a crowded water ship and xseeu very fish. Private island.,2024-01,translated_argos,
Sipadan Kapalai Dive Resort,4.0,A resort with good access to dive exploration in the local area.,2023-12,not_applicable,
Sipadan Kapalai Dive Resort,4.0,"I recently had the pleasure of staying at Sipadan Kapalai Dive Resort, and I must say, the views are truly unparalleled. The resort's location offers a unique and stunning perspective that is truly one of a kind. The staff at the resort are incredibly friendly, making the overall experience warm and welcoming.

However, there are a few areas that could use some improvement. The dining experience, for instance, needs some attention. The food choice can be improved, and the timing of the meals can be a bit inconvenient as it tends to cause lines. Perhaps an adjustment to the dining schedule could alleviate this issue and enhance the overall dining experience.

Additionally, the air conditioning in the rooms could be improved. Adding plaster ceiling to the tall roofs might help distribute the cool air more effectively, ensuring a more comfortable stay.

Despite these minor issues, I must emphasize that overall, my experience at Sipadan Kapalai Dive Resort was fantastic.",2023-12,not_applicable,
Sipadan Kapalai Dive Resort,4.5,"Love the dive center, rich sea creatures around the diving/ snorkeling spots.Friendly staffs",2023-12,not_applicable,
Sipadan Kapalai Dive Resort,4.0,"The resort is very good in my opinion, but has some areas for improvement. The best thing about it would be the dive center and service, it’s high quality with good locations and nice staff, only bad thing is that there was no nitrox but that’s fine. The food is also very tasty(many options too), and the location is beautiful.

The main areas of improvement in my experience would be the internet and the rooms themselves as there was virtually no internet connectivity outside of the reception, and the cell service wasn’t the best. The rooms can also get a bit hot during midday.

Overall though it is no where near as bad as many of the reviews that i’ve seen on it are and is a great option if you are a diver. I don’t really see why you would come here otherwise though? The main selling point is the diving(which was good), and aside from that there isn’t too much to do aside from swimming or enjoying the scenic location.",2023-12,not_applicable,
Sipadan Kapalai Dive Resort,2.0,"We stayed for three nights. The facilities in our room were fairly old, the hanging chair on the balcony fell down on the floor when my partner was sitting on it and his toe got bruised. Also I got bitten by lots of bed bugs/fleas since the first night. We asked the resort to clean our room/deal with the bugs but still got bitten every night. We complained to the resort the final solution they gave us was a discount on fins we hired. I would not recommend this place to anyone.",2023-12,not_applicable,
Sipadan Kapalai Dive Resort,5.0,Great diving resort. Good food with variety.,2023-12,not_applicable,
Berjaya Tioman Resort - Malaysia,3.0,"We were here as a couple in April, absolute low season, partly it was already a bit spooky empty here. The complex is very old and now radiates the charm of long ago. The staff is super friendly and effortless. If you value comfort or are dependent on it, it becomes difficult as described below, for example, with the rests on the couches.",2026-04,translated_argos,
Berjaya Tioman Resort - Malaysia,5.0,"Front desk, water sports and recreation centre (baby play room and table tennis) staff are very attentive, helpful and friendly also the hotel executive chef they all make our stay very enjoyable and memorable!",2026-04,not_applicable,
Berjaya Tioman Resort - Malaysia,5.0,"Our family of 4 adults and 1 infant stayed at Berjaya Tioman Beach Resort for a long weekend. It was a most relaxing and memorable stay.  The very helpful and always smiling staff made our stay even more pleasant. We had an interesting and adventurous tour of the island for one day - visited the Marine Park and Turtle Sanctuary.  We also went paddle and kayaking on one evening - saw alot of coral reels. They are recovering. Also had a wonderful Yoga session by the seaside in the morning.  Our yoga instructor, Shamini was really great.  She was most professionally and helped me with my first time yoga experience most gently:)  Will be back again. Adious Berjaya.",2026-04,not_applicable,
Berjaya Tioman Resort - Malaysia,5.0,"Overall experience is good. Food prefer local taste.
Mdm Jasper is patient in explaining.",2026-04,not_applicable,
Berjaya Tioman Resort - Malaysia,4.7,"Overall it was a lovely experience and almost all of our stay was very pleasant however we were only unhappy about dinner as the quality wasn’t suitable for a 4 star resort. If food wise the options and quality improves, it’ll be one of our favorite resorts. But the staff in general were all so friendly and helpful, the amenities were also good! We thoroughly enjoyed ourselves. Thank you for a memorable trip.",2026-04,not_applicable,
Berjaya Tioman Resort - Malaysia,5.0,"Beautiful setting with room for improvement 🌴

Berjaya Resort in Tioman is in a stunning location, with a lovely beach and peaceful surroundings that make it easy to unwind. The natural beauty of the island is definitely the highlight.

The staff were genuinely lovely and very helpful throughout our stay, and a special mention to Ayu and Dewi from the spa who were absolutely wonderful. Breakfast was also very good with plenty of options to start the day.

However, the resort itself feels a bit outdated and could benefit from more care and attention. The gardens looked quite dry, and the constant whipper snipping didn’t give the grass much of a chance to grow. There was also some visible rubbish around the grounds that could easily be cleaned up.

The pool area could use some refreshing too — the towels really need replacing, and the exterior of the pool looks quite tired and could do with a fresh coat of paint.

Dinner was a bit of a letdown compared to breakfast — it would be great to see more local dishes, especially fresh fish and crab, to really match the island experience.

There also seemed to be a lot of security around, which felt a bit unnecessary for such a relaxed island setting.

Overall, it’s a beautiful spot with great potential, and with a few improvements, it could be truly exceptional.",2026-04,not_applicable,
Berjaya Tioman Resort - Malaysia,5.0,I feel very satisfied by the hotel service and buggy drive workers named Zulhimi and Norman. For helping us a family for their help.,2026-04,translated_argos,
Berjaya Tioman Resort - Malaysia,5.0,"Wonderful experience and helpful friendly staffs. Overall a great experience.

Love the beach and love the ambience.",2026-04,not_applicable,
Berjaya Tioman Resort - Malaysia,5.0,So great. Calm & peace.,2026-04,not_applicable,
Pulau Payar Marine Park,5.0,"Recommended to those who love marine life sea nature.  The water is unpolluted with the beautiful  turqouise green colour. Other than exotic marine park,  they also have scuba diving and snorkeling too. Those who planned to have short vacay in Langkawi should include this place on the list.",2023-01,not_applicable,
Pulau Payar Marine Park,5.0,The scuba diving and place to holiday such a cozy place to try !! The beach and the staff are good and very friendly to help local tourist and helping us so much fun enjoying the holiday !!,2023-01,not_applicable,
Pulau Payar Marine Park,5.0,The best experience ever since the view was so great,2023-01,not_applicable,
Pulau Payar Marine Park,5.0,Breathtaking view and surrounding,2023-01,not_applicable,
Pulau Payar Marine Park,5.0,A must visit place when you come to Langkawi,2023-01,not_applicable,
Pulau Payar Marine Park,4.0,Nice place to visit and play..,2023-01,not_applicable,
Pulau Payar Marine Park,5.0,Best snorkelling or even diving experiences. Its a very well preserved water in Langkawi where you can scuba with various species sea creature and even the baby shark if you are lucky. Its totally in safe environment. Must visit!,2023-01,not_applicable,
Pulau Payar Marine Park,5.0,Clean beach and nice sea view..just a place to spend a day off..,2023-01,not_applicable,
Pulau Payar Marine Park,5.0,"Awesome view. Loving all the sceneries here! One of my favourite island. Lots of activities to do too. Clear water so much to explore, cannot express by words",2023-01,not_applicable,
The Taaras Beach & Spa Resort,5.0,"🌴 The Taaras Beach & Spa Resort – A Dream Week in a Corner of Paradise 🌊✨

There are places you visit... and then there are places that stay with you. The Taaras is not just a resort – it’s an experience that wraps you in beauty and serenity.

We spent a dream week filled with peaceful moments, postcard-perfect views, and pure wonder.

From the moment we arrived, the welcome was warm and genuine. Our garden view suite, while spacious, showed a few signs of wear… but the management, incredibly kind, surprised us with a complimentary upgrade to a sea view suite. What a gift! 🌊 Opening the door and finding ourselves right on the beach, lulled by the sound of the waves, was priceless.

Nature is the true star here. Between playful monkeys, monitor lizards, and lush vegetation, you feel like you're in another world. And during snorkeling trips, we had the unforgettable chance to swim alongside sea turtles and small reef sharks – moments of magic that words can’t quite capture.

🏖️ The private beach is a tropical dream: powdery white sand, crystal-clear water, and absolute tranquility.

🍽️ The food? Delicious. Generous breakfasts, well-prepared local and international dishes, always-fresh tropical fruit – all enjoyed with a breathtaking ocean view.

And the staff… always attentive, smiling, never intrusive. You feel genuinely welcomed, heard, and cared for.

My heartfelt advice: if you're looking for a true escape – a place to slow down, breathe, and fill your soul with beauty – this is it. One week isn’t enough to stop dreaming about it.
⭐⭐⭐⭐⭐

📍#Redang #TheTaaras #DreamWeek #Snorkeling #Turtles #Sharks #Malaysia #UnforgettableTravel",2025-08,not_applicable,
The Taaras Beach & Spa Resort,5.0,Had amazing experience here,2025-08,not_applicable,
The Taaras Beach & Spa Resort,2.0,"A lost opportunity: despite the perfect location (probably the most beautiful beach in Redang), the hotel is lacking proper maintenance, rooms (at least our ""deluxe garden view"", located in an awful condo straight from the late 80's...) the facilities are either excessively expensive or wrestling. Prices are excessively high, food is mostly awful.",2025-08,not_applicable,
The Taaras Beach & Spa Resort,2.0,"Let’s start with the positive… First of all I would like to congratulate the owner of The Taaras to his amazing staff and crew. They truely went above and beyond to make the best of our holiday. Particularly we would like to thank Mrs Amira, Mrs Anit, Mr Hamdan and Mr Sulfair. All the staff members tried they absolute best to compensate for the lack of investment and maintenance from the Hotel owner.

Besides the staff the nature, land and sea is absolutely stunning. The beach is spotless and luckily plastic debris was not massive during our stay. This Resort could be an absolute jewel and probably was at the day of it’s opening in 1996.

And this is where the positive ends and the negative starts… the hotel and all amenities are screaming for a massive overhaul and renovation. It clearly appears that since the day of opening, no improvements have been made. We had to stop at one point to take pictures and document shortcomings not completely to get into a loop of doom and not seeing the beauty of having time as a family and enjoying the time and activities together (pictures attached).

To not lose your attention, please find bullet style the shortcomings of The Taaras
- trash below the balcony of the hotel room
- plastic-wrapped cheese at the breakfast buffet
- Room keys are still actual KEYS… and only 1 per room with a tag displaying the number of the room...
- not enough sun loungers for hotel guests, so you have to run out at 7:30 am in the morning to “reserve” your bench (like a cheap Costa del Sol Hotel)
- the beach bar and restaurant “Cove” seating is in bright sunlight and does not provide enough sun umbrellas
- cushions of the “Cove” beach bar and restaurant are all in extremely poor condition and need to be urgently exchanged
- same goes for the roof, which looks like it will come down any minute
- another unpleasant location is the washrooms… let me say this, toilets have also seen no replacement since 1996…

The whole Hotel is absolutely outdated and I can’t recommend this Hotel if you are expecting a 5* Hotel as advertised online and charged for.

This Hotel is a 2* Hotel not more and should be priced like that.",2025-08,not_applicable,
The Taaras Beach & Spa Resort,1.0,"Disgusting Food & Drinks – NOT a 5-Star Resort!
We stayed at Taaras Resort on Redang Island and the food and drinks were absolutely disgusting. Everything was unhygienic and tasted dirty – completely unacceptable for what they advertise as a five-star resort.

Because of their terrible food, all of our stomachs got ruined. Our health went downhill during the stay, and we even ended up with stomach flu symptoms. This was extremely stressful, especially since we were traveling with our two young children. No family should ever go through this on their holiday.

When you tell the staff about problems or point out that something isn’t right, they just smile and nod, but absolutely nothing gets done. It feels like they don’t care at all.

Only on the last day did we discover there are actually restaurants outside the resort, which are so much better. We regret not knowing this earlier.

The stay itself was just “okay,” but absolutely nowhere near five-star quality. Overrated, overpriced, and not worth it.

👉 My strongest warning: DO NOT eat at this resort. I would never recommend this place to anyone, especially families with kids. It looks nice from the outside, but the food, hygiene, and service are a complete disaster.",2025-08,not_applicable,
The Taaras Beach & Spa Resort,5.0,"Probably the best hotel in Redang. The location (private beach & near to turtle point), service and staff are PERFECT.
Big up to Wawa and Amisha at breakfast for their delicious canai rotis and their kindness and smile throughout the stay.
We'll definitely be back!
Terima Kasih",2025-08,not_applicable,
The Taaras Beach & Spa Resort,5.0,"Leave me in this paradise!

The hotel enjoys a spectacular location, surrounded by nature and overlooking the Redang Bay, a real corner of the world that looks painted. We stayed in a Cliff Bay suite, booked on Booking, which left us speechless: a huge and bright room, with private terrace and Jacuzzi seafront from which to admire sunrises and unforgettable sunsets. The comfortable bed, the spacious walk-in closet and the bathroom with Occitane products kit complete a well-kept environment in detail. The cleanliness was impeccable and every evening they made us find chocolates in the room, a simple but very refined thought that made us feel pampered.

To reach the suite, located in a panoramic position, it was enough to ask at the reception one of the electric machines that accompanied us comfortably up and down, a quick and efficient service that we found really practical.

The private beach is a real jewel: fine sand that seems borotalco, transparent sea and very comfortable beds. Any advice? Wake up early, around 7, to grab the first row and live the whole day with the bay in front, without any obstacle to the sight.

An experience that makes Redang unique in the world is the possibility to swim with adult marine turtles in their natural habitat and, at certain times, to witness the release of children directly from the beach: an emotion that will remain imprinted in the memory of children and adults. The snorkeling excursion in the nearby bay, populated by a myriad of colorful fish.

The breakfast was rich and varied, with international and local options. For meals we often stopped at The Cove, the bar-restaurant on the beach: relaxed atmosphere, tasty dishes and correct prices (a daisy or a hamburger about 12 €). Dining with the sea breeze and the sound of the waves in the background was an experience that alone was worth the trip.

The staff was always extremely kind and helpful, ready to meet every need with the smile, helping to make the stay even more enjoyable. a special thanks to the Hamdan referent who has always been attentive and helpful to give me advice and make us feel comfortable!

We spent four unforgettable nights, but the feeling, at the time of departure, was to not want to leave anymore. We stayed in August the weather was always perfect to enjoy the sea and outdoor activities.

What to say: money spent very well, a place that remains in the heart... I'd be back tomorrow!",2025-08,translated_argos,
The Taaras Beach & Spa Resort,5.0,"Spectacular place for
Position 10/10
Sea 10/10
Animals 8/10
Service 9/10
Courtesy 10/10
Food 8/10
Food choice 9/10
Show with fire FANTASTICO 100 and praise
Games 9/10
Discreet animation 7/10
Excellent cleaning and continuous 8/10
And the ideal village without beach boys and that allows you to relax.
Beautiful excursions and good value for money except sunset according to me expensive for value.

Beware of the transparent canoe because we have overturned.

Close to the turtle area easily reachable by swimming with two stages.

Nice breakfast because it varies.

Courtesy of animation of all the excellent staff

We can give these judgments without problems knowing many other RESORT in other countries like Kenya Zanzibar Morocco Santo Domingo Cuba and Mexico et..
Here we are OVER THE TOP.

thank you",2025-08,translated_argos,
The Taaras Beach & Spa Resort,4.0,"Nice resort. Living in ocean view apartment with the most amazing view over the beach. The staff are so kind and kind and helpful. It's not even enough sun beds for so many people. People hoard them from early morning and use them much later. Many are empty for hours. Too bad. Got the best massage on the scene. Went on two snorkels to see turtles and there were plenty of them. Clear and warm water. Unfortunately, many other boats too. It seems a little too much. Amazing Indian food in the neighbor restaurant. But walk to the turtle beach. So no one there. But monkeys on the road and a big lizard.",2025-08,translated_argos,
The Taaras Beach & Spa Resort,4.0,"5 nights at Taaras Resort was a wonderful and memorable experience, we hope to return again.
Flew in with Berjaya and check in at hotel was seamless.
Our room was really nice and comfortable and house keeping doing fantastic job.
Staff at Taaras were friendly and accommodating, the buggy guys shout out to them for doing a stellar job.
Thanks and a mention to Saiful for looking after us the way he did.
The Spa was lovely, Floating bar - despite advertised as unlimited drinks and snacks - it’s somehow limited.
Marenero food was good, breakfast was also good and sufficient.
I hope Taaras Resort can improve on cleanliness though, I noticed a lot cigarette butts strewn around the resort,  in plant pots  around the beach deck chairs area, smoking on the beach, vaping in the asean dining area.",2025-08,not_applicable,
The Taaras Beach & Spa Resort,5.0,"We spent a week at the hotel (10 August 2025) and I have one word to describe the staff, EXCEPTIONAL. Each and every one is warm, helpful and have a smile on their faces at all times. A big thank you to one waiter in particular, Qayyim. He is nothing short of perfection, a young, hardworking superstar! We felt very spoiled to have the most beautiful, calm and sea front all to ourselves. The food options are good too.",2025-08,not_applicable,
The Taaras Beach & Spa Resort,5.0,"I spent a wonderful stay at the Taras Resort in Redang, an experience that fully deserves 5 stars.

The thing I liked most was the private beach: quiet, cared for and with a spectacular sea.
Swimming, you can easily reach the Turtle Point and swim with turtles, a unique emotion.
The beds are well placed and the beach service is excellent: they bring you everything you want, creating an atmosphere of total relaxation.

Another highlight is the services included: yoga in the morning and in the afternoon, a wonderful gym with ocean views, kayaking, billiards, evening table tennis, karaoke room... also staying in the hotel for several days without hiking, there are many activities to never get bored.

The rooms are beautiful and comfortable. I recommend those with garden view or ocean view, which have the best position. Those with hill view require to take a transfer or make several stairs, so they are to be evaluated according to preferences and budget.

On the catering front, the hotel is mainly designed for an Asian audience, so the buffet is full of local dishes (very good: the roti and scramble eggs were excellent).
There is also a restaurant near the beach for dinner, good but not exceptional, and a wonderful seafront bar, where to eat burgers, pizza and drink with an amazing view.

Only sin for those who, like us, travel without children: there are many inflatables and games scattered for the hotel, so it happens to sip an aperitif with children jumping next door. It would be ideal to create an area dedicated only to children. The pools, often filled with children and guests who bathe clothes, are less enjoyable. In addition, the new building of rooms is somewhat ruining the landscape.

In summary: a resort with a postcard sea, plenty of activities and guaranteed relaxation, perfect for families and couples looking for services and comfort. Some improved details, but the overall experience was really beautiful",2025-08,translated_argos,
The Taaras Beach & Spa Resort,3.0,"Positive points: the location, the beach is really beautiful and you can swim with turtles nearby the hotel.

Negative points: unfortunately there were a lot of negative points that you wouldn’t expect from a five star hotel. Overpriced. The room was outdated, there were old towels with stains on it. The breakfast could have had better quality, it was good for a 3 star hotel. The food was good on Marenegro, but otherwise just ok and with high prices. The five star hotels focus on details, and this focus was lacking.
Overall, wouldn’t return, there are better choices on Malaysia East coast.",2025-08,not_applicable,
The Taaras Beach & Spa Resort,5.0,"Nice hotel, however, would need a renovation/refreshment.||Ligger on a fantastic beach. ||God Food || Fantastically nice and helpful staff. Thanks to Hamdan Rajab for his excellent service!",2025-08,translated_argos,
The Taaras Beach & Spa Resort,5.0,Great!,2025-08,translated_argos,
The Taaras Beach & Spa Resort,1.0,"A huge disappointment - not worth the money

Unfortunately, I cannot recommend the Taaras to anyone. The whole stay was a disappointment from start to finish. The hotel is crowded with guests, especially small children, creating constant noise and congestion. The food buffet is both dull and unappetizing, and the staff cannot even keep up with the restaurant - probably because they simply have too many guests.

The fitness centre is old and worn with obsolete machines, and the rooms are characterized by out-dated interior and spotted carpets. To get to the beach, you have to go down a long concrete staircase, and when you finally get there, you get met by sand flies and ordinary flies that are impossible to get rid of. The deck chairs on the beach are short and unpleasant, and the pool area itself is both dull and uncharming.

All in all, a place that feels worn, crowded and far from the luxury promised. I really regret spending money on this stay.",2025-08,translated_argos,
The Taaras Beach & Spa Resort,5.0,"Just had one of our best family holidays ever at The Taaras Beach & Spa Resort, Redang! 🏝️ The beach was pristine and the water crystal clear — literally as clear as tap water.

Plenty of activities for everyone, and the staff (especially from the recreation and dive center) were amazing — they genuinely enjoyed playing beach volleyball with us and made snorkeling and diving so much easier and fun.

Rooms were spotless and comfortable, WiFi was great, and all facilities were clean and well-maintained. Can’t wait to come back! 🌊✨",2025-08,not_applicable,
The Taaras Beach & Spa Resort,1.0,"Incredibly poor service and ran hotel. They live out of an amazing view, but you can get there with a day excursion anyway. Totally not worth it and not recommended at those prices.",2025-08,not_applicable,
The Taaras Beach & Spa Resort,4.7,Overall a great experience at Taaras,2025-08,not_applicable,
The Taaras Beach & Spa Resort,5.0,"Everything was so good and peaceful.
All of the people here are really kind.
Highly recommended.
I already miss it.",2025-08,not_applicable,
The Taaras Beach & Spa Resort,5.0,"the best resort i have been, the beach are amazing. the room are clean and the view are stunning. food so yummy, service from the staff superb!! definitely coming back again.",2025-08,not_applicable,
The Taaras Beach & Spa Resort,5.0,"Amazing resort, from arrival, rooms, food, staff , beach all are amazing!!!!",2025-08,not_applicable,
The Taaras Beach & Spa Resort,5.0,"Perfect resort, food , service , rooms all are good. Definitely coming back again.",2025-08,not_applicable,
The Taaras Beach & Spa Resort,5.0,"Amazing beach ,my second time come to taaras. Everything was perfect. Food , service,room overall terbaik.",2025-08,not_applicable,
The Taaras Beach & Spa Resort,5.0,"Nice resort, clean beach, food is the best. Room super clean, staff friendly and helpful",2025-08,not_applicable,
The Taaras Beach & Spa Resort,5.0,"Excellent Services & Food Was Lovely Delicious, room clean and comfot. overall terbaik and  will coming back again.",2025-08,not_applicable,
The Taaras Beach & Spa Resort,5.0,"Satisfied from the room, food, activities, beach and staff.",2025-08,not_applicable,
The Taaras Beach & Spa Resort,5.0,"Love the resort , staff very friendly and helpfull. Food are good , room super clean. Definitely coming back again.",2025-08,not_applicable,
The Taaras Beach & Spa Resort,5.0,"Nice resort, good food, service beyond our expectations. Definitely coming back again.",2025-08,not_applicable,
The Taaras Beach & Spa Resort,4.0,Great view,2025-08,translated_manual,
The Taaras Beach & Spa Resort,5.0,Very good and friendly hotel. Facilities is very good. Very good services.  Helpful staff. Nice room. Will go again. Price is equal with their service n facility,2025-07,not_applicable,
The Taaras Beach & Spa Resort,3.0,"Arrived and overpriced.
The location on this paradisiacal beach with white powdered sugar sand and crystal clear water is truly unique and deserves without question 5 stars. Unfortunately, that was already the case. The hotel must be renovated urgently. The images on the Internet and on the website do not correspond with reality. The edges of the pool are disgusting, the floor yellows, the sanitary facilities unkempt and the restaurants are reminiscent of 80s charm. The very high prices are not justified and have fueled other expectations, which led to disappointment. On a positive note, the employees are committed and the hotel is committed to the conservation of sea turtles.",2025-07,translated_argos,
The Taaras Beach & Spa Resort,5.0,"We stayed here for 3 days and 2 nights (Monday to Wednesday in July). A day before our arrival, we called the hotel to inform them of our ferry arrival time. On the day itself, we were warmly welcomed by the hotel’s shuttle van driver as soon as we arrived. At check-in, we were greeted by a cheerful receptionist and offered a refreshing welcome drink - perfect for the warm weather.

We checked into our Garden Suite shortly after. The room was clean, comfortable, and inviting. We quickly brewed the complimentary coffee capsules provided in the room to recharge before exploring the hotel grounds and heading to the beach.

The beach was stunning - clean with soft white sand and peaceful, as it wasn’t crowded during our stay. We tried kayaking for the first time, which turned out to be a fun and enlightening experience. The next morning, we joined the 8 AM guided nature walk - a nice bit of exercise, especially for those of us used to sitting behind a laptop. The guides were friendly, attentive, and knowledgeable throughout.

During our stay, we enjoyed breakfast at the Asean All-Day Dining restaurant on both mornings. The buffet spread had plenty of choices - enough to spoil any appetite. The atmosphere at the resort was lovely, and the staff were consistently cheerful and accommodating.

For those using Maxis/Hotlink, signal coverage is strong throughout the resort. I had planned to get some work done - but with a beach that tempting, it was impossible to resist relaxing instead.

The beautiful weather, powdery sand, and turquoise-blue sea felt almost surreal - like stepping into a painting. We also explored Turtle Beach, which is just a short walk from the resort’s private beach. It was a fun little adventure.

A big thank you to all the amazing staff here - the drivers, the receptionists, the lifeguards, the snorkeling guides, the room service team, and everyone else who made our stay so memorable.

We only wish the trip could have been longer. We’d definitely love to return!",2025-07,not_applicable,
The Taaras Beach & Spa Resort,5.0,"We had a truly memorable stay at The Taaras! From the moment we arrived, we were warmly welcomed by Anita Michael, the Front Desk Manager. Anita was exceptional – professional, friendly, and genuinely caring. She made sure we were well taken care of throughout our visit, and her attention to detail made a real difference in our experience.

We also had the wonderful surprise of meeting Jeremy, my dad’s classmate and the pilot of Berjaya Air – small world! It added a very personal touch to an already unforgettable trip.

Huge thanks to Anita and the entire team at The Taaras. We’ll definitely be recommending this beautiful resort to friends and family.",2025-07,not_applicable,
The Taaras Beach & Spa Resort,3.0,"Hotel based on its achievements and monopoly: dream location, breathtaking beach, Snorkeling possible from the beach.
However, the lack of serious competition means that this hotel has high rates compared to the poor quality of the services.
The accommodation is passable, the service is medium (cash machine policy...) and the kitchen is of inferior quality to the Asean All Day Dining (limited choice, poor organization of the buffet with the lack of space to place the lids - made of cheap plastic - the time to use, limited fruits while it is in Malaysia, and some dishes composed of meat of the day before...); Unlike the Marenero. The difference in quality is such that it would seem to be in two different establishments.

This hotel would be 50% cheaper if it had competition nearby.",2025-07,translated_argos,
The Taaras Beach & Spa Resort,3.0,"7th to 13th of July 2025, What I appreciated most was the stunning white sandy beach and the spacious room with effortless beach access, which made things much easier while traveling with my one-year-old baby. A special mention goes to Hamdan, the room service assistant, whose kindness and attentiveness throughout my six-night stay at The Taaras truly stood out. The staff overall were warm and courteous, though I believe a touch more professional training would help meet the refined standards expected of a five-star resort. Among the dining experiences, both ASEAN and Merenero restaurant teams were welcoming, yet Merenero’s staff demonstrated a noticeably higher level of attentiveness. One memorable gesture was when I found myself without cash while waiting for the boat transfer—one of the staff not only guided me to the nearest ATM but personally took me there on his scooter, an act of genuine hospitality I won’t forget. On the less favorable side, the room furnishings felt outdated, with noticeable gaps that allowed lizards inside during my stay, and the towels were worn and rough on the skin. Breakfast lacked variety, leaving the experience feeling repetitive. Adding to that, aside from Hamdan, staff professionalism could be elevated; starting from Merang Jetty where I noticed staff smoking in the waiting area despite the presence of my baby, which felt far from appropriate. The same issue appeared at the scuba diving center, which is located right next to Merenero restaurant—I could even smell cigarette smoke while dining, something that diminished the overall experience. In summary, while I would gladly pay for the breathtaking beach alone, the overall cost—including flights, land and sea transfers, and the six-night stay—did not quite reflect the full value one might expect from such a resort.",2025-07,not_applicable,
The Taaras Beach & Spa Resort,5.0,"In the fast-paced rhythm of life, finding a warm and comfortable place to stay is truly a rare and cherished experience. During my recent stay at this resort, I was deeply impressed by its exceptional service and thoughtful details, which gave me a deeper understanding of what it truly means to feel ""at home away from home.""First and foremost, the professionalism and warmth of the front desk staff were truly admirable. From the moment I walked through the door, the staff greeted me with friendly smiles and kind voices, which immediately put me at ease. The check-in process was smooth and efficient, well-organized, and without any delays.Once I entered the room, I was pleasantly surprised. The room was clean and tidy, tastefully decorated, with a comfortable bed and a beautiful view outside the window. The attention to detail was remarkable—whether it was the neatly arranged slippers, the perfectly set air conditioning, or the welcoming tea that had been thoughtfully prepared in advance, everything reflected the resort's care and consideration for its guests.",2025-07,not_applicable,
The Taaras Beach & Spa Resort,5.0,"I stayed with a family of six in 2 interconnected rooms, everything was very well organised,  buggy service was exceptional, food was the best if you like Asian and Indian food. Beach was very clean and sea was transparent as a glass.",2025-07,not_applicable,
Pulau Payar Marine Park,5.0,Strongly recommend for those looking for island hopping activity. You can enjoy the usual water activities as well such as snorkeling and scuba diving and the view of the ocean is just beautiful. Especially with the clear blue water.,2023-01,not_applicable,
Pulau Payar Marine Park,5.0,"No need to go too far, this located just near city. Good spot for family weekend retreat. The water is clear. Highly recommended. !",2023-01,not_applicable,
Pulau Payar Marine Park,5.0,Nice place to relax,2023-01,not_applicable,
Pulau Payar Marine Park,5.0,Mantapp,2023-01,translated_argos,
Pulau Payar Marine Park,5.0,"Best experience ever. Really recommend for family, friends as well as honeymoon place. View scenery from every angle",2023-01,not_applicable,
Pulau Payar Marine Park,5.0,Feeling good. The sea is clear. Perfect for snorkeling .,2023-01,not_applicable,
Pulau Payar Marine Park,4.0,Very beautiful view. Sunset. Golden hour like a paradise. Cant forget this place,2023-01,not_applicable,
Pulau Payar Marine Park,5.0,"Great experience, awesome moments with family.",2023-01,not_applicable,
Pulau Payar Marine Park,5.0,amazing scuba,2023-01,translated_argos,
Pulau Payar Marine Park,5.0,Love all the activities here🥰,2023-01,not_applicable,
Berjaya Tioman Resort - Malaysia,5.0,"Nice and friendly staff, location at the end of kg tekek however you can rent a motorcycle if want to go around the village.

Room bit old but comfortable and we have very good sleep. You can request buggy to go around the hotel. Nice beach very clear water. Variety of breakfast also.",2026-04,not_applicable,
Berjaya Tioman Resort - Malaysia,5.0,Breakfast is delicious... the inn is nice and close to the marine park..,2026-04,translated_argos,
Berjaya Tioman Resort - Malaysia,5.0,"My wife and I had a pleasant 3D2N stay at Berjaya. Overall, it was an enjoyable experience with excellent customer service and a great ambience. Everything was conveniently within walking distance, making it easy for us to explore and truly relax. Most importantly, we left with wonderful memories created together.",2026-04,not_applicable,
Berjaya Tioman Resort - Malaysia,5.0,"Very quiet hotel. Nice swimming pool, nice amenities, personal care.
Possibility to rent a scooter inside or just at the entrance of the hotel, possibility to book excursions snorkelling.",2026-04,translated_argos,
Berjaya Tioman Resort - Malaysia,5.0,Very nice experience,2026-04,translated_manual,
Berjaya Tioman Resort - Malaysia,5.0,Everything is great!,2026-04,not_applicable,
Berjaya Tioman Resort - Malaysia,5.0,the staffs are helpful. food are tasty and delicious. the buggy service is efficient. spent most of our time either at the swimming pool and beach.,2026-04,not_applicable,
Berjaya Tioman Resort - Malaysia,5.0,"Ms jasper has a great attitude, a very nice environment, and can arrange for family, friends. It's great to play together.",2026-04,translated_argos,
The Taaras Beach & Spa Resort,5.0,"We had 4 great nights here in July. The weather was perfect. It didn't seem very busy which was nice. Snorkelling and scuba options are great, not far to go to get to nice spots. Water was clear and warm. The staff and amazing. Super helpful. The beach is beautiful. Food was great. Plenty of options for any time of day. Rooms were large. Mattress maybe could use a replacement as was a bit hard but it was a huge king size bed. Rooms maybe a little dated in parts but you don't spend much time in your room any way.  Some family rooms are up on the hill and a bit of a walk but they have little shuttles to pick up up and drop off to help. We went also to the other resorts to look and it was so busy and  more windy and rough on that side so we are glad we chose taaras, it is far superior in many ways. I highly recommend this piece of paradise to anyone.",2025-07,not_applicable,
The Taaras Beach & Spa Resort,3.0,"The food and the service wasn’t really really Upto mark, the staff needs to be there to understand basic English",2025-07,not_applicable,
The Taaras Beach & Spa Resort,5.0,The best activity - sea turtles hatchling release!,2025-07,not_applicable,
The Taaras Beach & Spa Resort,5.0,Best experience ever.nice and cozy.,2025-06,not_applicable,
The Taaras Beach & Spa Resort,5.0,A wonderful experience with fabulous and friendly staff who attend your service and request sincerely. Amazing service provided for birthday girl and full of surprises!,2025-06,not_applicable,
The Taaras Beach & Spa Resort,5.0,"We had a really nice and comfortable stay at the Taaras beach resort. The staff is caring and the activities are spot on. We discovered the sea world spotting turtles and corals. It was amazing.
We really enjoyed sea activities, yoga classes and a really nice Indian restaurant.
Great spa with a lot of offer and professional masseuses that really stand out.
Hamdan was assigned to us by the resort and really helped us make our experience as smooth and carefree as possible. I recommend for a relaxing stay enjoying the tropical sea world",2025-06,not_applicable,
Sipadan Kapalai Dive Resort,3.0,"fantastic location with good food provided. they have cater enough for China tourist who take alot food. others tourist will have sufficient food.
however, the room 7x to 8x is too hot at afternoon. bad room designs.",2023-12,not_applicable,
Sipadan Kapalai Dive Resort,5.0,"The stunning place with too much natural beauty and arranged accordingly.
Full facilitated.
Diving experience was amazing.",2023-12,not_applicable,
Sipadan Kapalai Dive Resort,2.0,"The bed sheets in the room are dirty, the staff are under-served, smokes on the side, doesn't mention athank you or a tip (only once I forgot), will be loudly said about athank you, you, you, the water tap is too small, the air is broken, the five employees come to fix one air conditioning, one maintenance and one smoking, and two rooms are too small. And the next night I saw room 52 fixing air conditioning again, which was not worth the price, and the only good thing, taking pictures was good, no, if you don't like taking pictures. The tea wasn't worth eating, it was left in the morning.",2023-11,translated_argos,
Sipadan Kapalai Dive Resort,5.0,"Kapalai is located approximately 45 mins to 1 hour from Semporna town, via a speed boat. It provides a 360° breathtaking ocean view. We were amazed by the unpolluted turquoise sea water upon arrival. The water is clean and see-through to the sea bed.

Sea turtles were abundantly spotted around the resort. We were told by one of the buggy drivers that Kapalai has its own man-made beach to encourage the sea turtles to lay eggs. To date, Kapalai has managed to release more than 100 sea turtles into the ocean. Sipadan is famous for its Green and Hawksbill sea turtles.

While snorkelling, we spotted not only sea turtles but barracuda, colourful coral reefs, stingrays, starfishes, squids, to name a few. The snorkelling gear can be rented for RM23/day. The famous clear kayak boat can also be rented for RM50/hour. This is especially famous amongst the ladies. The staff of Kapalai are more than helpful to help you take the best photos of you riding on the kayak.

""Harley-Davidson"" could be rented in the resort for RM50/day. Don't get me wrong, it is however not the real Harley-Davidson, mind the pun. The staff refers the pastel rattan coloured bicycle as Harley-Davidson. The bicycle complements the beautiful resort. Aplenty of photos could be taken with you riding on it too.

Due to the previous case of resort guests being kidnapped by the Philippines pirates, whom subsequently demanded hefty ransom from the Malaysian government, Sipadan Kapalai Dive Resort is now safely and heavily guarded by the Royal Malaysian Navy.",2023-11,not_applicable,
Sipadan Kapalai Dive Resort,1.0,"Greedy resort full of guests. Divers should not come.

1. They don’t provide individual fun dives. If you want to dive, even for one dive, they are gonna force you to pay for the full diver package for your entire stay. I originally only wanted to have two to three dives, they said no. I have to pay 4N/5D dive package.

2. I think it’s normal to travel to a place 30min away to dive for a diving center without any extra charge. They don’t do this. They want to charge 850RM extra for a single trip like this. Attention, I’m not even talking about Sipadan! They only want you to dive in front of their resort or at Mabul (7mins away), where the water was very dirty and visibility was 5 meters at most!

3. My friend wanted to have two fun dives after he finished his open water course here. Guess what? Impossible. He has to buy 4N/5D diver package in order to have fun dives! Or, he could buy two Discover Scuba Diver package to have two fun dives. Is it ridiculous?

4. Full of tourists busy with taking pictures and snorkeling all day. My mask was stolen.

5. Unable to jump into the water from you villa.

All in all: avoid this place!",2023-11,not_applicable,
Sipadan Kapalai Dive Resort,5.0,Got turtle!,2023-11,not_applicable,
Pulau Payar Marine Park,5.0,The clear sea is perfect for snorkeling. Can see anything in the sea through snorkeling.,2023-01,not_applicable,
Pulau Payar Marine Park,5.0,Great scenery and activities they had to offer. Islan hoping tmis the best!,2023-01,not_applicable,
Pulau Payar Marine Park,4.0,Nice place to do snorkeling activities,2023-01,not_applicable,
Pulau Payar Marine Park,5.0,Great island hoping experience,2023-01,not_applicable,
Pulau Payar Marine Park,5.0,AMAZING DAY TRIPS. VERY ENJOYABLE A MUST VISIT PLACE,2023-01,translated_argos,
Pulau Payar Marine Park,5.0,A very beautiful place to go. Very beautiful and clean. It's a lot of beach activity to be with friends and family.,2023-01,translated_argos,
Pulau Payar Marine Park,5.0,A must place to visited when came to Langkawi . The sand and beach very beautiful and so clean . The view super duperrrrr niceeee 🥰,2023-01,not_applicable,
Pulau Payar Marine Park,5.0,Best experience ever,2023-01,translated_argos,
Pulau Payar Marine Park,5.0,Bestttt. Can see baby sharks too!!!,2023-01,not_applicable,
Berjaya Tioman Resort - Malaysia,5.0,"We have a great time in Berjaya Resorts. Its very quite & peaceful, and the staffs are very friendly and helpful. We enjoy our conversation with Ms Jasper who had gone extra mile by providing medical assistance to my daughter when she cut her toes during one  of outdoor activities. Keep up with the good work.",2026-04,not_applicable,
Berjaya Tioman Resort - Malaysia,5.0,The staff provided excellent hospitality.Quite a relaxing experience as the hotel is not too noisy and surrounded by nature,2026-04,not_applicable,
Berjaya Tioman Resort - Malaysia,5.0,Very nice!,2026-04,translated_argos,
Berjaya Tioman Resort - Malaysia,5.0,"Super hotel , great location, great beach , very good breakfast , clean sea , there are places for snorkeling , very attentive attitude to guests, thank you very much",2026-04,translated_argos,
Berjaya Tioman Resort - Malaysia,4.0,"Superb 4-star hotel with charming staff and very attentive! Thanks to Jasper and Daud for their kindness and smile! Take care of us! Bravo!
Dewi will give you a massage that will take you to relaxation...
The beach is sublimely beautiful, the hotel is well located on the island with a shuttle service from and towards the Tekek pier.
Activities are affordable and well organized, city tour and waterfall visit and the beach of Juara!
I only put 4 stars because we had an inconvenience with security at the entrance to the complex. Chief of Security Azhgr and his employee Rakech denied access to the hotel to a friend who came to take an ice cream and spend a while with us.
While the reception gave permission, these gentlemen firmly refused.
We spent 40 minutes in parliament to find an arrangement that never happened.
Too bad because everything went very, very well until this incident!
Please remind the security to better treat your customers.",2026-04,translated_argos,
Berjaya Tioman Resort - Malaysia,5.0,"Definitely a place worth visiting. Water is clear, hotel is clean, just that the weather is hot! Hotel provides water for hydration and rides to your room. If you like nature, this is a place to be. Kayaking, snorkeling and other activities to occupy your stay.",2026-04,not_applicable,
Berjaya Tioman Resort - Malaysia,5.0,"Wonderful service, the staff are so friendly and helpful! Jasper in reception was wonderful and Bruce was fantastic for our 8am yoga. Rooms were very comfortable and had great air conditioning. Lots of fun activities - you can see turtles and reef sharks snorkelling! It’s such a beautiful location too. We had a great time!",2026-04,not_applicable,
Berjaya Tioman Resort - Malaysia,5.0,Nice hotel. It's quiet. The restaurant's price is more appropriate in the hotel. The room is nice.,2026-04,translated_argos,
Sipadan Kapalai Dive Resort,4.0,Second water at noon.. When it's too hot to feel anything.. It's beautiful out there. There's something wrong with the food. There's the xkene check.. the morning and dusk views are toxic and lama.. Take the Kenes boys very carefully..,2023-11,translated_argos,
Sipadan Kapalai Dive Resort,5.0,"Sea Water is very clear and clean, can see see turtle, stingray from the hotel wooden walkway 👍🏼👍🏼👍🏼👍🏼👍🏼Beautiful scenery of the chalets and the bright colorful Flowers around the chalets..!",2023-10,not_applicable,
Sipadan Kapalai Dive Resort,5.0,"An experience worth trying. Only recommendable if you like Asian food (there isn't much else to choose from) and if you're doing the diving package (for snorkeling there's not much to do, and there aren't many other activities at the resort).

Cut off from the world, perfect for disconnecting.
The service is excellent and friendly.",2023-10,translated_manual,
Sipadan Kapalai Dive Resort,4.0,"Very good place, ideal for 4 days, beyond, nothing around, only dives and snorkeling. No animation. Asian buffet food, nothing continental, given the price I thought I had quality and diversified meals. They are adapted to the Chinese population... contained personnel.",2023-10,translated_argos,
Sipadan Kapalai Dive Resort,5.0,"This is one of the most beautiful travel destinations that I have ever been to. At first, I was a bit skeptical about this Sipadan Kapalai Resort, because I have read through some bad reviews about the room condition. But I'm lucky that I don't have to go through all this bad experience. Each room is a standalone chalet that is built on top of the sea. I think some rooms are newer and some are slightly aged. But overall, I think the maintenance is quite good. My room is spacious and clean. Everything is functional. The Aircon is cold, but due to the hot weather, you will still feel heat in the afternoon and evening. As for the food, I think it is average. It is buffet style for all meals(breakfast, lunch and dinner). I think breakfast is the best because you hardly go wrong with fried rice, scrambled eggs, omelette or waffles. For lunch and dinner, the dishes are more suitable for locals. Anyway, don't worry about food running out if you are late to the restaurant. They always refill the food and there is always plenty of food left as long as the time is still within the buffet session.
The view at this resort is magnificent. I think the water is crystal clear, and you can always see a lot of fish swimming around the resort or beneath your room. It is like living on top of an aquarium. I'm lucky that I managed to see a few turtles swimming around in the early morning also. This is truly amazing. There are also sunset and sunrise point where you can take memorable photos and videos.
Overall, I am glad that I have visited this place. This is definitely one of the best places I have ever traveled to.",2023-10,not_applicable,
Sipadan Kapalai Dive Resort,5.0,Gorgeous location with attentive staffs. Just be prepared that the rooms further from reception may not receive any WiFi or data. No TV in room also.,2023-10,not_applicable,
Sipadan Kapalai Dive Resort,3.0,"度假村周围时常漂浮着塑料垃圾。
希望那边的工作人员可以打捞上来。
一起照顾海的清洁，给海龟和鱼一个安全的地方。

一个有着很美玻璃海的地方。
在度假村可以无限的浮潜。
看日出，看日落，看星空，看海龟。
很多五颜六色的珊瑚和躲在珊瑚的鱼群。
尤其是在潜水中心后面～就像是kapalai的后花园。

Can unlimited snorkeling place.
Lot colourful corals and different types of fish just behind the dive center.

But  rubbish and waste floating around the resort.
Hope staff can clean it and not just let it float on the sea.",2023-09,not_applicable,
The Taaras Beach & Spa Resort,3.0,"Disappointing Experience for the Price Paid

We stayed at The Taaras for 2 nights with a group of 5 people and paid RM7,500 — which we expected to reflect in the service and overall experience. Unfortunately, it fell short on many fronts.

Cons:

The van that was supposed to pick us up upon arrival wasn’t there, causing unnecessary hassle.

Our bags weren’t in the hotel room when we arrived.

The interconnecting door between our rooms was faulty and couldn’t open fully.

Toiletries were insufficient despite us adding an extra bed.

Only 4 glasses were provided for 5 guests.

One of the pillowcases was dirty, which was unacceptable at this price point.

The welcome cocktail was underwhelming.

The resort felt overcrowded, which took away from the relaxing atmosphere we were hoping for.

Breakfast was below expectations — limited spread and not up to par with the luxury pricing.

Pros:

The beach was clean and beautiful.

The water was clear.

Resort facilities were acceptable.

Overall, for the amount we paid, the service and amenities did not meet expectations. While the natural surroundings were stunning, the lack of attention to detail and service made our stay less enjoyable. Definitely not the luxury experience it’s marketed to be.",2025-06,not_applicable,
The Taaras Beach & Spa Resort,5.0,"I stayed at Taras Resort. I was satisfied with the food and facilities. I got a yoga class, but it was a very good experience.",2025-06,translated_argos,
The Taaras Beach & Spa Resort,5.0,"You can arrange for shuttle from the jetty to the resort which is pretty convenient.
We stayed in the Cliff Bay View Suite and the view was amazing. Room is spacious enough for a family of 5 (2 adults, 3 kids)  , there is free buggy ride from the lobby to the Suites.
Breakfast has quite decent variety for both adults and kids and most importantly the dining hall overlooks the pool and the beach so we can just jump into the water after breakfast.
Amenities/activities provided were also great.
All in all we had a great time there.",2025-06,not_applicable,
The Taaras Beach & Spa Resort,5.0,Pricey,2025-06,not_applicable,
The Taaras Beach & Spa Resort,5.0,"Our second visit here but this time we stayed at the Bayview two Bedroom suite, instead of taking two Garden Suite. Definitely worth it for family of four with 2 big children. The suite is huge and very luxurious, fittings are good and look new.
The highlight is the spa bathtub which overlooks the bay below, quite an experience!
The bay is very nice, with gentle waves and clear water, Maldives standard.
We got dinner one night in the package  which we took at MareNero. It is dear but good quality and the Italian desserts were excellent.
Breakfast was a reasonable spread and there was good nasi dagang and roti canai stand.

We came from KL and the whole experience is fast and unstressful. Fly from Subang Airport, which at the moment is a very chill experience. All the Berjaya Air staff at both Redang and Subang Airport are cheerful and helpful.
Redang airport is also very chill and then a short 5 minute van ride you are already at the resort.

Hamdan was assigned to help us, and was friendly and helpful. Staff at the front office and porters etc also very helpful and friendly.

We just went for a weekend and it really hit the spot!
We will be back again next year!",2025-06,not_applicable,
The Taaras Beach & Spa Resort,5.0,"We had an amazing stay at The Taaras recently, and would like to specially commend Hamdan for his outstanding hospitality. From the moment we arrived, Hamdan consistently greeted my wife and I with a warm smile, making us feel truly welcome. He was always ready to assist with our activity reservations and handled any issues that arose swiftly and professionally. His attentiveness made our stay even more enjoyable — thank you, Hamdan!

As for the hotel itself, the overall experience was fantastic:

Exceptional hospitality — every staff member we met was friendly, courteous, and professional. It really made us feel valued as guests.
Delicious buffet choices — we had the chance to try the breakfast, lunch, and dinner buffets. The spread was generous with a good variety of local and international dishes.
A special mention to a lady whom I believe is a deputy manager — when our Cliff Bay Suite wasn’t ready even after 3pm, she graciously arranged a temporary room for us to freshen up and even extended a complimentary dinner buffet for the inconvenience. A thoughtful gesture that we truly appreciated. Great facilities around the resort, with convenient buggy services that made it easy to move about the property.

We thoroughly enjoyed our time here and will definitely be coming back in the very near future. Thank you, The Taaras!",2025-06,not_applicable,
The Taaras Beach & Spa Resort,1.0,"Disappointing Stay at The Taaras - Overpriced and Overrated

Our recent stay at The Taaras was a huge letdown from start to finish. It started at the jetty, where we waited in the hotel van for over 15minutes because it was blocked by other vans. We had to ask the drive and call hotel ourselves to sort it out.

Check-in was messy. Despite booking for 11 locals, the hotel insisted on collecting everyone's IC, which I think it's unnecessary. Then they claimed our package didn't include the Turtle Discovery, even though it clearly did. Thankfully, I brought the booking receipt.

Rooms were not well maintained i.e dirty staircases, faulty doors, broken kettles and fridges. The whole place didn't feel like a 5-star resort.

Activity arrangements were chaotic. We had initially reserved our Turtle Discovery activity for 9am the next day. Later, we were asked to shift to 10am, which we agreed to. However, when we arrived at 9:50am, we were told the booking was only for 10 guests instead of 11 and were asked to pay extra for one person. This was never communicated to us during check-in.

To make matters worse, we were made to wait even after 10am because they were not enough life jackets. It was frustrating, especially since all activities had been pre-booked, and the hotel should have arranged accordingly.

Another concern was housekeeping. When we returned from our snorkeling activity around 1pm, our rooms were still not cleaned. We informed the front desk, then went for lunch from 2-3pm. Shockingly, the rooms remained untouched.

Based on this experience, I find The Taaras to be highly overrated. The price we paid does not reflect the poor service, inadequate facilities, insufficient no of staff and disorganized activity arrangements.

This was my second visit to Redang Island, but my first (and likely last) stay at The Taaras. I love the island and will return, but I'll choose another hotel next time. The only thing I enjoyed during the stay here were the fire show and swimming with the turtles.

I hope this feedback is taken seriously.",2025-06,not_applicable,
Pulau Payar Marine Park,5.0,"Trip to this island are very exiting, very nice view and natural",2023-01,not_applicable,
Pulau Payar Marine Park,5.0,"Hold on, clear. Rich flora fauna. Beautiful view. Fits for week-end activity. Best",2023-01,translated_argos,
Pulau Payar Marine Park,5.0,"nice place to travel, very beautiful!",2023-01,not_applicable,
Pulau Payar Marine Park,5.0,Beautiful view,2023-01,translated_argos,
Pulau Payar Marine Park,5.0,Its that have 🏄‍♀️ over there ?,2023-01,not_applicable,
Pulau Payar Marine Park,5.0,"Nice place  i will visit again.for cuti cuti malaysia .Amazing place and nice place to visit, sunny day and lucky able to see baby sharks. Water so clear and clean..",2023-01,not_applicable,
Pulau Payar Marine Park,5.0,Nice & beautiful place,2023-01,translated_argos,
Pulau Payar Marine Park,5.0,"I recently visited Pulau Payar Marine Park and had an amazing time. The park is located on a beautiful island and is surrounded by crystal clear waters. The snorkeling and diving were some of the best I've ever experienced, and I saw a wide variety of marine life including colorful fish, coral reefs, and even a few sea turtles. The staff at the park were friendly and knowledgeable, and they provided all of the equipment I needed. Overall, I had a fantastic time at Pulau Payar Marine Park and would highly recommend it to anyone interested in snorkeling or diving.",2023-01,not_applicable,
Pulau Payar Marine Park,5.0,Good view and breathtaking.,2023-01,not_applicable,
Pulau Payar Marine Park,5.0,"There's a boat pack, beautiful view to go to.",2023-01,translated_argos,
Berjaya Tioman Resort - Malaysia,3.7,"A little dated, but the dive sites around are so good. Good value, you get what you pay for, and pay for every activity you wanna doFood got tired after say 3, could do with more varietyPeople are nice but could use a little more refinement to up the overall quality. Service is like a 3* place...",2026-04,not_applicable,
Berjaya Tioman Resort - Malaysia,5.0,"Amazing stay! Beautiful property, clean and comfortable rooms, delicious food, and very courteous staff. Perfect place to relax and unwind. Highly recommended!
What truly stood out was the peaceful atmosphere and the range of activities available, making it ideal for both relaxation and recreation. Whether you want to unwind by the pool or explore the surroundings, this place has it all.
We had Kayaking and ATV ride in the resort...it was superb...",2026-04,not_applicable,
Berjaya Tioman Resort - Malaysia,5.0,Superb experience with really good service. i really enjoy my stay here. Recommended for those who dont really care about the price.,2026-04,not_applicable,
Berjaya Tioman Resort - Malaysia,5.0,"The morning yoga must go.
The teacher is very serious and few, so you can exercise.
The whole environment is fine.
Push.",2026-04,translated_argos,
Berjaya Tioman Resort - Malaysia,5.0,Had a stay for our anniversary and it was absolutely pleasant! Would recommend 10/10!,2026-04,not_applicable,
Berjaya Tioman Resort - Malaysia,5.0,"the rooms was amazing , very comfortable and the bed was very nice. the amenities provided was on top . service wise , we had to wait for almost 30 mins for the ride to come despite calling alot of times . other then that the man was very friendly and welcoming . location was very nice , having a nice place to wake up on and do yoga . we had bruce to assist us and he was very patient despite our first time . he was very professional and fun . with that no other problem and would love to be here again .",2026-04,not_applicable,
Berjaya Tioman Resort - Malaysia,3.0,Experience not really well due to service not details . Did not apologise when delay. We came with a team of 8 people. End with not a very nice wrap.,2026-04,not_applicable,
Sipadan Kapalai Dive Resort,5.0,"Superb resort to view of corals,fish and turtles.",2023-09,not_applicable,
Sipadan Kapalai Dive Resort,4.0,"Foods not really nice, view nice",2023-08,not_applicable,
Sipadan Kapalai Dive Resort,5.0,!,2023-08,translated_argos,
Sipadan Kapalai Dive Resort,4.0,"Rooms is big and sea view is priceless.
Staff service here really good.
And buffet very suitable for ASIAN.
Only things is rooms thr is no network connection.
May be purposely want to stay here pure relax without disturb.
Overall its good experience to stay here.",2023-08,not_applicable,
Sipadan Kapalai Dive Resort,5.0,"This kind of place is absolutely surreal. It is definitely a must visit for those who appreciate pure natural beauty, isolation and the closest encounters you can get with marine life.

My highlights of the trip were watching the sunsets (an unencumbered view of the ocean on fire), doing the organized dive trips, and viewing sea life from my literal balcony (I saw 5 turtles in one night, manta rays, octopus countless types of fish). The resort is built in an organized fashion and has carts to drive you around to your bungalow (if it is too far).

I will say that it is quite a far transport - you need to fly into Tawau airport, take their shuttle 1.5 hours to Sipadan, then ride a 45 minute boat. However, for what it is, you should visit.

Some of the resort guests are also quite loud and don't understand etiquette regarding quiet times or respecting the beauty of the surroundings.",2023-08,not_applicable,
Sipadan Kapalai Dive Resort,4.0,watch on my youtube channel azrul tennessee,2023-08,not_applicable,
Sipadan Kapalai Dive Resort,4.0,It's the Red. It's beautiful.,2023-08,translated_argos,
Perhentian Island Resort,3.0,"A paradise place, we took full advantage of the beach and snorkeling.
However, the rooms lack maintenance and are not clean at all. The cleaning service is not at all effective! Too bad for such a place.
Another point of discontent: the geckos in the rooms are countless! For those who fear it, don't think about taking this hotel.
Food, no varieties.",2026-03,translated_argos,
Perhentian Island Resort,5.0,good service and great prices,2026-03,not_applicable,
Perhentian Island Resort,4.5,"perhentian island resort stayed 3 nights I had a negative reviews among the reviews I saw when I booked, and it was much finer than I thought. The bugs were not inconvenience at all, except that there is a little bit of the ants, and if the door closes well, there was no mosquito. It is not a whole new building, but it was too old and it was not discomfortable. If you think it is a cabin type room in the island, it is very satisfied. The air conditioning was very cool. The service of the staff was very good. It’s a lot to think about the convenience of customers in various parts. When you have a boat, you can carry your luggage to the hotel’s guest room, and you can eat it at the restaurant, and the attitude you want to help when you’re talking about it. The beach is so beautiful in front of the hotel, so if the room is not really simple, it would be satisfied, the hotel was also satisfied with the whole discomfort. If you are interested in seeing a negative reviews, we would recommend that you come without worrying about it.",2026-03,translated_argos,
Perhentian Island Resort,3.2,The resort is very old. I think the management should consider to upgrade & revamp the resort. It is still the same as 20 years back. The only good point about this resort is the beach,2026-03,not_applicable,
Perhentian Island Resort,2.0,"No help with. Cases on arrival.
Breakfast restaurant bit of a free for all. No one greeting to sit down and advise on how things worked. Not very many options, everything empty and cold. Staff not particularly helpful and did not really understand us. I guess the highlight was just swimming with a turtle
We found on our own!!",2026-03,not_applicable,
Perhentian Island Resort,1.0,"I am writing this review to strongly warn other travelers.

I stayed three nights at the Perhentian Island Resort (Pulau Perhentian Besar, Turtle Beach). During my stay, I suffered clear and medically confirmed bedbug bites. The symptoms started after the first night and worsened each day, showing the typical linear pattern. A pharmacist confirmed this, and I have photo evidence.

What is even more alarming than the incident itself is how it was handled. After I reported the issue, I was moved to another room for the final hours before my departure. This was not a gesture of goodwill, but simply the minimum necessary response. At the same time, I was told that no responsible person was available to make any decisions regarding compensation and that I should follow up by email. I clearly stated already then that this approach would likely result in the issue being denied later. Unfortunately, this is exactly what happened.

After my departure, the resort refused to take responsibility, claiming no evidence was found. I find it unacceptable that such a serious issue is being dismissed despite clear documentation.

In addition, I had significant effort and costs: medication, disinfection of luggage and rental car, and repeated laundry cycles — all during an ongoing international trip.

However, the core issue goes far beyond this single incident. This resort shows fundamental and systemic problems:
- Serious hygiene deficiencies (e.g. insects all over buffet food areas)
- Passive and disengaged staff despite high staff presence
- Lack of even basic safety standards

During a snorkeling trip, guests were not checked for their ability to swim. This led to two guests nearly drowning — they had to be rescued by myself and another tourist, not by the staff. I was personally involved and can fully confirm this.

These are not isolated failures. They indicate deep and ongoing mismanagement. Issues like bedbugs do not occur randomly — they are a consequence of sustained neglect.

Yes, the location is beautiful. But this does not justify risks to health and safety.

I strongly and explicitly advise anyone against staying at this resort.

I still expect appropriate compensation. If the resort continues to deny responsibility, I will proceed with legal action and involve the relevant authorities.

Avoid this resort!

Regards
Peter Schultze",2026-03,not_applicable,
Perhentian Island Resort,2.0,Great location but poor service|Rooms are not up to my cleaning standards|Very basic shower amenities and towels are old and ragged|Breakfast is ok. Good quality and plenty of choices.|This and the beauty of the location save the place|Staff are correct but not nice and warm||Restaurant serves unedible food,2026-03,not_applicable,
Perhentian Island Resort,5.0,Fantastic,2026-03,translated_argos,
Perhentian Island Resort,5.0,"The most beautiful beach and the chalet on the sea, wonderful to feel the sea from the bed... and see turtles and sharks a few dozen meters from the beach!
You have to walk to Barat or Tuna!",2026-03,translated_argos,
Pulau Payar Marine Park,5.0,Wonderful place to capture ur moment here with the best view of nature..like this place and it make me calm🙂🙂,2023-01,not_applicable,
Pulau Payar Marine Park,5.0,The sea water is very clear,2023-01,not_applicable,
Pulau Payar Marine Park,5.0,Great place for holiday with family,2023-01,not_applicable,
Pulau Payar Marine Park,5.0,A fun and unforgettable vacation.  Visiting Pulau Payar Marine Park can bring you too many beautiful and happy memories.  Those who want to vacation with family and friends are highly encouraged to visit this island.  there are snorkeling and scuba activities here too.,2023-01,not_applicable,
Pulau Payar Marine Park,5.0,Good place to go,2023-01,not_applicable,
Pulau Payar Marine Park,5.0,Very nice and safe to snorkel if you haven't been to snorkelling. This was our first me and my small family joining the underwater world experience with scuba diving. Marine park so beautiful with colourful fish. Best for family diving’s and other sea activities,2023-01,not_applicable,
Pulau Payar Marine Park,5.0,Wow nice place,2023-01,translated_argos,
Pulau Payar Marine Park,5.0,A must visit when coming to langkawi. This place was a really great marine park with a lot of water activities. Will come again later.,2023-01,not_applicable,
Pulau Payar Marine Park,5.0,"If you are looking for a healing and beautiful place in Langkawi, you can swim,snorkel and scuba dive among the amazing coral reefs and marine life Pulau Payar Marine Park is the best site to go.",2023-01,not_applicable,
Pulau Payar Marine Park,5.0,A clear sea and mind soothing place to be with your loved ones,2023-01,not_applicable,
Berjaya Tioman Resort - Malaysia,4.0,"hotel toilet outside no carpet、The toilet has no drain, so the water on the floor cannot drain.",2026-04,not_applicable,
Berjaya Tioman Resort - Malaysia,4.0,Bruce teacher very nice people for teaching us yoga the reason i give servis 3 star because we naver get the transport,2026-04,not_applicable,
Berjaya Tioman Resort - Malaysia,3.0,"Facilities are a little date, but you get what you lay for. Value is good",2026-04,not_applicable,
Berjaya Tioman Resort - Malaysia,5.0,We've had a great stay at Berjaya. It's peaceful and beautiful. The staff and all the people on the island are very kind and hospitable. We've been snorkeling with turtles and little sharks. Really an experience for us!,2026-04,translated_argos,
Berjaya Tioman Resort - Malaysia,5.0,Fantastic resort with great service and lots of activities to participate in. And a big plus is that the resort is right across from Renggis Island where you can dive and most likely see turtles and sharks (completely harmless).,2026-04,translated_argos,
Berjaya Tioman Resort - Malaysia,5.0,Very comfortable family type stay. Staff and GM Captain Louis super welcoming. Nice activities near by. Rooms were very nice indeed,2026-04,not_applicable,
Berjaya Tioman Resort - Malaysia,5.0,"3 times i vizited this place. As a student, then with parents, now with my own kids",2026-03,not_applicable,
Berjaya Tioman Resort - Malaysia,4.0,I liked the atmosphere in berjaya tioman island resort. Hopefully i will come again for vacation soon.,2026-03,not_applicable,
Berjaya Tioman Resort - Malaysia,5.0,Love it,2026-03,translated_argos,
Perhentian Island Resort,5.0,"Perhentian Island Resort is the best hotel in Perhentian . You will not regret it . Its my 5th year in a row visiting this island . Great staff , rooms , food and beach",2026-03,not_applicable,
Perhentian Island Resort,5.0,"Absolutely loved our family trip to the Perhentian Islands! The beaches are stunning with soft white sand and crystal-clear water. Our kids had so much fun swimming, snorkeling, and spotting colorful fish. Some areas can get crowded, but the natural beauty and relaxing vibe made it totally worth it. Perfect for a memorable family getaway!",2026-03,not_applicable,
Perhentian Island Resort,5.0,We had an amazing stay at Perhentian Island Resort. The hotel is beautiful and offers a stunning view over the sea. The staff is very attentive and always helpful. The activities offered are great — we joined the snorkeling trip and were lucky enough to see blacktip reef sharks and sea turtles. A wonderful experience. We highly recommend this place.,2026-03,not_applicable,
Perhentian Island Resort,5.0,"I booked this place from klook, I did have a good experience here, the resort so clean and peaceful, the staff , reception, waitress and especially Ms. Hanim. Did a very good job. I'm so satisfied",2026-03,not_applicable,
Perhentian Island Resort,1.0,"Nothing good to remember from this hotel, nothing goes well, their assets is the location, over the hotel charges astronomical sums for boat trips, washing machines etc. while everywhere it is a third of the price and the staff steals your things and walks with you in front of you and denies in bloc you having stolen them, a FUYEZ advice !!",2026-03,translated_argos,
Perhentian Island Resort,1.0,"STAFF ATTENTION WHO WANTS!
My companion had his shoes stolen in front of our Bungalow the day we left. Luckily I recognized them at an employee's feet before I left. In front of the leadership the man denied. Management didn't do anything.
Pay attention to your belongings, do not let them clean up in your rooms at risk of being stolen and leave nothing in front of the door.
Secondly, food poisoning for three of us.
A pizza without peppers ordered because of allergy, pizza received with peppers, express request to redo one: peppers hidden inside. Pizza probably frozen but at no time did the staff specify that I simply had to change dishes because it was impossible to remove them for them. I've been very sick all night, better not have deadly allergens here on this island I'm telling you!
For a 3-star hotel it's a shame.
Beautiful room but really badly cleaned: stains on sheets and towels, coffee stain on furniture, window door that overlooks half broken exterior, mold etc.
I'm gonna stop there.",2026-03,translated_argos,
Perhentian Island Resort,4.7,"The best location in the Perhentian Island, lovely long sandy beach , great service from all the staff: reception, restaurant , etc..The hotel was well looked after , no internet inside the room only at reception and restaurant.Food from the restaurant was a little above average.",2026-02,not_applicable,
Perhentian Island Resort,3.0,"The only reason to stay at this place is the beach.  Everything else is terrible. The rooms are old, the plumbing stinks, the cleaning is marginal. The towels and bedsheets had stains and the daily housekeeping was not well done. An area where this resort could have attempted to save itself is the food, but even that is just ok. The recreation centre closes at 4pm, 3 hours before sunset which is really inconvenient considering most guest are still out on the water. The staff is polite, but inflexible and lacks good customer service skills. They make no effort to improve the quality of guest experience. The beach is gorgeous, but the room hygiene, smelly plumbing, and old facilities made it unbearable to stay there. Unfortunately, I could not wait to leave.",2026-02,not_applicable,
Perhentian Island Resort,5.0,Undeniable quality on a dream beach..,2026-02,translated_manual,
Sipadan Kapalai Dive Resort,2.0,"KAPALAI DESERVES MORE!

We stayed 6 nights and 7 days at this fantastic resort. I would like to share my experience so that those who choose this resort are aware of the significant limitations that unfortunately this magnificent structure presents.

Value for money 5/10
Considering a cost of about 650 euros per night for two people (High season - diving package with 3 or 4 dives per day), I wouldn't return to this resort.

The company policy is mainly oriented on the Asian market, and this choice affects numerous aspects that I will list here:

1. The transfer by speedboat from Semporna Port to Kapalai was not at all comfortable. We are used to the sea, and I understand that the weather conditions cannot be controlled, and there is an internal schedule to follow. However, I would like to emphasize that the boat was not suitable for those sea conditions; the rigid hull continuously slammed against the waves, resulting in a sore back. The captain could have easily reduced the speed.

2. Inadequate and unprepared staff. The management was careless in addressing various issues raised, and there was a total lack of authority in enforcing the necessary rules for civil coexistence and respect for this magnificent ecosystem and for those who wanted to spend relaxing moments.

2. Hygiene, cleanliness, and maintenance of the structure need improvement. The rooms are large and spacious with air conditioning, a fan, kettle, minibar, and safe, but a bit outdated. Maintenance is needed, especially in the bathroom. There are different types of chalets, some recently renovated. At the time of check-in, the room was very dirty, the wooden floor had not been cleaned, dust everywhere, especially on the shelves of the open wardrobe, and we even found a used soap in the shower. Towels were washed and fragrant but stained (despite being changed every day). Bird droppings on the balcony were not cleaned for days. Periodically, between 1:00 PM and 5:00 PM, maintenance workers start their work, and they don't care about the noise they make. The wooden planks of the pier that connect the rooms, since they are not properly fixed, make a terrible noise every time bicycles or golf carts pass near the room (this happens at all hours).

3. Environmental awareness and pollution control are non-existent. The showers in the rooms drain directly into the fantastic crystalline waters surrounding the resort, releasing polluting substances from the used soaps and organic waste (we even saw floating organic waste). Some areas of the resort's walkways are cleaned with bleach, which ends up directly in the sea after washing/rinsing.

4.Non-existent internet connection (this could be a plus for some). Wi-Fi is only available in the reception area, but it's very slow. Despite buying local SIM cards for data connection, the signal was completely absent for 2 days due to issues with the resort's receiver antenna
.
5. Good food for those who enjoy Asian cuisine. There is a total absence of continental dishes, only predominantly Asian cuisine with limited variety",2023-07,not_applicable,
Sipadan Kapalai Dive Resort,2.0,"Such a beautiful place deserved a far better management. The whole hotel needs urgent maintenance, the food is terrible - tastes horrible, it’s not well cooked, it’s cold and there is not enough variety and quantity. The hotel also does not have a bar and it imposes severe restrictions on accessing to the sea (safety concerns, they say). It is definitely not the luxurious place that the picture tries to portrait. Good aspects: the sea is gorgeous, the staff is nice (although without much hospitality training), and the dive centre and diving service is top quality.",2023-07,not_applicable,
Sipadan Kapalai Dive Resort,5.0,Good,2023-07,translated_manual,
Sipadan Kapalai Dive Resort,3.0,"Sipadan is truly a paradise on Earth. Crystal clear waters and an abundance of sealife. Beautiful place indeed.

Why not 5 stars?

The room looks very nice, made out of timber and all but the air-conditioning wasn't working despite the maintenance guy fixing it. It kept me sweating for most of the night. Second of all, the lack of connectivity (be it the lack of a phone in the room or wifi) made things a lot less convenient.

The food was substandard considering the abundance of fresh seafood available. The buffet has an average spread each meal but some items were not refilled. For example, mushroom soup ran out at 1pm for lunch. Lunch time is 1230-2pm. When asked, we were told that there will be no more refills. For an island where you have the exact number of guests at any one time...it is shocking that anything will run out after 30 mins of it being served in a buffet.

The setup seems to favour the Insta or weibo influencers rather than ppl who are there to experience reality. Lovely place to get tons of videos and pictures...",2023-07,not_applicable,
Sipadan Kapalai Dive Resort,5.0,"Overall is great.
Just location far",2023-07,not_applicable,
Sipadan Kapalai Dive Resort,3.0,"We weren't informed prior to booking or in the midst of making the booking that we would have to do a min 4d3n in order to be able to do a sipadan dive which was the whole point of the trip.

Secondly, when we arrived at the dive center, we realised we could have done the AOW course here and saved 4days worth of time in Semporna. we could have just booked a 5d4n in this resort, do the course and still achieve the mabul, kapalai and sipadan dive. Because of this, we ended up diving at the same exact sites as during the course. This is strange to us as the representative of the resort was aware that I had a friend with me who was going to do the AOW course in Semporna so she could dive in Sipadan from the start but she failed to recommend to us this other alternative that we came to know about upon arrival to the resort. We could have saved so much precious time from staying in semporna and booked a 5d4n at the resort, complete the AOW course and still achieve diving at Sipadan.

The good points would be, Glenn our dive guide is extremely kind and nice. he helped to chase away a huge remora that was persistently following me (prior trauma from being bitten by remora).
he is always checking on us in the water and made sure we’re all together. he is very patient and encouraging. I didn’t want to do the dive after a strong storm that early morning cus of the current but he encouraged me and willingly waited for me to feel comfortable enough. later that day, we met three sharks and an octopus and some barracudas. no regrets! thanks to glenn ❤️ the service at the dive center is impeccable. i don’t know his name but he is usually wrapped in a towel to his chest. he is always smiling and very nice to us at the towel counter. We saw so many macros and turtles! Glenn is a macro expert! We saw a banded sea krait at the boardwalk of the restaurant.

The visibility i would say, isn’t the best. but it’s enough. a lot of particles and sediments.",2023-07,not_applicable,
Sipadan Kapalai Dive Resort,5.0,"Went during May 2022 when Price was cheap because border just open after covid. We pay Rm 660/pax. 2 person in one room but actually room can be fit for 4 pax. There was two twin bed and one queen bed provided. We have our own balcony.

Food are delicious too (5meals provided). Buffet lunch on arrival > tea time > dinner > breakfast > lunch before departure.",2023-07,not_applicable,
Sipadan Kapalai Dive Resort,5.0,"3 days and 2 nights
The whole feels good.
The environment. It's okay. It's quiet.
Food.
The equipment needs to be rented.
Sunrise and sunset, not a beautiful day.
Celcom's room is connected.
digi, the room doesn't have a network.",2023-07,translated_argos,
Sipadan Kapalai Dive Resort,5.0,Very nice for relaxing holidays. Food can be improved.,2023-07,not_applicable,
Sipadan Kapalai Dive Resort,5.0,"1. If you want to remember your stay for lifetime, this is one of the place you should chose
2. It's expensive as this is the only water bungalow in this island
3. You may do unlimited snorkeling during your stay here
4.  Not crowded like Mabul. This place is less touristy
5. Water is not deep around the bungalow and corals can be seen everywhere
6. Lot of colorful fishes around
7. Very romantic and safe place",2023-06,not_applicable,
Sipadan Kapalai Dive Resort,2.0,Very smelly n dirty,2023-06,translated_manual,
Sipadan Kapalai Dive Resort,5.0,"Heaven in the earth this place,nice fr weekend",2023-06,not_applicable,
Sipadan Kapalai Dive Resort,5.0,"I would like to visit again, but maybe I would like to come again.
Fly to the airport of Tawau and drive to Camporna.

The diving resort on the far sea has become quite difficult to take a vacation as long as shearly man continues.

If you are a diver, you should definitely go.

It is a wonderful place where you can think only about the sea, because it is built a resort on the sandy beach rather than the island.",2023-06,translated_argos,
Sipadan Kapalai Dive Resort,5.0,It's a beautiful view.,2023-06,translated_argos,
Sipadan Kapalai Dive Resort,5.0,Nice Reilly! Dive shop full of convenience! The room is clean! The sea doesn't have to be very nice. The first impression when I came here was a beautiful blue sky. BRAZIL,2023-06,translated_argos,
Sipadan Kapalai Dive Resort,5.0,Excellent!,2023-06,translated_argos,
Sipadan Kapalai Dive Resort,2.0,"My partner and I spent 4 nights at Kapalai to scuba dive. Overall our experience was generally a positive one, but the 2-star review I'm giving is because on our final dive, after surfacing, our boatman Mustafa failed to see our signal buoy. It seemed as though he was sleeping, because the boat was completely idle for the next 90 minutes - there were no attempts to look for us, even though he well knew we should have surfaced by then. Our dive guide, Wei, also collapsed the signal buoy after about 3 minutes, and I had to plead with him to put it back up because it was obvious the boat had not seen us. Fortunately, luck was on our side and the current was pushing us back to Kapalai, but we swam for an hour to make it back safely. This could have been catastrophic if not for the current and where our dive site was. The manager of the dive center was apathetic to the situation and just directed us to the manager of the resort. The manager at least ended up comping our rental gear (~$180 USD for 2 people for 3 days).

Aside from that experience, Kapalai was very beautiful and well maintained. The staff weren't especially friendly, however. We were cautious with the food after reading other reviews from guests who had got food poisoning, and we fortunately had no mishaps. If you're not scuba diving, prepare to get bored after a few days, as there is not much to do aside from snorkeling around the house reef and kayaking in a small protected area.",2023-06,not_applicable,
Sipadan Kapalai Dive Resort,2.0,"This is by far the most beautiful location I’ve ever been to. Having crystal clear turquoise waters outside your window, with turtles floating by, is quite at experience.
Such a beautiful location deserves a really well managed resort with attention to quality (especially considering the price). Unfortunately that’s not the case at Kapalai. Room condition is in much need of renovation. Food, hygiene, and staff are really below decent. Dive masters are ok, but several didn’t take safety seriously.

After an incredible journey through Sabah meeting amazing people and seeing care for the environment, it was disappointing to finish our travels here.",2023-06,not_applicable,
Sipadan Kapalai Dive Resort,5.0,House Reef 🪸 and Huge Turtle. Visibility was poor.,2023-06,not_applicable,
Sipadan Kapalai Dive Resort,3.0,"The view there is always 5 stars.

The hotel guide is not explained detailed enough. We need to go office few times to get more information.

Breakfast, lunch, tea time, dinner included, but the taste, hawker center is even better.

No WiFi, no intercom system in the rooms, some rooms with bad Telco network coverage are unable to call  for buggy service, thus some guests have to walk from rooms to restaurant/office

Some rooms with shabby furniture, air conditioner in my room was not cooling, requested to change room, mood was slightly spoiled, luckily the process was smooth. (Total 7 guests requested to change room in the same day)

Not many activities are provided in the resort, and all activities need additional charges.  No TV in the room also.",2023-06,not_applicable,
Sipadan Kapalai Dive Resort,4.0,"We stayed for 4 days 3 nights. It was an amazing experience! Our chalet was overlooking the sandbar (mini sand beach), we could hear the waves hitting the shore so that was relaxing. To be able to see the wildlife out there in the open was an amazing experience too. We saw turtles, stingray and many types of fish. We managed to see stingray hunting the fishes, squid trying to hunt fish.

However, like some of the reviews mentioned below, there is some lack of activities that make the long stay a little boring. I think 2 days is good enough",2023-06,not_applicable,
Sipadan Kapalai Dive Resort,5.0,"Nice environment, extremely clean emeralds colour sea water, though the sandy beach is small but is white beach and good for photo taking. Consider big compound area for visitors to walk around, no daily tourists visit which keep the area with better privacy. Food is good and well present,  restaurant is also very clean and you can choose open restaurant to enjoy the cool breeze.",2023-05,not_applicable,
Sipadan Kapalai Dive Resort,4.0,Is a nice resort.they have airport and hotel pick up .make it easy however. the food at buffet. some are not labeled. don't wa it is. and the Stewart not all can speak eng. if you want sun bathing not many chalet get afternoon sun.only one restaurant I expect people have 2 walk far for meals.,2023-05,not_applicable,
Sipadan Kapalai Dive Resort,5.0,Great environment. Great view. But it's hard to book. 👍🏻,2023-05,not_applicable,
Sipadan Kapalai Dive Resort,1.0,"Not recommended.
The purest clearance.
Mass instead of class. Mountains of food, but all not really delicious and always cold. No set tables, no service.
The local guests stand in line and shovel their plates full. Then mountains go to the garbage.
It is a good dive center in the hotel, but dive hotel is absolutely misleading. Not even five percent of the guests are divers.
The reefs are actually great and there is a sensational underwater world. Unfortunately with a lot of plastic waste everywhere.
Sipadan is the exception. Just great. Unfortunately, the common tourist is only allowed two days for four dives there.
Housekeeping is the friendliest.
In the evening, only the employees have fun. The guests go to bed.
There are no delicious drinks, cocktails or any evening program.
You can be happy when you are greeted back by employees. Not to mention a friendly smile.
Really a pity, because with a contemporary management it could be one of the most beautiful places in the world.",2023-04,translated_argos,
Sipadan Kapalai Dive Resort,1.0,"No, absolutely not suitable for international guests. Always eat the same,
Service only for clearing mountains of rubbish on the tables.
No set tables, always eat cold.
There is no individuality.
Pure handling.
Too bad, it is such a dreamlike situation.",2023-04,translated_argos,
Sipadan Kapalai Dive Resort,4.0,Beautiful sea views. Snorkeling and accommodation are relatively average.,2023-04,not_applicable,
Sipadan Kapalai Dive Resort,3.0,"I find price performance not consistent. The place is beautiful, so is the house reef. But there is only a tiny snorkeling area, which you can completely explore with 1H snorkeling... Further you may then only with guide and bot, but you will then be limited to a framed plot. So for all those who like to snorkel a lot and far, this is not recommended. The reefs for diving are partially broken or bleached. You can still see a lot. However, there are better reefs in Thailand Indonesia for less cost. Food is okay, but there is dessert every day water and honeymelon and sometimes pitahaia. Simple cakes, etc. I would have expected more. Rooms are very nice and spacious. Unfortunately, you hear quite strongly the transport buggies that drive people all day. Service and diving crew is super and sympathetic. Online was something of Gamehall, unfortunately there is no such thing. Would be a welcome occupation after eating, since you can not from the island. By and large, okay, but quite expensive. 4 days is sufficient. For information per three days you can go to Sipadan 1 time for 2 days for diving. According to a guest, Sipadan was apparently really beautiful 15 years ago",2023-04,translated_argos,
Sipadan Kapalai Dive Resort,4.0,It's a nice place to travel.,2023-04,translated_argos,
Sipadan Kapalai Dive Resort,5.0,"It's a beautiful room, a beautiful ocean, lots of sea animals, rooms, food.
What's bad is the restaurant staff, the reception, and the coffee shop worker at the divecenter are frowning, and I can't ask for a towel, and I'm asking you not to walk all the milk, and I'm telling you to go back to the room and say I'm going to shut down the food zone, and I'm going to ask you for ice, and I want no ice, but I'm going to buy it. I asked for a lighter, I asked for a candle, said no, only to buy it, and I didn't finish my dinner, I didn't put it in my mouth, I picked up my spoon. ▪
I understand it's a big resort, a lot of customers, but it's a service job.",2023-04,translated_argos,
Sipadan Kapalai Dive Resort,5.0,"This is an ideal place for leisure, charging and relaxing, and living on an island can stay away from crowds and noise. Look at nature, fish, birds, turtles. It feels great!",2023-04,translated_argos,
Sipadan Kapalai Dive Resort,3.0,Great holiday spot to escape from the busy city life. Rooms are decent. You get to see the aquatic life right around you. There aren’t a lot of activities in the hotel. Could have been better if they had a gym around. My only complaint is the food. It was bad. Need better dishes.,2023-04,not_applicable,
Sipadan Kapalai Dive Resort,4.0,"This place is fun, a lot of beautiful fish swim along with you. I feel safety here as there life guards around you.",2023-04,not_applicable,
Sipadan Kapalai Dive Resort,5.0,"What a paradise and magical place. This is the perfect place for city dwellers especially newly weds or family with young kids to come over and wind down and de-stress and enjoy a dose of nature and sealife.

All meals were taken care of and you won't ever go hungry here with a wide selection of food buffet style over breakfast, lunch and tea time and dinner. My wife and I are vegetarians and they cooked us a great variety of food just for us every single meal. Food was a little salty so please request upfront if you're like us who don't like salty food.

Snorkelling highly recommended here. There were only 3-4 spots to snorkel but more than enough for us to see different species of fish. Highlight was the very friendly house turtle! He even came up and let us rub his back (or clean his shell maybe) and play and swim with him!

Room was slightly warm despite having an aircond probably because of the open space concept. There was a bathtub but not recommended to conserve on water usage.

Sunset was truly beautiful. So many spots and places to take photos and relax. Also very friendly staff who were patient in answering all our questions.

All in all highly recommended for everyone to come here and enjoy.",2023-04,not_applicable,
Sipadan Kapalai Dive Resort,5.0,Paradise,2023-04,translated_argos,
Sipadan Kapalai Dive Resort,5.0,"Maldives of Malaysia

Sipadan Kapalai Dive Resort, Semporna Sabah

From Semporna jetty (journey about 45minutes~1 hour) - take a speed boat to Kapalai resort.

Sipadan Kapalai dive resort is located about 45 minutes from Semporna jetty. It is built on the Celebes sea which is famous for the 'paradise' of the world under the sea and is one of the best in the world and is surrounded by islands that are not just beautiful  .

A little info:

🟡every corner of the resort pier is strictly guarded by soldiers.

🟡each room has an emergency button for the safety of the occupants.  Can only be pressed if there are intruders such as thieves or pirates who are trying to enter the premises of the room. Soldiers will arrive in just 5 minutes.

🟡this resort is very private therefore the use of drones is not allowed at all.

🟡there are many interesting spots to take pictures because here is very wide.

🟡buggy car service is provided free of charge from 8 am to 5 pm.

🟡 In the room there is no WIFI, telephone, television but a safe and mini bar are provided.

🟡 Coverage line so far good is celcom

🟡Very suitable to come with family, friends or honeymoon.

🟡Activities that can be done such as cycling, scuba diving, snorkeling, kayaking.

🟡 meals are provided 4 times a day at the restaurant.

🟡the staff at the resort are also very friendly and helpful.

p/s: For those who care about privacy and like peace and away from noise, this resort is very suitable for vacation.

😊2day 1night so short. If u have money, stay 3day 2 night or more😁

Don't forget 👓 👒 📸",2023-04,not_applicable,
Sipadan Kapalai Dive Resort,3.0,"The resort is decent but a bit crowded for my taste. Personally, I felt a little trapped, since you're in the middle of the sea... in the middle of nowhere. So really all you can do is sign up for diving, with or without tanks.
It's also not really set up for swimming in the sea and relaxing. If you swim, there's nowhere to sunbathe afterward — sun loungers are only in the rooms.
They also offer trips to a small nearby island called Mabul, a 10-minute boat ride from the resort. Not much to it... a small village without much appeal, and you can see it all in 15 minutes.
The turquoise water and the brightly colored fish and marine life mean I can only recommend this resort to die-hard diving enthusiasts, since that's really the only thing there is to do.",2023-04,translated_manual,
Sipadan Kapalai Dive Resort,5.0,One of the most beautiful place to dive and chill in KK,2023-03,not_applicable,
Sipadan Kapalai Dive Resort,5.0,"The place is magical. The service is very professional and knows how to react to unexpected events. The dives are exceptional and you will take full view even on the surface. In short, an experience to do",2023-03,translated_argos,
Perhentian Island Resort,5.0,"Hotel facing beach , and clean",2026-02,not_applicable,
Perhentian Island Resort,4.2,"It’s a beautiful place on the island. We had a sea view room. So comfortable, with the sea views. The breakfast was not bad for the island. The service was okay but not great enough. The price is friendly. We have been lucky enough to see the beautiful monkeys and lizards front of our balcony. It was unbelievable to see them in the garden. The bay is so clean and beautiful 🤩",2026-02,not_applicable,
Perhentian Island Resort,5.0,"I stayed 8 nights in this resort and frankly I think it is by far the best on this island. I had read some critical opinions but I don't understand why it was critical. The staff is very nice, the location is just beautiful there is space between cottages unlike other resorts. There are plenty of monkey animals, squirrels etc... We have a private beach. The à la carte restaurant is very correct and well placed in price because they could knock us out since there are no 50 options in the area. A dish costs between 20&30 ringits. I highly recommend this resort with family or friends. Be careful this is not done for people who want to party but rather for lovers of nature and calm.",2026-02,translated_argos,
Perhentian Island Resort,2.7,"The aircon suddenly broke down, so we contacted the reception, who called a technician. The technician came and added gas but it still didn't cool. We went back to the reception, but no one was there after 10 p.m. Luckily, we ran into a security guard who helped us change rooms.",2026-02,not_applicable,
Perhentian Island Resort,4.0,Reception was helpful. i did my booking online and contact the number provided upon arrival . They arranged a porter to get our luggage to the reception and to the room . The bed is quite small but i know that is the normal standard here .,2026-02,not_applicable,
Perhentian Island Resort,5.0,It was a great experience,2026-02,not_applicable,
Perhentian Island Resort,5.0,"The hotel location is good where i can bring my family to enjoy local foods outside the hotel, will stay here again.",2026-02,not_applicable,
Perhentian Island Resort,4.2,"Excellent location, near the reef, clean beach, pleasant service.",2026-02,not_applicable,
Berjaya Tioman Resort - Malaysia,5.0,rooms are nice the services are also good love the lovely smiles n warm welcome by the staffs here,2026-03,not_applicable,
Berjaya Tioman Resort - Malaysia,5.0,With nice views and fantastic service from all the staffs. Very good experience,2026-03,not_applicable,
Berjaya Tioman Resort - Malaysia,5.0,Wonderful moment. For 4 days and 3 nights. Service tiptop. Ank happy is here,2026-03,translated_argos,
Berjaya Tioman Resort - Malaysia,5.0,"good place,staff friendly",2026-03,already_english,
Berjaya Tioman Resort - Malaysia,4.0,"The room was good and quite big, and the bed was comfortable. Check-in and check-out were both fast. There’s also a shuttle bus for pick-up and drop-off, the staff very friendly. The whole place has a very calm vibe, perfect for just switching off and relaxing. The beach was just a short walk away, and the snorkeling there was amazing crystal clear water and lots of fish.",2026-03,not_applicable,
Berjaya Tioman Resort - Malaysia,4.0,Very nice stay here. Got to know lots of great people and visit nice places,2026-03,not_applicable,
Berjaya Tioman Resort - Malaysia,5.0,"Had many beautiful childhood memories here, and now I’m bringing my own kids to experience it. Although the facilities could use some upgrades after all these years, the warmth of the service makes it easy to overlook everything",2026-03,not_applicable,
Berjaya Tioman Resort - Malaysia,5.0,The room was nice and clean. The staff was always friendly and helpful. An enjoyable stay.,2026-03,not_applicable,
Perhentian Island Resort,3.0,"Personally, I think that the only thing that's missing is that the room may not be so good, because the sea is gonna taste better, and the bed is a little sticky, and the planks seem to feel a little bit thin.",2026-02,translated_argos,
Perhentian Island Resort,5.0,I was traveling alone and the spot location was the best really had a relaxing 2 nights and the staff was so helpful and friendly specially the reception girls. I think if you want some quiet time and just be alone you should visit during the start of the year where there is lesser people around. Only one thing was the shops were a bit limited and the only bar which served alcoholic beverages was closed other than that it was all great surely will be back next time.,2026-02,not_applicable,
Perhentian Island Resort,1.0,"The worst booking process I have ever encountered. This is not zero, this is minus... Jieha from the reservations team is a fantastically incompetent, ill-mannered person who refuses to do ANYTHING proactively. She replies once a day. All she does is send a list of rooms. No explanations, no recommendations. Jieha works by the principle “there are many of you, but only one of me.” A very unfriendly person who completely kills any desire to stay at your hotel. As long as people like Jieha are customer-facing, your REPUTATION will suffer. Yes, during high season you will have guests. But people will know that you do not value tourists, do not respect them, and are not happy to see them. I cannot wish you success while people like Jieha work for you.",2026-01,not_applicable,
Perhentian Island Resort,5.0,Very nice place,2025-11,translated_argos,
Perhentian Island Resort,1.0,"white mould in the bathrooms that were not even cleaned

horrible treatment from the team at the restaurant who were condescending and rude.

the location and the reception staff were amazing however !!",2025-11,not_applicable,
Perhentian Island Resort,2.0,"Sorry to make negative reviews and I would like to point out that before leaving and even before writing we tried to resolve on the spot. Very disappointing to read the same issues encountered by other customers months and months ago and absolutely ignored and unsolved. I am always of the idea of wanting to make myself an experience and a personal idea but here unfortunately we repeat the same critical reports that apparently are not minimally listened. Undoubtedly the beach is beautiful and is the only strength of this Resort. The rest is overlooked and untreated, in complete decay. Vetusto furnishings: the bathrooms are flooded, mold spots everywhere, little room clean; poor hygiene throughout the structure that however needs maintenance and renovation. Breakfast is limited and sad. The bad restaurant. You must wake up at dawn to grab one of the few umbrellas on the beach. Wooden beds for the old beach, very hard and without mattresses, many broken deck chairs. The pool is almost always out of use, as well as Wi-Fi. dirty gardens, broken pavements. Unavailable staff. Complete absence of services. Short hours for reception. Report price definitely bad. |I highly recommend booking this Resort.",2025-11,translated_argos,
Perhentian Island Resort,5.0,"October 2025.
The season is considered low due to rain.
Spoiler: it is difficult to rain constantly on a day, and it lasts 30 minutes/an hour.
The resort does not need comments, clean room, equipped with every comfort and beach front. The price quality ratio is excellent.
The prices, from the reviews read seemed super inflated instead for a dinner all you can eat with buffet bbq we spent 30€ in two, to the card costs more than in the rest of Malaysia but there is, it is a resort!
They don't sell alcohol.
The strong point of the resort is the bay in which it is located. Turtle Bay.
Turtles swim side by side, spectacular.
The coral reef has no bright colors but is really rich in different fishes.
Perhentian Islands: vote 10+",2025-10,translated_argos,
Perhentian Island Resort,5.0,やなぎみわ 전 신화 기계 MIWA YAMAGUCHI JAPAN TRAVEL GUIDE,2025-10,translated_argos,
Perhentian Island Resort,1.0,"I confirm, idyllic frame! I went there from Kuala Lampur. On the other hand for the rest will have to pass again, horrible bungalow in every step it is felt that we will pass through the parquet, insects, lizards in the room, fortunately that I stayed there only 2 nights. A dirty room, catastrophic restoration, almost everything he offered à la carte was not available. Shameful. The very unpleasant server(s).",2025-10,translated_argos,
Perhentian Island Resort,5.0,"I'm sure the most beautiful beach on the island, but they should clean it up sometime. I recommend that you pay extra for a villa overlooking the sea and go to breakfast no later than 8: 00h because they are absolutely not refilled. Suitable place for snorkeling (turtles, sharks, rays, lots of species of fish and coral)
There are other reptiles in the distance or a water taxi can be used.",2025-10,translated_argos,
Berjaya Tioman Resort - Malaysia,4.7,"This was my second stay at the resort, and once again, I had a great experience. The location is excellent, with beautiful surroundings, and the staff were friendly and very helpful throughout our stay.The resort has two restaurants, although the Thai restaurant was closed during our visit. The Jetty Paya restaurant is just outside the main gate and can be easily reached by buggy. The Sarang Seafood restaurant is about 2 km from the resort, and a return taxi fare is around RM50.Snorkeling trips to Coral Island, Renggis Island, and the marine park, as well as taxi services for going to restaurants, can all be organized through the hotel. You can also visit the marine park by taxi (suitable if traveling with senior citizens), which costs around RM100–150. Activities within the resort includes a game zone for kids, gym, pool table (4RM per game), bicycling, and kayaking. We appreciated the complimentary 1-hour bicycle ride provided by the staff.Breakfast was decent, but it would be even better with a wider variety of options. The room includes all the necessary amenities, but could be more modernized to better match the overall resort experience. The resort provided a complimentary minibar in two of the three rooms we booked, which was a nice added touch.Overall, it was another enjoyable stay, and I would definitely consider coming back again.",2026-03,not_applicable,
Berjaya Tioman Resort - Malaysia,5.0,"Very nice place to stay. Staff very friendly and hotel well equiped with restaurant, bars and offers organized activities. Just a bit far from center if you want to experience around but exceptionnel that everything is great",2026-03,not_applicable,
Berjaya Tioman Resort - Malaysia,5.0,"Very nice hotel, beautiful landscape and very well organized.",2026-03,translated_argos,
Berjaya Tioman Resort - Malaysia,5.0,"Me & family had such an amazing time staying at Berjaya Tioman Resort! From the moment I arrived, I was greeted with warm smiles and friendly staff who made me feel right at home. The room was spacious, clean, and super comfortable. Beach clear water was definitely one of the highlights In the evening, watching the sunset by the beach was equally special. This place is perfect for a peaceful getaway, it’s a beautiful escape to nature and calm. I’m really grateful for the hospitality and the unforgettable experience. Everything was smooth and relaxing. Thank you to the amazing team at Berjaya Tioman. Till we meet again",2026-03,not_applicable,
Berjaya Tioman Resort - Malaysia,5.0,Happy to stay here.. Clean and kids friendly environment 😍😍,2026-03,not_applicable,
Berjaya Tioman Resort - Malaysia,5.0,"Here’s a more casual, relaxed version:

⸻

Just got back from Berjaya Tioman Resort and honestly, it was a really nice getaway.

The place is surrounded by nature — rainforest on one side, beach on the other — so the vibe is super chill. Perfect if you just want to switch off and relax for a few days.

Rooms are spacious and comfortable. Not super modern, a bit dated in some areas, but still clean and cozy so no complaints there.

The beach is definitely the highlight — clear water, calm, and great for swimming or just lepak and enjoy the view. They also have activities like snorkeling and island hopping if you don’t want to just stay idle.

Staff were friendly and helpful throughout the stay, which made things easy. Food was okay — decent variety, but nothing super memorable.

Overall, really enjoyed the stay. It’s not a luxury resort, but if you’re looking for a peaceful, nature-filled escape, this place does the job 👍",2026-03,not_applicable,
Berjaya Tioman Resort - Malaysia,5.0,"Nice place to enjoy the holidays, the room service tip top, very quick, actually we bring our special kids (autism), Berjaya resort is the right place.. thanks to Jasper",2026-03,not_applicable,
Berjaya Tioman Resort - Malaysia,4.0,All is good except the rooms need major refurbishing effort.,2026-03,not_applicable,
Pulau Payar Marine Park,5.0,The water is clear and it is a nice spot for snorkeling! The coral and the fish was amazing! Will definitely come back!,2023-01,not_applicable,
Pulau Payar Marine Park,5.0,"very beautiful and eye catching scenery, enjoy spend time by just walking with bare foot while listening to nature sound.",2023-01,not_applicable,
Pulau Payar Marine Park,4.0,Pulau Payar is associated with Langkawi but it is really nearer to Alor Sehtar. It is a nice place to visit if you want to experience snorkeling in a safe environment and yet somewhat open sea.,2023-01,not_applicable,
Pulau Payar Marine Park,5.0,The sea is clear and you can dive into the sea to the beauty of the seabed,2023-01,not_applicable,
Pulau Payar Marine Park,5.0,My favourite spot whenever I get down to Langkawi. Rotary activities are mainly water activities. Fun loving spot for family tourists,2023-01,not_applicable,
Pulau Payar Marine Park,5.0,Amazing... Such a beautiful place. Can you repeat for the future?,2023-01,translated_argos,
Pulau Payar Marine Park,5.0,It's a very interesting relief.,2023-01,translated_argos,
Pulau Payar Marine Park,5.0,must visit island.. air laut jernih.. bnyk activity air bole buat..,2023-01,not_applicable,
Pulau Payar Marine Park,5.0,"Clean water, a pretty sight. The release of tension sucks on leave here. Clean areas don't worry about unclean. Best satisfied!",2023-01,translated_argos,
Pulau Payar Marine Park,5.0,Great island... Good place to come with family... Beautiful views... Cool nature... Peaceful... Love it!,2023-01,not_applicable,
Perhentian Island Resort,5.0,Great place to sit and enjoy nature,2025-10,not_applicable,
Perhentian Island Resort,1.0,"As a strong point there is only the location: on a beautiful bay with a beautiful sea. For the rest the resort would be to throw down and remake completely as it is reduced badly. We had a sea view room falling apart. With water drains open in the bathroom from where cockroaches entered every day. And that was the best room! Food is disgusting, to eat you had to move to other resorts every time! The sea is beautiful but it is full of boats that bring to frotte tourists over 4 majestic turtles who live there. On the beach the beds are broken wood without pillows, therefore unusable. Total shortage. And the staff is no exception: dislike and rude and even thieves, since they did not return my initial deposit and they teased me when, far away, I noticed and I reported it! Ayuny is the girl who assured me that they would make me the bank transfer, obviously never arrived... Congratulations! The cherry on the cake! Go to the Perenthian, possibly not in August but do not go absolutely to the P.I.R.!! You'd regret it bitterly!",2025-10,translated_argos,
Perhentian Island Resort,2.0,"Not clean, service is bad, a lot of lazy employees",2025-10,not_applicable,
Perhentian Island Resort,3.0,"Strengths: the location on the most beautiful beach on the island with turtles and sharks.
Comfortable beds, linen and clean rooms.
Friendly and professional staff service, but impersonal.
Favour points: the buffet food is really low quality.
All sunbeds at the sea are of wood and without mats, therefore impractical.
The rooms are old and all rooms would need a nice renovated.",2025-10,translated_argos,
Perhentian Island Resort,1.0,"We had booked 4 nights at Perhentian Island Resort, but we had to leave the place as soon as we arrived because the room was in unacceptable condition. We found the presence of cockroaches, supposed mouse dung, mould, spider webs, accumulated dust, and blood-stained walls of crushed insects. The floor was dirty, and a strong smell of urine emerged from the mattress.

Faced with such a lack of hygiene, he was unthinkable to spend the night there. We immediately decided to leave and stay at the Marriott, which was our first choice and which offers an irreproachable setting.

I regret to have chosen this property only for its location, as it is quite possible to enjoy the PIR beach by staying in another hotel much better maintained and simply by taxi boat.

What is even more unacceptable is the total lack of response from management despite our numerous e-mails regarding the reimbursement of unspent nights. This silence speaks volumes about the seriousness of management and the respect given to customers.

I strongly advise against this hotel. He absolutely does not deserve his reputation or his fares, and I sincerely hope that this opinion will avoid the same misadventure to other travellers.",2025-10,translated_argos,
Perhentian Island Resort,4.0,"Staff service (boat transfer, reception, housekeeping, restaurant and gift shop): Excellent, couldn't ask for more

Location: Ideal for family activities, easy access to scenic spots
The architecture of the room was awesome in terms of vibes.

However, the cleanliness and maintenance of the room are way subpar. The room is also really outdated and poorly maintained. Given the room rate, we were expecting at the very least, a clean and well-maintained room.",2025-10,not_applicable,
Perhentian Island Resort,4.0,"Our stay at Perhentian Island Resort was generally relaxing, especially with the breathtaking sea view right from the room — the turquoise water and soft waves were simply mesmerizing. However, the cleanliness could use some serious improvement. The room was dusty, and the floor still had sand, which made it feel like it hadn’t been properly cleaned before check-in. While the receptionist (Adeena?) and housekeeping staff were polite and helpful, some of the other staff, especially in Restaurant, could benefit from proper training in hospitality and guest care. The restaurant food was just average — edible but not particularly memorable. Bihun sup was tasty, though.

Despite these downsides, the location and view make it worth visiting, especially for those who love nature and peaceful surroundings. With better upkeep and staff training, this resort could easily become one of the best stays on the island.",2025-10,not_applicable,
Perhentian Island Resort,4.0,"Beautiful beaches. Rooms are clean but can do with touch up. Aircon took a while to cool the room. Food was delicious, huge portions and not expensive. Lots of marine life to see when snorkeling at the beach 3 mins walk from the rooms",2025-10,not_applicable,
Perhentian Island Resort,1.0,The rooms are very dirty! The bathroom gives off a nauseating smell! Cobwebs pretty much everywhere... the snorkeling club is terribllllle! The restaurant is a real disaster! The only positive point is the location — otherwise there are hotels right nearby that are much better...,2025-09,translated_manual,
Perhentian Island Resort,4.0,"The spring is huge!! The staff uses motorcycles to move around the venue. The location is perfect, just in front of a beach where you can easily see turtles, fishes of all kinds and baby sharks. The tumbones are right in front, perfect to make a cocuito in the Sun.
If you are from Gavà, you must go to celebrate the wedding anniversary (Matilde, we love you ❤️😉).
As a negative point, breakfast was too expensive for what they offered, but if you follow the way and cross the bridge, you find places very shuluts where breakfast was good and economical. Barat Hotel serves alcohol, the only place on this part of the island (and also give ice cream if you know how to do it 😉).
As a curious point, we emphasize that the cleaning and gardening service are ""muted"", or that seemed to us. They don't talk to customers, but they always show you an angelic smile.
As a bonus track, you could almost swim with lizards in the pool, as they swim in the lake next door (NO is dangerous).",2025-09,translated_argos,
Perhentian Island Resort,2.0,"Great location but the sun beds are very uncomfortable. The rooms are not worth the price, this place had no renovation in a very long time. I would not recommend the food at the restaurant but the drinks are very tasty. Breakfast coffee cups and juice dispensers were covered in ants. Male staff members are polite and efficient, the girls are often over the phone or busy chatting with their colleagues. You need to wait for them to finish as they would not consider you otherwise. The toilet by the restaurant was often dirty and smells really bad inside. Poor communication with customers as we encountered some issues with the room (toilet blocked and power cut more than once). If I could go back I would definitely stay in another hotel. Also quite pricey for what this place offers in terms of facilities and costumer services. There is no WiFi in the rooms.",2025-09,not_applicable,
Perhentian Island Resort,3.0,"The best thing about the hotel is its location, on the best beach of all the islands, with incredible views. Crystal-clear water, a meeting point for turtles, small sharks, and manta rays, plus abundant marine life and an impressive variety of fish, all right in front of the room. On the downside, the hotel is quite old and needs renovating and a good facelift. Another downside is the restaurant, possibly the worst quality of all the hotels on the island. Overall I recommend it mainly because it's on the best beach in all of the Perhentians.",2025-09,translated_manual,
Perhentian Island Resort,4.0,"The hotel is fine, unpretentious — spacious, clean rooms with a very pleasant porch to sit and read or have a drink.
The bathroom is very small but clean.
Breakfast is decent, but the restaurant for lunch and dinner is terrible — bad, expensive fast food.
Without a doubt, the hotel's strong point is its location, on Turtle Beach, which is the best of all the Perhentians. For that reason alone I'd definitely recommend it, because in the end there aren't that many hotel options and this one meets the minimum requirements while being on the best beach.
I'd recommend going to eat at Coral View next door.",2025-09,translated_manual,
Perhentian Island Resort,2.0,"The beach is beautiful and breathless one of the most beautiful on the island

The staff is very welcoming and listening, the breakfast very good too!

On the other hand .. the cleanliness of the room is not at all at the rdv .. , very badly clean, there were large animals in the bathroom, the rooms are old ..

You can stay there but don't be afraid of insects!",2025-09,translated_argos,
Perhentian Island Resort,5.0,"Overall staff ok, but old-fashioned living in the love room water cubicle by the living room he's dirty water time night ngan water pressure shower problem. Overall will visit again",2025-09,translated_argos,
Perhentian Island Resort,1.0,"Takmesra customer staff, front customer complaining so rude!!",2025-09,translated_argos,
Perhentian Island Resort,1.0,so rude with customers,2025-09,translated_manual,
Perhentian Island Resort,3.0,"The hotel enjoys an undeniable asset: its location. Located on the most beautiful beach of the Perhentian Islands, the setting is simply paradise. Snorkeling is fabulous: we had the chance to swim with several turtles, a skate and even small sharks from our first bath. Unbelievable!

On the other hand, the hotel itself is aging and the service is clearly not up to date. The toilet door blocks the opening of the bathroom, no cleaning was done in the rooms during our 3 days of stay, no extra towels available without extra charge, and no clean dishes provided: we had to wash the cups and glasses made available for tea and coffee ourselves.

In short: a hotel that relies entirely on its main asset — an exceptional beach — but which would greatly benefit from improving the quality of its services.",2025-09,translated_argos,
Perhentian Island Resort,1.0,"The worst resort ever I've been in my entire life. The room looks old, the bathroom sucks dirty. Aircond leaking, sofa broken. Everything is worst about this resort.",2025-09,not_applicable,
Perhentian Island Resort,1.0,"After several stays in the Perhentian Islands, we know that the accommodation is more expensive. This accommodation is located on one of the most beautiful beaches on the island.

Unfortunately, we were very disappointed with the room. It is getting on in years, which is not a bad thing in itself. However, it is simply not clean. There was a lot of hair in the bed in the first room. When I lifted the mattress, there were traces of bedbugs. It could also be from an older infestation that has already been treated. Nevertheless, we asked for a different room. The other room was better but also not clean.

In addition, the pool was closed, which we only found out from another employee after check-in.

The price-performance ratio is simply not right here. There is cheaper and better accommodation on this beach and around the corner.",2025-09,not_applicable,
Perhentian Island Resort,5.0,Gorgeous . Everything was perfect .stayed 5 nights here .. beach front chalet package with full board . From room to beach that’s what we did the whole time .. clear waters fishes swimming around … paradise on earth,2025-09,not_applicable,
Perhentian Island Resort,3.0,"Very mediocare service, food was fine. Rooms very small and old. Places is very beautiful",2025-09,not_applicable,
Pulau Payar Marine Park,5.0,My 2023 travel bucket list 😍😍😍😍 cant wait!!!!,2023-01,not_applicable,
Pulau Payar Marine Park,5.0,popular for diving & snorkeling. the diver enthusiastic can try this place very clean & blue. good for holiday with friends and family.,2023-01,not_applicable,
Pulau Payar Marine Park,5.0,"A very clear sea water, can see the fish swimming for food. A beautiful and beautiful and peaceful bed. It's perfect for couples on their honeymoon. In fact, Langkawi is very famous within the Malaysian fishing sector. There's no harm in taking a vacation at Payar Marine Park Island.",2023-01,translated_argos,
Pulau Payar Marine Park,5.0,A Must Visit Place If You Come To Langkawi. Exquisite experience. To say enjoyed will be an understatement. The park environment offers was amazing.,2023-01,not_applicable,
Pulau Payar Marine Park,5.0,CHECK IN. i very very like thisss,2023-01,not_applicable,
Pulau Payar Marine Park,5.0,Beautiful place to go,2023-01,already_english,
Pulau Payar Marine Park,4.0,Such a wonderful and beautiful place to visit. Have a great environment. Really enjoy while I been there.,2023-01,not_applicable,
Pulau Payar Marine Park,5.0,"The sea is perfect for snorkeling, the water is super clear and best place to be relax and peace of mind",2023-01,not_applicable,
Pulau Payar Marine Park,5.0,Nice view...,2023-01,already_english,
Pulau Payar Marine Park,4.0,Very nice place to travel,2023-01,translated_argos,
Pulau Payar Marine Park,5.0,The best place to explore,2023-01,not_applicable,
Pulau Payar Marine Park,5.0,Very beautiful place.. the peaceful is here,2023-01,not_applicable,
Pulau Payar Marine Park,5.0,best place ever,2023-01,translated_argos,
Pulau Payar Marine Park,5.0,Having an amazing experience here. Clean beach and can see colourful fishes too.,2023-01,not_applicable,
Pulau Payar Marine Park,5.0,"An ideal attraction for family and diving enthusiasts: Swimming, snorkeling and fish feeding activities in cristal clear waters. The must-see aquatic life is the beautifull coral garden.",2023-01,not_applicable,
Pulau Payar Marine Park,4.0,"Amazing experience!! Enjoy the snorkeling with sea life, thinking of escaping from the city. Pick this island, the joy and fun definitely won't let u down. Love it!!!",2023-01,not_applicable,
Pulau Payar Marine Park,5.0,"Can see anything in the sea through snorkeling. If you want to get here, you have to take a ferry, of course it's crowded because there are too many people taking the ferry. It is most comfortable to take a flight straight down to Langkawi",2023-01,not_applicable,
Pulau Payar Marine Park,5.0,Amazing. Marine life. Can see baby shark swim near you. Snookerlin n swim with baby fish serunding. Scuba also provided. Try snorkeling wt your kids for new challenging experience. Exploring the island. Book early. Recommended.,2022-12,not_applicable,
Pulau Payar Marine Park,5.0,Many great activity to do here. Best place to travel with friends and family. The view is very nice.,2022-12,not_applicable,
Pulau Payar Marine Park,5.0,"Sail island with an absolute beautiful view and its green water, life marin and wonder. Sea view. It's based on spending and enjoying in the middle of the natural world, so...",2022-12,translated_argos,
Perhentian Island Resort,4.0,nausea,2025-09,translated_argos,
Perhentian Island Resort,1.0,"The sea is wonderful, beach with fish (squaletti and turtles). But apart from that, the structure (do not call it resort!) falls apart. |Sporchissima, rooms with stained sheets, hair of previous guests, give 1 only cloth per day with which to do everything (view, shower, bidet...)| Incomparable food, always the same things of poor quality at lunch and dinner, unchanged tablecloths and hygiene non-existent even at the buffet. |No type of animation, no store around, in the evening you do not know what to do. |On the beach the sunbeds, insufficient for the number of guests, are wooden boards that bring back pain. |Personal rude, unwitting, never a smile and cannot solve any problem. You don't need alcohol or pork. ♪",2025-09,translated_argos,
Perhentian Island Resort,2.0,"Points ++
The location of the hotel is great! Despite a cloudy water all over the island it is not the Maldives!!
But there are turtles, rays, sharks, monkeys and squirrels!
Items - -
The hotel is to flee, it is left to abandon, not maintained, rooms never cleaned! Just put on towels, bottles of water and a sweep!
Presence of dust, mould on walls, paintings and tapestries in a horrible state! The damaged furniture, broken sink! Problem with hot water! Wooden deckchairs break your back! Sand is better! And if you can find one!
Because bcp of world comes to this place, deckchairs are supposed to be reserved for hotel guests but there is no surveillance! The restaurant is bof not terrible, the buffet sucks they put the same things between morning, noon and evening result you can have eggs of the day with flies and ants around! It's cold! The staff does not seem motivated, they are slow, it seems to disturb her, they are unpleasant (happily not all but unfortunately the majority)
In view of the price paid the hotel is not up to the level it is a shame !!
The coral view next door looks bcp better (to check it is an impression while passing by) it is right next door!",2025-09,translated_argos,
Perhentian Island Resort,1.0,It's intolerable! A restaurant worthy of its name should not serve as a meal that it understands that it is dangerous to serve meals that are absolutely dangerous to health we found ourselves at the doctor for food poisoning!!!,2025-09,translated_argos,
Perhentian Island Resort,1.0,"I suggest that the island offers a breathtaking view. The sea is spectacular with all the marine fauna that you can admire a few meters from the shore. That said, structure, which should be the best and in fact is the most expensive, is not at least ready to welcome European tourism. It literally falls apart, is dirty and abandoned to itself. The rooms are billy and with very little hygiene. Bed linen and bath towels. It is not a question of being able to adapt, because I do not miss seeing the many trips in places much less pretentious made in recent years. 40 degrees in the sun and you can not drink a beer or any kind of alcohol anywhere except in a bar run by Chinese staff on another beach. The quality of the service is really bad. It deserves to come only to the beach that is heavenly but three days are more than enough, if, I repeat, you possess a great spirit of adaptation to dirt and smells. Too bad because it would really have great potential given the location. In fact many guests change structure as soon as check-in. But being informed, I think this is even the best.",2025-09,translated_argos,
Perhentian Island Resort,1.0,"The first room was dirty and old stuck between a swamp and the tropical forest at the bottom. We asked for a change. The second proposal was equally calamitous. So I looked up myself on the internet and could show them that there was one on the front line of the beach. We had her with a surprise. Nevertheless except the beach in front of the bungalow it was old, damaged to redone! Seen the location they have a crazy potential while everything is loose. There's nothing to understand. The staff don't care about anything. They must be disillusioned. Everyone who arrives asks to change. No one came to pick us up at the dock while a person on a motorcycle with a trailer is supposed to do that job. We had to carry our luggage under a sun of lead. The whole hotel is old. Meals have no flavor and tables are limited to cleanliness. Only the beach in front is beautiful. White sand and translucent water, turtles, baby sharks, fish. What a waste!",2025-09,translated_argos,
Perhentian Island Resort,2.0,"Very expensive for what it offers. The beach it's on is probably the best, but that means every day you get a massive influx of groups coming to snorkel and/or dive, which takes away from the paradise-beach image you expect. Even so, the beach and snorkeling are worth it. As for the 'Resort', it's shabby, aged, and poorly kept. Lack of cleanliness everywhere, even the sheets seemed unchanged from previous guests, with sand left inside the bed. The cabins have air conditioning and a fan but the power goes out easily. There is no hot water. Breakfast is acceptable but lacks variety over several days, and the food isn't good quality -- nearby hotel restaurants offer better meals. Staff are okay but show zero warmth (a couple are the exception), a big difference from the rest of the country. Honestly you pay a price that doesn't match the facilities -- you pay for the location. We only had 2 nights booked and stayed longer on the island but switched hotels. If I had to come back to this island this isn't a hotel I'd choose, it has a lot of room for improvement.",2025-09,translated_manual,
Perhentian Island Resort,2.0,"The location and the beach in front of the hotel are, without a doubt, THE BEST ON THE ISLAND — that's the positive part. The negatives:

1- The hotel restaurant needs a lot of improvement. Prices are a bit higher than in other areas, which would be fine if the food were good, but it isn't (except for a few specific dishes). You can tell no one's really keeping an eye on things, no manager supervising. Breakfast is basic but fine.

2- The rooms are THE WORST PART — maintenance is basically NONEXISTENT. Walls, closets, floors — everything is worn out and old. If that were all, the rating would be higher, but no — CLEANLINESS NEEDS TO BE IMPLEMENTED. There are no mosquito nets on the beds; last night we had to kill, without exaggeration, 15 tiny insects I couldn't identify, they looked like mini-mosquitoes. Given that we always kept everything closed and shut the door right away, I understand you're in the jungle and there will be bugs, but not in that quantity — they need to put measures in place so this doesn't happen. We paid €113 per night (for a standard room, not near the sea), not €30. And what really left us speechless was finding a large amount of some kind of sandy grit under the bed — after looking into it a bit, it seems to be termite droppings, I'm NOT SURE, but it definitely wasn't sand. In conclusion, you don't sleep comfortably.

3- The service: it's true we met some pleasant people, but there were others who weren't particularly friendly.

I don't know if this is an isolated situation or not, since we haven't stayed at other hotels on this island — I don't know how common it is, but we stayed at Ombak Resort (on Kecil) and it was much better, both the restaurant, the rooms, and the service.",2025-09,translated_manual,
Perhentian Island Resort,1.0,"The beach is paradise, but the resort is hell.

Dirty rooms, no real cleaning (they only change towels, they don't even restock toilet paper or water), old facilities full of dampness. The restaurant is chaotic: no one serves you, the food is terrible and expensive, and they don't serve alcohol (which isn't mentioned anywhere). The dive center wasn't even able to offer a private instructor.

We ended up salvaging our vacation at the neighboring resort, The Barat, where they treated us well and I was able to dive with an excellent private instructor.

Conclusion: this hotel survives purely on its location. The beach is unique, but the ""resort"" is in a state of neglect and ruins the experience.",2025-09,translated_manual,
Pulau Payar Marine Park,5.0,"Omg, I really love this place. The sea is crystal clear. I advice you guys to bring your loved ones here and experience it yourself.",2022-12,not_applicable,
Pulau Payar Marine Park,5.0,"A beautiful, clean island. It's a very comfortable placement and there's a little water activity like diving, and there's, like, one nice, beautiful place of relief.",2022-12,translated_argos,
Pulau Payar Marine Park,4.0,They provide boat for dive n around. Marine life was good when diving. Beautiful marine,2022-12,not_applicable,
Pulau Payar Marine Park,5.0,A must go place when u visit langkawi. Love the ocean with great scenery.,2022-12,not_applicable,
Pulau Payar Marine Park,5.0,It is beautiful place ❣️,2022-12,not_applicable,
Pulau Payar Marine Park,5.0,Happy to have a moment with family at pulau payar . So many activity especially snorkling inside clear water sea . Children are most happier . Great experience amazing view so peacefull ...,2022-12,not_applicable,
Pulau Payar Marine Park,5.0,For what the marina island wants to buy is one of the most mandatory visits.. What a beautiful view. The island area is awake. Interesting place for family and sea lovers. Also the most important attraction is snorkeling. Never satisfied with the beauty of the sea and the joy of the sea..,2022-12,translated_argos,
Pulau Payar Marine Park,4.0,Nice place for snorkeling good good,2022-12,not_applicable,
Pulau Payar Marine Park,5.0,"I've been here before with my friends.
How effectively they care for the ocean astounds me.

As the water is very clear, snorkelling is another activity where many lovely creatures may be seen.",2022-12,not_applicable,
Pulau Payar Marine Park,5.0,The scenery was awesome..great place to relax n enjoy,2022-12,not_applicable,
Perhentian Island Resort,4.0,"We stayed at Coral View Resort but often wandered over to the beach in front of Perhentian Island Resort, as it turned out to be one of the nicest stretches of sand in the area. The beach here is wider and more sandy compared to other spots, making it much more comfortable for relaxing, strolling, or just lying down under the sun. The water is usually clear and calm, which makes swimming and snorkeling very enjoyable. Right in front of the beach lies Turtle Point, one of the best places on the island to spot sea turtles. With just a short swim out, it’s quite common to encounter these gentle creatures gracefully gliding through the water, which makes the experience unforgettable.

The only downside is that it can get rather busy at times, as boats frequently stop to drop off groups of snorkelers, which slightly disturbs the otherwise peaceful setting. Still, once you’re in the water, the beauty beneath quickly makes up for it. When snorkeling, don’t just stay at Turtle Point—be sure to swim toward the rocky areas on both the left and right sides of the beach. There you’ll find an abundance of colorful fish, vibrant corals, and even black-tipped reef sharks cruising gracefully in the shallows.",2025-09,not_applicable,
Perhentian Island Resort,1.0,"They call themselves a resort hotel, but all they really are is a handful of old rooms facing a turquoise beach, with absolutely deplorable service. This place was the biggest disappointment of my trip.||The Illusion of the Paradise Beach||||At first glance, the beach may seem like paradise, but the reality is different. Despite having turquoise water, the marine environment is a complete disappointment. There's no living coral reef; it's all dead coral sand with barely any fish in sight. If you're looking to snorkel or dive, you have to swim to an extreme depth to, with luck, find a turtle.||||Rooms and Maintenance: Old and Dirty||The rooms are old and in a state of total neglect, and nothing justifies the price. Cleaning is nonexistent: staff didn't restock the toilet paper and the room conditions were unacceptable. In the bathroom we found mold in the grout and faucets covered in limescale, plus damp stains on the ceiling. Outside, the scene was bleak, with piles of trash and debris scattered around the property.||||Services: Nonexistent and Disappointing||Service, in general, is dreadful. Reception staff are unfriendly and don't provide information. But the most serious issue was the dive center, which was one of the main reasons for our visit. We went to ask about booking a private day and two dives, and we were simply told it wasn't possible, which ruined the experience.||||The Food: A Real Scam||The restaurant deserves its own chapter. The breakfast buffet is poor and limited, and the food is so bad we had to go eat at nearby restaurants instead. The prices are outrageous for the extremely low quality on offer. Also, future guests should know the hotel doesn't serve alcoholic drinks.||Conclusion||||Don't be fooled by the word ""resort"". This place lacks everything it promises: no cleanliness, no good service, no good food, no living reef. If you value a quality experience, I strongly recommend you look for another hotel.",2025-09,translated_manual,
Perhentian Island Resort,3.7,"We felt the room could have been cleaner, especially the floor. We would have also preferred an improved menu at the restaurant and more bbq nights.",2025-09,not_applicable,
Perhentian Island Resort,5.0,"I stayed in this resort from 13 to 20/08 and started with anxiety seen the very daunting reviews of the resort. I think many people don't know where they are to make similar reviews. The resort is very nice, our room was in the pool area. The room was cozy and clean much better than many Italian hotels!! Certainly some signs of wear were but nothing serious. The staff is kind and super efficient. We reported a problem at the drain of the toilet at the reception time to return to the room and had already solved. We only had breakfast that I must say was not bad at all. Sometimes we had dinner and lunch in the restaurant and the à la carte menu was good. I heard other guests complaining about the buffet included in the price of the stay so I'm sorry.. the prices are very low compared to Italy. The beach is spectacular the most beautiful beach among the nearby resorts. Many people had to laugh for the sndrai.. it is true they are not enough for everyone and a little uncomfortable because they are wooden.. but it also serves a little spirit of adaptation if you travel. Vacation in luxury hotels in Italy if you look for perfection in everything, do not make random negative reviews. I read the reviews came demoralized, people known on the island as a result of reviews had even cancelled the reservation to move to another hotel... and then always come there. Happy to have chosen the Perhentian island resort.. It was an unforgettable holiday.",2025-09,translated_argos,
Perhentian Island Resort,1.0,To flee!!!! Infected restaurant !!! We spent the night at the hospital as a result of the food-based INTOXICATION !!!,2025-09,translated_argos,
Perhentian Island Resort,3.0,"We stayed in one of the beachfront rooms. The view is stunning, the water is crystal clear, and you can hear the waves from the bed. However, the interior leaves a lot to be desired. The sheets had stains, the furniture is very outdated, and insects come out of the bathroom every time you use the toilet or shower. It gives a very old and dirty impression. The restaurant staff aren't the friendliest, but the food is edible. The tablecloths might not have been washed in years...",2025-09,translated_manual,
Perhentian Island Resort,2.0,"We stayed only at the restaurant for lunch: bad service, unsavoured staff and mediocre food.",2025-09,translated_argos,
Perhentian Island Resort,4.0,The property is located on a beautiful tropical beach with beautiful sea front. In the afternoon (at the end of August) the tide retreats and therefore the bathrooms are less enjoyable. At fifteen minutes on foot you move towards some places where you can eat something. Internal restaurant that is not up to the place where you are.,2025-08,translated_argos,
Pulau Payar Marine Park,5.0,"really great Marine Park, a must go place. Need at least one day to spend and experience the place. There is also package price which includes the ferry (both ways/round trip) which is worth it",2022-12,not_applicable,
Pulau Payar Marine Park,5.0,Nice place to visit,2022-12,not_applicable,
Pulau Payar Marine Park,5.0,"A Must Visit Place If You Come To Langkawi. Good for island hoping to underground water view at exotic marine park. The package includes a ferry ride (round trip) from Kuah to Pulau Payar - including scuba diving, snorkelling, diving gears and packed lunch are provided. A variety of fish to see while snorkelling.",2022-12,not_applicable,
Pulau Payar Marine Park,5.0,"good choice for your family holiday trip, peacefull place .. you can relaxing your mind ..just come and try your own experience now",2022-12,not_applicable,
Pulau Payar Marine Park,5.0,its my birthplace..great place to be,2022-12,not_applicable,
Pulau Payar Marine Park,5.0,"The rooms are clean and sunny and the your family ll be enjoyed and n privacy
It’s great please",2022-12,not_applicable,
Pulau Payar Marine Park,5.0,"Went there with few friends for snorkeling and scuba diving. Did not regret it at all. Come and see for yourself, underwater view is out of this world",2022-12,not_applicable,
Pulau Payar Marine Park,5.0,The perfect island for snorkelling ☺️👍,2022-12,not_applicable,
Pulau Payar Marine Park,5.0,Nice like,2022-12,translated_argos,
Pulau Payar Marine Park,5.0,love it!,2022-12,translated_argos,
Perhentian Island Resort,4.0,"Resort located on the island besar ""big island"". A quiet resort where you can enjoy a relaxing holiday. Near the Resort you have the opportunity to walk and reach two other Resorts where you can eat and bathe, or from your Resort use taxi boat to reach other beaches or the island kecil where you will find more movida. We chose a superior class twin and instead we were assigned a standard room in a wooden bungalow. Cleaning in detail at the level of towels and sheets. The bungalows are surrounded by nature so you can find or hear animals. Buffet breakfast with a wide choice, while for lunch and dinner you can choose between buffet or à la carte. The Resort has a beach with private umbrellas and deck chairs.",2025-08,translated_argos,
Perhentian Island Resort,5.0,"If we could rate this resort higher than 5 stars, we absolutely would. After a long journey, our first experience at another place, Fauna Beach Resort, was so miserable and poorly maintained that we immediately started looking for an alternative. Thankfully, for a bit more money, we were able to book a stay at Perhentian Island Resort, and it turned out to be the best decision we made on our entire long vacation.

You have to remember that this is an island, and everything has to be brought in by boat, which makes the level of care and cleanliness at this resort truly remarkable. There are no highways, landfills, or hardware stores, yet they manage to keep everything in pristine condition.

This resort is absolutely fantastic and cared for down to the last detail. The breakfast was great, the rooms were clean and cool with air conditioning, and we received fresh water and towels every single day. The private beach with comfortable sunbeds is located right next to Turtle Beach, one of the most famous snorkeling spots on the Perhentian Islands.
Within walking distance is the wonderful restaurant The Barat, which offers delicious and affordable food. Unlike the resort's restaurant, they also serve a variety of beers, which was a nice bonus.

All in all, this was a fantastic experience. We would recommend anyone to spend a little more for this kind of luxury. The (slightly) cheaper Fauna Beach Resort was twenty times worse and practically falling apart. Count your blessings and go to Perhentian Island Resort; it’s worth every single euro!",2025-08,not_applicable,
Perhentian Island Resort,1.0,"Indecent! There are many things to say about the indecency of the hotel and the staff. Let's start with the fact that they only give a towel to the head with which to dry after the shower and when you wash your face and if you want one more (just for the face or intimate parts, maybe eh) you have to pay. The rooms are never cleaned, at least the sheets changed. They just pull up the blankets, leave the water and change the towels (at least that). If the toilet paper is over, you don't get new but you have to go to the reception and ask!! The hotel is dirty, like the rooms, ruined and kept badly. At 10 o'clock the beach towels are already over. I add photos of the tables for breakfast at 7 am, i.e. at the opening of the breakfast. The Latvians are wooden, very uncomfortable without a mattress that obviously is not expected. The only beautiful thing is the sea. Better find a decent hotel nearby and reach the beach by foot or by taxi Boat.",2025-08,translated_argos,
Perhentian Island Resort,1.0,"Location is beautiful, snorkeling too. Information in advance was unclear and not complete. We were not informed that one of us had to sleep on the floor. One of the kids got very sick and spit in bed. Because of this they found that the bedding was destroyed and we did not get our deposit back. I think this is really weird. The room looks reasonable, it is very outdated and our bathroom was not very clean upon arrival.",2025-08,translated_argos,
Perhentian Island Resort,4.0,"The place is top for diving also and snorkeling. There are several different places. I even saw a sea turtle!

The rooms are good. The restaurant is good but no more. However, I enjoyed the varied choices of their card.

The service is missing by story a little. Staff are smiling and volunteer but there are organizational problems. When we arrived, we wanted to take bath towels for the beach and we were told that there were no more towels and that we had to wait at least 1h30 to get them. No palms provided for snorkling. And the taxi ordered for our departure was 45 minutes late.",2025-08,translated_argos,
Pulau Payar Marine Park,5.0,Highly recommended.. Cntikkk.. Akan dtg lagi...  😍😘🥰 very nice place,2022-12,already_english,
Pulau Payar Marine Park,5.0,Very suitable if you want to healing...,2022-12,not_applicable,
Pulau Payar Marine Park,5.0,Best snorkling experience ever. Best accommodation,2022-12,not_applicable,
Pulau Payar Marine Park,5.0,very nice place,2022-12,translated_argos,
Pulau Payar Marine Park,5.0,please consider this as one of your fav place. bcs it it!! worth your money,2022-12,not_applicable,
Pulau Payar Marine Park,5.0,Incredible scenery,2022-12,not_applicable,
Pulau Payar Marine Park,5.0,Very nice place for vacation.. Recommended,2022-12,not_applicable,
Pulau Payar Marine Park,5.0,"Interesting location to visit. No harm coming on vacation. Guaranteed satisfaction. Good job, great place.",2022-12,translated_argos,
Pulau Payar Marine Park,5.0,this place is so cool and highly recommended 😍❤️,2022-12,not_applicable,
Perhentian Island Resort,3.0,"Very well-located hotel, with an excellent paradise-like beach. Shame about the boats constantly coming and going... restaurant with a decent buffet and menu. The room... we got the ""Deluxe Heaven""... it's a piece of s***... horrible... really gives you the creeps... lucky the location is spot-on.",2025-08,translated_manual,
Perhentian Island Resort,4.0,Excellent beach! The hotel is good but there are some unpleasant smells in the rooms and not very well isolated. Otherwise the frame is incredible,2025-08,translated_argos,
Perhentian Island Resort,2.0,"Wonderful landscape crystal clear waters but the structure is bad. To avoid absolutely, bad hygiene standards. Old, dirty and never clean rooms for 5 days. As soon as we arrived we wanted to leave but on the island it was all full and the other structures however are spartane we do not know if cleaner. It is not worth staying in Besar, we recommend Kecil to stay and then move by taxi boat to Besar that still deserves the visit. Avoid this resort!! It is a shame because for the position it would have a very high potential but not exploited.",2025-08,translated_argos,
Perhentian Island Resort,3.0,"Single room but refreshment to plan. The furniture is not at all comfortable like chairs, deckchairs, no wardrobe without the bedroom. The bedding is correct.
Staff overall unfriendly, not very smiling sometimes even no hello
Service to the restaurant rather long. Quality food bof and expensive. I recommend not to spend more than 4 days on site",2025-08,translated_argos,
Perhentian Island Resort,3.0,"Solid dive resort with an onsite dive shop and genuinely wonderful staff. The beach was beautiful, the water crystal clear, and I even saw baby black tip sharks in the shallows (harmless and amazing to see).

Chalets were comfortable with good air-conditioning, but dated and in need of maintenance. Amenities are very basic, with only two small plastic bottles of water provided daily, no dispensers, and extras must be bought at the gift shop. It’s awful that water only comes in plastic bottles, especially when the beach is already littered with caps. I picked up two bucketfuls of plastic waste just walking along the shore.

The BBQ buffet was tasty but ran out quickly, while the regular buffet was limited and not always fresh.

Overall, a good dive base with a beautiful setting, though it was really sad to see both the coral bleaching and the amount of plastic waste.",2025-08,not_applicable,
Perhentian Island Resort,3.0,"The place is lovely and the dream beach, but the quality of the services is really poor. We booked 3 double rooms and received 2 out of 3 singles, very poor cleaning and rooms full of insects and worms. Every day someone came to fix the room but only made the bed and changed the tablecloths, never passed the broom on the ground or washed the bathroom. The food in the restaurant was not great and there were no alcohol of any kind throughout the resort. In one of the 3’ chambers the tube of the sink was broken and giant cocks entered. I mean, there are no words  ",2025-08,translated_argos,
Perhentian Island Resort,1.0,"The last resort|Unfortunately, I whole-heartedly agree with previous reviewers. There are only two factors that keep the resort going - the wonderful beach and sea access, and the fact that - at least during the current high season - the demand for rooms is such that even very over-rated (and over-paid) facilities like the PIR get filled.  It sort of becomes the 'last resort' for people like us who do not book super-early and so miss out on any of the chain of much better places (supposedly lower grade) on this larger of the two islands - including Coral View, Abdul's Chalet, Mama's, Tuna Bay and several others.  All markedly better in most respects than the Perhentian Island Resort.  The place visibly dates back to the 80s, and much of it has not been renovated / updated since then.  No need to repeat what others have said - but just a few examples of the many seemingly little things that 'irked' us.  Breakfast - buffet type, but with low quality products throughout - old (non-fresh) chewy 'croissants', low quality juices, really almost undrinkable coffee... large round tables with unironed table-cloth that still have food remnants from the night before.  No ROTI CANAI - which is a major product produced and consumed for breakfast at the other, smaller resorts. Service people stand in corners of the room but are not helpful at all (except when collecting the pointless breakfast vouchers..).  There is an espresso / coffee machine - but when you ask, any 'good coffee' costs extra (different from 4 star hotels elsewhere).  - Rooms: no hot water (not essential here, but nice to have - available in some of the 'lower grade' resorts nearby).  No TV (again, not essential - but the others have it). Rooms all need to be 'redone' as well as thoroughly cleaned. - Staff - many are friendly and helpful enough, but generally do not seem to be trained well, or speak enough English for this kind of place.  Management / supervision overall seems to be lacking.  Example: we finally moved out to another resort.  The front desk is asked to call the other resort to send a boat. Staff tries once to call, then turns to us and says: no one answering the phone.  We try and immediately get someone and so arrange it all ourselves. - Anyway - our bottom line, and recommendation would be for the owners to do 2 main things: 1) to close the entire place for an entire season (or whatever it takes) to do a major overhaul of the entire facility, and 2) equally important, to seriously strengthen management and supervision, as well as retrain staff.",2025-08,not_applicable,
Perhentian Island Resort,1.0,"Unfortunately, I whole-heartedly agree with previous reviewers. There are only two factors that keep the resort going - the wonderful beach and sea access, and the fact that - at least during the current high season - the demand for rooms is such that even very over-rated (and over-paid) facilities like the PIR get filled.  It sort of becomes the 'last resort' for people like us who do not book super-early and so miss out on any of the chain of much better places (supposedly lower grade) on this larger of the two islands - including Coral View, Abdul's Chalet, Mama's, Tuna Bay and several others.  All markedly better in most respects than the Perhentian Island Resort.  The place visibly dates back to the 80s, and much of it has not been renovated / updated since then.  No need to repeat what others have said - but just a few examples of the many seemingly little things that 'irked' us.  Breakfast - buffet type, but with low quality products throughout - old (non-fresh) chewy 'croissants', low quality juices, really almost undrinkable coffee... large round tables with unironed table-cloth that still have food remnants from the night before.  No ROTI CANAI - which is a major product produced and consumed for breakfast at the other, smaller resorts. Service people stand in corners of the room but are not helpful at all (except when collecting the pointless breakfast vouchers..).  There is an espresso / coffee machine - but when you ask, any 'good coffee' costs extra (different from 4 star hotels elsewhere).  - Rooms: no hot water (not essential here, but nice to have - available in some of the 'lower grade' resorts nearby).  No TV (again, not essential - but the others have it). Rooms all need to be 'redone' as well as thoroughly cleaned. - Staff - many are friendly and helpful enough, but generally do not seem to be trained well, or speak enough English for this kind of place.  Management / supervision overall seems to be lacking.  Example: we finally moved out to another resort.  The front desk is asked to call the other resort to send a boat. Staff tries once to call, then turns to us and says: no one answering the phone.  We try and immediately get someone and so arrange it all ourselves. - Anyway - our bottom line, and recommendation would be for the owners to do 2 main things: 1) to close the entire place for an entire season (or whatever it takes) to do a major overhaul of the entire facility, and 2) equally important, to seriously strengthen management and supervision, as well as retrain staff.",2025-08,not_applicable,
Perhentian Island Resort,3.0,"Hotel that hardly deserves its 3 stars. Rooms that deserve a new shot, insects in the rooms, no storage. The cleaning is done very quickly... The restaurant is no better, the waiters ignore us, the tables are dirty but the meals are good. The pool was green when we arrived, the unusable tennis court... I'm glad the volleyball was okay. And they have the most beautiful beach on the island...",2025-08,translated_argos,
Pulau Payar Marine Park,5.0,Best.,2022-12,translated_argos,
Pulau Payar Marine Park,5.0,Best place for holidays. Best view. Best scenery. Make best photos.,2022-12,not_applicable,
Pulau Payar Marine Park,5.0,"Best place for you family, specially kids..
You'll have a great time overall..!",2022-12,not_applicable,
Pulau Payar Marine Park,5.0,Excellent atmosphere and good crowd,2022-12,not_applicable,
Pulau Payar Marine Park,1.0,The place is closed and the maps take you into middle of some houses.,2022-12,not_applicable,
Pulau Payar Marine Park,5.0,Really love the clean and blue water while feel the atmosphere,2022-12,not_applicable,
Pulau Payar Marine Park,4.0,Like this place..must come again.,2022-12,not_applicable,
Pulau Payar Marine Park,5.0,such as wonderful place..,2022-12,not_applicable,
Pulau Payar Marine Park,5.0,Nice place for visit,2022-12,not_applicable,
Perhentian Island Resort,2.0,"Idyllic location on the most beautiful beach on the island. The sea view bungalows are top. We have also experienced those in the background, who are simply dilapidated or even abandoned...!
The staff is not welcoming at all!
We recommend sea view bungalows for the splendid view, but we do not recommend this hotel for its welcome.",2025-08,translated_argos,
Perhentian Island Resort,5.0,"Good experience here water so clean
,,, good for scuba
Staff of the resort is very good & freandly",2025-08,not_applicable,
Perhentian Island Resort,1.0,"My wife and I stayed in this structure for 3 nights and are ready to give my opinion of how the experience went: we start from the best point that is the island, beautiful to see, in part still remained wild while in the other vast majority invaded by the man's hand to create the various villages used for tourism. Now we pass to the worst parts of this stay: The staff is completely unwitting, thirsty to live, they are there as if someone put a gun at his head, completely apaticis therefore null. The restaurant of this location goes from mediocre to bad everything to personal interpretation, we have had lunch every 3 days and I have to say that as food is not bad, of course you can not wait for the Italian cuisine but as a whole you eat quite discreetly but as for the cleaning of the tables we leave losing because it really sucks while the staff trained as written above is useless you have to call them for anything even to bring you the menu.. they are looking at you with expression from ebetes but they do not carry out their work, they continually miss orders or they forget things so as for the catering part we put a cross on it with a small point of favor to local food. We then pass to the rooms: they assigned us a room type the most distant from the structure where to get there every time you die of heat not being reached by any type of air (in the island is really so hot) once you enter the house assigned us the not cleaning reigns sovereign, old furniture and vetusti, the napkins of the bed stained by a not well defined thing, dirty windows, room full of insects between few mosquitoes and luck. Dirty stains everywhere the air conditioner works well fortunately but left to itself in the sense that full of dust in the filters so you can imagine the quality of the air breathed.. we decided not to contest and keep what they gave us, for the change of towels fortunately it was done every day compared to other reviews. In the end I can say that the beach deserves even if in the morning you have to wake up early and put your own towels to take the best places to the shadow to avoid dying of hot during the day.",2025-08,translated_argos,
Perhentian Island Resort,4.0,"Very nice place to cool off, swim and snorkling.",2025-08,translated_argos,
Perhentian Island Resort,5.0,I was not a resident but the beach is beautiful,2025-08,translated_argos,
Perhentian Island Resort,4.0,"The room is spacious, clean and cozy. No wifi in the room. There are cloth hangers at the balcony and water pipe Infront your room to clean the sand. They bring you fresh towel and water everyday. The path towards the rooms is not good. monkeys and lizards are you neighbor.",2025-08,not_applicable,
Perhentian Island Resort,5.0,"The hotel is located on one of the most beautiful beaches of the Perhentians, there is a huge sea species for snorkeling it is a great place...
The restaurant is correct, special mention for the BBQ of fresh fish in the evening
The rooms are however old but this is the case for most hotels in the Perhentian islands.",2025-07,translated_argos,
Perhentian Island Resort,1.0,"价格与服务不匹配，不建议入住
我们于2025年7月25日（星期五）上午11:45抵达大停泊岛，但并无酒店员工迎接或指引。我们自行拖行李前往接待处后才得知酒店其实有行李运送服务，但并未在码头提供协助，实在不合理。

办理入住后被告知下午三点才能拿房，而我们的三天两夜浮潜配套第一场活动是在当天下午三点。多数酒店通常会弹性安排提前入住以配合行程，但这家酒店没有任何协调，只让我们寄存贵重物品。

浮潜结束后回到酒店，却发现行李被随意放在房门口。询问之下，工作人员称“不能随意进房”，但行李却能丢在无人看管的走廊两小时，无闭路电视保障，安全隐患极大。

入住后还发现冰箱里有半瓶喝过的水，明显房间未彻底清洁。而第二天虽然我们挂了“请勿打扰”牌子，外出浮潜回来后却发现有人进入更换了毛巾和水，前后政策矛盾。

泳池也未清洁彻底，底部明显布满污垢，令人却步。此外，酒店物价离谱，一罐普通汽水竟要RM9，远高于一般岛上酒店。

尽管大停泊岛本身风景迷人，我未来可能还会再来，但绝不会再入住这家酒店，服务水平与价格严重不符。

The price does not match the service, not recommended
We arrived at Perhentian Besar Island at 11:45 AM on July 25, 2025, but no hotel staff were present to greet or assist us. We had to carry our luggage ourselves to reception, only to find out later that luggage service was supposed to be provided—why wasn’t anyone at the jetty?

After checking in, we were told we could only access our room at 3 PM, even though our snorkeling package likely had the first session at 2 PM. Other hotels typically allow early check-in for such cases, but no flexibility was offered here.

After snorkeling (3–5 PM), we returned to find our bags left outside the room. Staff claimed they couldn’t enter rooms—but then why leave bags unattended for hours in a public hallway with no CCTV?

In our room, we found a half-drunk water bottle in the fridge—clear sign of poor housekeeping. On day two, although we had a “Do Not Disturb” sign up, someone entered to change towels and water, contradicting their earlier “no entry” policy.

The swimming pool was dirty, with grime covering much of the floor, making it uninviting. Prices were also unreasonable—RM9 for a basic soda, far above island norms.

While Perhentian Island itself is beautiful, I will not stay at this hotel again. Its service quality does not match its pricing.",2025-07,not_applicable,
Pulau Payar Marine Park,5.0,"Love and amazing experience. Enjoy the snorkeling with sea life, clear and clean water. The joy and fun definitely won't let u down.",2022-12,not_applicable,
Pulau Payar Marine Park,4.0,What a great pleasure to spend the year end holiday here. Totally worth it!,2022-12,not_applicable,
Pulau Payar Marine Park,5.0,I really like the beach. The water is crystal clear and my family very enjoy swimming and snorkling,2022-12,not_applicable,
Pulau Payar Marine Park,5.0,This place is amazing.. really had a tiring but fun time snorkelling here..,2022-12,not_applicable,
Pulau Payar Marine Park,5.0,one of the best Marine Park in the west coast. must visit place.,2022-12,not_applicable,
Pulau Payar Marine Park,5.0,"The clear sea is perfect for snorkeling. Can see anything in the sea through snorkeling. If you want to get here, you have to take a ferry, of course it's crowded because there are too many people taking the ferry. It is most comfortable to take a flight straight down to Langkawi. If you're smart, you can find a package that fits your budget and time. It is a favorite place to visit and highly recommended for a family vacation",2022-12,not_applicable,
Pulau Payar Marine Park,5.0,"Whether you do island hopping or day trip to just this  park.. its a must go destination. You can have great activity doing snorkeling, swimming or scuba diving, the experience is ao great and I am sure after experiencing these, you definitely will come back again.",2022-12,not_applicable,
Pulau Payar Marine Park,5.0,It's always different world for snorkeling loverr,2022-12,not_applicable,
Pulau Payar Marine Park,5.0,What a beautiful view.,2022-12,translated_argos,
Pulau Payar Marine Park,5.0,Great scenery! Great place to bring family and friends!,2022-12,not_applicable,
Perhentian Island Resort,4.0,"The location is if you like snorkeling super. For the lodge (you have to go if there are not all boats there) you can see turtles, rays, sharks, clown fish and other fish.
The rooms need a little paint. The buffet is less, if you have a choice. Ordering from the card is better.
You can lie on the beach.",2025-07,translated_argos,
Perhentian Island Resort,1.0,"We were very disappointed with our stay. The room was infested with insects and bugs, and there appeared to be no cleaning service provided—only the towels were replaced, and only if we specifically requested room cleaning. The bathroom was extremely basic and consistently smelled of urine.
The restaurant was not clean, the food quality was very poor, and the staff appeared unmotivated and unhappy, which made the breakfast experience uncomfortable.
The photos on both the PIR website and Agoda do not reflect the actual condition of the property. They are highly misleading and do not represent the reality of what guests can expect.

We ended up checking out after just two nights, even though we had booked for four. Unfortunately, we were unable to get a refund as the booking was made through Agoda for double the price than the PIR room rates.",2025-07,not_applicable,
Perhentian Island Resort,1.0,"This hotel must have been great at some point, but now it's outdated and completely neglected. The buffet is pitiful — ants running all over the food. The rooms are fine, but we found salamanders inside the cabin, and on the second night we suffered a bedbug attack. It's very expensive for what it is. They take advantage of being the only option — take it or leave it.
Such a shame, because the location is ideal and guests could leave very happy.",2025-07,translated_manual,
Perhentian Island Resort,3.0,"Hotel perfectly placed because it is the most beautiful beach on the island. However, it is very aging and would require quality renovation. The bathroom was not clean; the shower wall became opaque of limestone, dirty tiles (uncleaned). The shower column wrongly attached to the wall was detached from it. They came ""repaired "" at my request but it was still moving. The soil was covered with mediocre grade vinyl slat; The dirt was inlaid between the slats. It doesn't make sense at all.
The pool had greenish water.
The beach is stormed by tourists from other Hotels as well as our deckchairs. Vessels come to lay mass groups to see turtles; We can see a few feet from the pontoon. To see coral and fish it was necessary to go after the pontoon to the Coral View resort.
The restoration was not extraordinary; Repetitive enough. We've sometimes taken extra à la carte. Desserts, on the other hand, were relatively qualitative as well as breakfasts (just ask for hot milk).
No WiFi in the rooms (only at reception).
Positive point:
They distribute beach towels on request.
The staff is very nice.
The beach is beautiful.
In the end, if the bungalows are better maintained and the restaurant improves, it could be a very good hotel.",2025-07,translated_argos,
Perhentian Island Resort,5.0,"I visited Malaysia in 2016. It was a special experience that the islands and islands use boats.リゾート them, this resort is a resort-style inn with a well-施設ipped facility in Pruhuntien. There is a little walking route, and I spent a relaxing time in nature. It is a nice hotel that you can only stay for one night.

ChatGPT",2025-07,translated_argos,
Perhentian Island Resort,1.0,"Only and only positive point the beach, but it is sad to offer such disappointing accommodation on the best beach on the island. Room dirty, vegetated, sanitary with leaking on the toilet smell of horrible uplift (predict to shower in apnea), dead insects on the walls.",2025-07,translated_argos,
Perhentian Island Resort,5.0,"Nice, cozy and child-friendly beach. All kinds of Malay food tents.",2025-07,translated_argos,
Pulau Payar Marine Park,4.0,Good place to visit and spend time with family as well,2022-12,not_applicable,
Pulau Payar Marine Park,5.0,New Experience for me,2022-12,not_applicable,
Pulau Payar Marine Park,4.0,I like this place cause the view very wonderful,2022-12,not_applicable,
Pulau Payar Marine Park,5.0,"A must visit when coming to langkawi. This place was a really great marine park with a lot of water activities. Scuba diving, snorkelling and diving are the activities that been provided here. Really best and need at least one day to spend and experience the place. It’s worth to enjoy and spend in the midst of nature. Will come again later.",2022-12,not_applicable,
Pulau Payar Marine Park,4.0,Good place for snorkeling and water activities,2022-12,not_applicable,
Pulau Payar Marine Park,5.0,"This is very good place to enjoy the island, this place very interesting",2022-12,not_applicable,
Pulau Payar Marine Park,5.0,"Amazing place and nice place to visit, sunny day and lucky able to see baby sharks. worth to visit",2022-12,not_applicable,
Pulau Payar Marine Park,5.0,"The exotic marine park to those who loves snorkeling, scuba diving and more activities to try in a wonderful island.. Would be a dream place for a getaway",2022-12,not_applicable,
Pulau Payar Marine Park,5.0,Exquisite experience. To say enjoyed will be an understatement. The park environment offers was amazing. The activities I did included fairy ride from Kuala to Payar. Scuba diving was amazing too.,2022-12,not_applicable,
Perhentian Island Resort,5.0,"Beautiful resort, beautiful beach | Luckily we did not listen to reviews... | 4 days' stay and we found ourselves well",2025-07,translated_argos,
Perhentian Island Resort,2.0,"We stayed 4 nights in early April. The first room we were given had a large cockroach in the bathroom as soon as we entered. Reception offered insect spray, but didn’t take the issue seriously. We moved to another room after insisting, but the next day — after rain and humidity — the bathroom was full of bugs again. It turns out there had been an ongoing bug problem all along.||The hotel has a serious hygiene and pest issue, and unfortunately, the staff were indifferent. No preventive pest control, no apology, no compensation — only spray after I insisted. Even for the small ferry service to another island, we had to pay.||My husband urgently needed to send a work email. The hotel’s computer was broken; he had to fix it himself to use it. Breakfast was poor; we had dinner elsewhere.||Nature around the hotel is breathtaking — the sea, beach, jungle, monkeys and squirrels were amazing. But hygiene inside the hotel was unacceptable. On our last morning, our bathroom was once again full of bugs, and I had to use the public toilet near the restaurant before our ferry.||We moved to Marriott for the last night, paid more — and it was the best decision. I’ve learned my lesson: I will gladly pay more for a clean and professionally managed hotel next time.||If hygiene is not a concern for you, you’ll probably enjoy the nature here. But if it matters — stay away.",2025-07,not_applicable,
Perhentian Island Resort,5.0,Leaving this place has been a tearing up,2025-07,translated_argos,
Perhentian Island Resort,5.0,"Clearly the best private beach on the island
- Yeah. Whether it was food, location, staff, rooms with terrace, everything was perfect a real haven of peace. Thanks Pir island resort for this parenthesis.",2025-07,translated_argos,
Perhentian Island Resort,4.0,"The hotel hospitality was good and the staff were very pleasant and they really guide us very well since we arrive until we departed.

We took 3 days and 2 nights package. The food was good especially the breakfast and dinner. The lunch still need to improve on the food varieties.

The worst part was, the 2nd day we arrange for snorkelling to pulau rawa, tokong burung and pulau serrengeh. The boat schedule at 10am but only arrived at 10.30am. We were ready by 9.30am. We need to wait for 1 hour. Then we went to this 3 islands but it washing rushing due to the time constraint.

At pulau tokong burung, the boat stop for snorkelling activities. The boatman told us to go swim the other side to see the blue stingray. We went there, then once done, the current was strong and myself and my girl had difficult time to swim back. We tried our best to swim near to boat and already came to the boat. While my girl climbed up the boat, she drop and fell on the boat, she was hurt at her face area and the boatman didn’t help at all. Only the tourist from Holland help us. The boatman, were angry only because of the late coming to boat.
This was suppose to be the way. He suppose to help us and the boat also should equipped with first aid kit. My girl was bleeding badly on her face area.

Then we arrive at the hotel, we ask for first aid kit and they took long time to find it and same time the dettol they gave us was expired. They keep the expired medication. This was not suppose to be.

Need to improve on the emergency cases during any water sport activities.",2025-07,not_applicable,
Perhentian Island Resort,3.5,"The room is ok, toilet is clean. Breakfast was ok, ala carte food was poor. The beach was spectacular. We’ll come again for the beach,",2025-07,not_applicable,
Perhentian Island Resort,5.0,Beautifully cozy,2025-07,translated_argos,
Perhentian Island Resort,5.0,"Very fair value for money. Exceptionally friendly and helpful staff. While the buffet selection isn't very varied, it's plentiful, fresh, and the quality is quite acceptable. It's no comparison to the a la carte menu, though. The BBQ was very tasty. The snorkeling tours are quite nice. However, you can clearly see that the corals are suffering. The staff on the tours are also very friendly and helpful. All in all, a very nice three-day trip at a reasonable price.",2025-07,not_applicable,
Perhentian Island Resort,1.0,Chinches,2025-07,not_applicable,
Pulau Payar Marine Park,5.0,A beautiful scenery you will have it here! Please.. list down this place as your must-go place when you here in Langkawi 😍  Luckily got nice wheather... nice place. Recommended 👍 👍 👍 👍 👍,2022-12,not_applicable,
Pulau Payar Marine Park,5.0,Great for snorkeling here,2022-12,translated_manual,
Pulau Payar Marine Park,5.0,I'm mesmerized with it's beauty. You can catch small sharks and other colorful fish. It's truly amazing!,2022-12,not_applicable,
Pulau Payar Marine Park,5.0,island hopping with the nice sunset best view ever,2022-12,not_applicable,
Pulau Payar Marine Park,5.0,I like the place,2022-12,not_applicable,
Pulau Payar Marine Park,5.0,"Looking for a place to chill out? Dont miss out this place. It blows your mind how nice the view is, definitely suitable for a family and couple to stay in and plan for any beach activities that will ease your mind and soul.",2022-12,not_applicable,
Pulau Payar Marine Park,5.0,The view is beautiful and clear waters!,2022-12,not_applicable,
Pulau Payar Marine Park,5.0,Love the beach and the water is so clean...suitable fir healing2...🤭,2022-12,not_applicable,
Pulau Payar Marine Park,5.0,A nice place to OOTD and far away from city.,2022-12,not_applicable,
Pulau Payar Marine Park,5.0,A must place to visit when you in Langkawi. A small clean beach in Langkawi. You can also enjoy snorkeling activities here around 30mins. From Kuala Kedah Jetty.,2022-12,not_applicable,
Pulau Payar Marine Park,5.0,Best place tp go,2022-12,translated_argos,
Pulau Payar Marine Park,5.0,Nice view,2022-12,translated_argos,
Pulau Payar Marine Park,5.0,A great trip to this Langkawi hidden place. Worth the trip and awesome scenery with sea breeze.,2022-12,not_applicable,
Pulau Payar Marine Park,4.0,its a must when you go for island hoping in Langkawi. please refer to forecast before u plan to go here,2022-12,not_applicable,
Pulau Payar Marine Park,5.0,"Omg
Such a beautiful place
Like a paradise
Will be coming again and definitely will bring my family to see the beauty of this place",2022-12,not_applicable,
Pulau Payar Marine Park,5.0,"Nice place, good place to take a leave of absence, calm down a block, where stress may be set. ♪ ♪",2022-12,translated_argos,
Pulau Payar Marine Park,5.0,Should consider to visit this place for snorkeling while in kedah,2022-12,not_applicable,
Pulau Payar Marine Park,4.0,Place for holiday good..,2022-12,already_english,
Pulau Payar Marine Park,5.0,"The greatest place to explore about nature , the scuba dive also fun",2022-12,not_applicable,
Perhentian Island Resort,5.0,"This place is gorgeous! It's the only resort on the whole beach, so it's not crowded at all. The beach is amazing, and the facilities are great. They have a nice pool if you're not into the ocean, plus a pool table, karaoke, and a spa.",2025-07,not_applicable,
Perhentian Island Resort,5.0,"Pros:
- clean rooms, daily cleaning
- incredible beach right in front, the best I've seen on both islands during my stay
- commodities such as swimming pool, badminton and beach volleyball courts, snorkeling/ kayak tours and rental

Cons:
- too expensive for the region's prices
- the restaurant is not good and more expensive than the other resorts'

Overall, you won't regret coming there. It's expensive for Malaysia, but if you're a foreigner from a country with a stronger currency, you can probably afford it. For the food, we ended up going to the neighbor restaurant whose malaysian food was good and cheap.",2025-06,not_applicable,
Perhentian Island Resort,5.0,Very good,2025-06,translated_manual,
Perhentian Island Resort,5.0,"Ottimo, Saluti",2025-06,translated_argos,
Perhentian Island Resort,3.0,"The beach it's on is beautiful, quiet, with a family atmosphere. But I find it expensive for the services offered, and laundry, spa, etc. also have high prices. The included breakfast is fine but has little variety day to day, and the food quality isn't anything special either. Staff are fine, nothing more, but not particularly friendly. It's accommodation under Muslim management, so there's no alcohol. You can pay by card for all services. I wouldn't come back for the price I paid.",2025-06,translated_manual,
Perhentian Island Resort,1.0,the sausage place i,2025-06,translated_argos,
Perhentian Island Resort,4.2,"Nice hotel in a wonderful place. The most beautiful beach on Perhentian islands, good beach area, tasty food. A lot of animals - lizards, monkeys, squirrels, flying foxes",2025-06,not_applicable,
Perhentian Island Resort,1.0,"Honestly the best thing about The resort is the nature itself, because the resort people had nothing to do with it.
The resort itself is extremely dirty, everywhere you can see stuff that hadn't been cleaned in years, including reception area.
Rooms are sub par with really terribly plumbing, super old, and dirty, beds have bed bugs.
The restaurant serves trash food, no flavor, and outrageously overpriced.
The staff are not trained professionally and they really don't care about anything, they are just doing their jobs.
Never again.",2025-06,not_applicable,
Perhentian Island Resort,3.0,"I stayed for 3 nights with my 9-year-old son in the Superior Classic Double Room. Honestly, the room felt quite dated and in need of maintenance. At the very least, the resort should consider replacing the old door knobs, repainting the walls inside the room, and switching to brighter light bulbs.

The main reason I chose this resort was for the beach—and it did not disappoint. You’ll find soft, cotton-candy-like sand and clear seawater. With snorkeling gear, we were able to spot fish, small sharks, and even turtles right off the shore. The friendly squirrels were a delightful surprise—they aren’t shy and will come up to you asking for food.

The buffet breakfast was fairly decent, especially considering it was included with the room rate.

The resort's surroundings have a charming kampung (village) vibe, which I really enjoyed. However, do be prepared for large mosquitoes—bring insect repellent and mosquito coils for a more comfortable stay.",2025-06,not_applicable,
Pulau Payar Marine Park,5.0,Nice swimming experience although I'm a little bit scared of the ocean,2022-12,not_applicable,
Pulau Payar Marine Park,5.0,"Such a hidden gem, beautiful and different cultures to be here. The food also recommended, will come here again",2022-12,not_applicable,
Pulau Payar Marine Park,5.0,"nice view, scuba activity good. will come again",2022-12,not_applicable,
Pulau Payar Marine Park,5.0,"if you guys go to Kedah, and wanted to visit an island, this Pulau Payar Marine Park is one of the best option to visit! soooo in love with the view here ! very recommended to spend your holiday here .",2022-12,not_applicable,
Pulau Payar Marine Park,5.0,This marine park offers a great snorkeling and diving spot! The water is clear & blue. Also great for some sea action sports!,2022-12,not_applicable,
Pulau Payar Marine Park,5.0,"A day worth spending at this exotic dive spot. Scuba enthusiasts, you should explore this marine park!",2022-12,not_applicable,
Pulau Payar Marine Park,5.0,Beautiful place with crystal clear water. There are plenty of fish an you can feed them.,2022-12,not_applicable,
Pulau Payar Marine Park,5.0,Beautiful and peaceful gateaway for relaxing and recharge your energy. Heaven on earth!,2022-12,not_applicable,
Perhentian Island Resort,3.0,Stayed 3d2n and had a great time with friends. The activities such as snorkeling and diving are plenty fun.,2025-06,not_applicable,
Perhentian Island Resort,4.0,"Bon. Peel Belle a transparent.
Scorkeling sympathies.",2025-06,translated_argos,
Perhentian Island Resort,4.0,"We choose this resort becase of few reasons , which not fulfill your expectations..|1. We thought its a privat long beach, but during day time a lot snorckling boat bring tourist and let them swim and snorckel around. |2. We thought resort beach area has coral, however most of them already dead and nothing to see.|3. Resort landscape not well maintained|4. Bathroom has drain smell ||Good Poits :|1. Resort has swimingpool and not bad|2. Room towels and bedshits is white and clean|3. Food : not perfect , but  still can find  2-3 dish to fill up your hungry stomach 😁|4. Sea  not turquoise in color, however clean and gentle entrance which good for kids.|5. Can meet Flying foxes, Langurs and big Lizards..||Overall we rate this resort 6/10",2025-06,not_applicable,
Perhentian Island Resort,5.0,"Best CP value ever , take the full board package plus snorkelling trip !",2025-06,not_applicable,
Perhentian Island Resort,1.0,"I always go to beautiful islands, but this time I went to Perhentian Island Resort, I don't think it's worth the price, the rooms are dirty, the food is not good, only one dinner was worth it, which was Friday dinner, the beach was not clean, there was trash, the room was smelly and dusty here and there, the towels were dirty, the pillows and sheets were dirty.",2025-06,not_applicable,
Perhentian Island Resort,3.0,"Wanna give my fair share of the review. Just been back for about a week.
Good things first. The most beautiful beach you can get on this island. Crystal clear waters and a view to behold. I love it to bits.

Rooms are very very basic, please be warned. This is no luxury hotel, not anything close to decent. It is very dated and poorly maintained. So be prepared that you are only here for a room to sleep in. Power trips are common, i guess it is some form of electricity saving policy.

Food's rather basic as well but sufficient if you take the buffet package. Ala Carte meals are rather pricey but that is expected. And do note that there's NO ALCOHOL serve or on sale on this resort which is entirely fine for families and most people. For those of you who want some drinks, my advice is to bring your own. Do buy enough drinking water at the Jetty before you come over to the resort. My suggestion so to buy a few large 1.5L bottles.

All in all depends on what you are in for, if the waters and beach are your top priority and everything else is secondary, then this is the place for you. If you prioritise decent accommodation and at an affordable rate, then you may need to look elsewhere.

Hope this help readers make informed decisions and managing expectations. I love this place just because of the beach, nothing else. Will I be back? yes just because of this.",2025-06,not_applicable,
Perhentian Island Resort,2.0,"The experience was awful from the very beginning. Cleanliness was virtually nonexistent, both in the rooms and in the common areas. In the room, only the towels were changed (and they were old, torn, and stained), but the floor was never swept or mopped, and the bathroom was not cleaned. I had to repeatedly ask for basic supplies like toilet paper and soap. The mattress was extremely hard, making it impossible to rest properly. I reported it, but received no reply or willingness to solve the issue.
Housekeeping knocked on the door at 8 a.m. every day, regardless of whether guests wanted to rest a little longer. On top of that, there were scheduled power outages every morning and afternoon, which turned off the air conditioning and often disabled the hot water system — which already worked poorly via a button that sometimes didn’t respond at all.

Breakfast was extremely basic and unhygienic. The cheese was cheap, pre-packaged, and cut in half; the utensils were poorly washed; nothing was ever restocked. The dining area was dirty and clearly neglected, with spills, used plates, and a complete lack of organization.
The hotel is in visible disrepair: broken tiles patched with cement, rusty fixtures, litter in the garden, deteriorated furniture, and no visible maintenance of any kind.

The staff was unfriendly and uninterested. They never smiled or greeted guests, and acted like everything was a bother. I made several complaints — both in person and via WhatsApp, which is the only way to reach them — and none were ever answered. There is no phone in the room, and there is no Wi-Fi outside of the reception area, which is also not clearly stated when booking. Guests are given no information about the hotel or the island, and communication is practically nonexistent. If you have an urgent issue, good luck — no one responds.

The natural beauty of the location is the only positive thing, but that is not thanks to the hotel. The way this place is run is a total disgrace. I would strongly advise against staying here.",2025-05,not_applicable,
Pulau Payar Marine Park,5.0,Place you must go if come to Langkawi. Very systematic and clean,2022-12,not_applicable,
Pulau Payar Marine Park,5.0,"An excellent marine park, I would one of the best in Malaysia",2022-12,not_applicable,
Pulau Payar Marine Park,5.0,Wonderful place for water activities. Must visit,2022-12,not_applicable,
Pulau Payar Marine Park,5.0,There is fresh water in it. experience to ride the boots and enjoy the beautiful scenery. A clean and safe neighborhood for children and teenagers.,2022-12,translated_argos,
Pulau Payar Marine Park,5.0,Beautiful like.. so relaxing,2022-12,translated_argos,
Pulau Payar Marine Park,5.0,An amazing view of the sea. It's worth spending and to enjoy in the midst of nature ❤️,2022-12,not_applicable,
Pulau Payar Marine Park,5.0,Sooo fun for family time,2022-12,translated_manual,
Pulau Payar Marine Park,5.0,Beautiful places . And the view also nice . Excellent,2022-12,not_applicable,
Pulau Payar Marine Park,5.0,"A really great Marine Park, a must go place",2022-12,not_applicable,
Pulau Payar Marine Park,5.0,Beautiful scenery,2022-12,translated_argos,
Pulau Payar Marine Park,5.0,"Amazing place and nice place to visit, sunny day and lucky able to see baby sharks. Water so clear and clean… worth to visit and recommended place when plan to visit Kedah.",2022-12,not_applicable,
Pulau Payar Marine Park,5.0,A beautiful scenery you will have it here! Pleaseeee list this place as your must-go place when you here in Langkawi!,2022-12,not_applicable,
Pulau Payar Marine Park,5.0,Amazing experience!!! Beautiful scenery and sea view. Worth your time visiting. Highly recommended!,2022-12,not_applicable,
Pulau Payar Marine Park,4.0,"Make sure to buy tickets in advance to skip crowd.

Because of after Covid-19, the sea and reef is much clearer and good view for you see the marine life beneath!",2022-12,not_applicable,
Pulau Payar Marine Park,5.0,Recommended..to do many activities...scuba diving snoorkeling...very beautiful nature and marine park,2022-12,not_applicable,
Pulau Payar Marine Park,5.0,Very nice view👍😍,2022-12,translated_argos,
Pulau Payar Marine Park,5.0,Breathtaking and beautiful marine park that is a must to visit here🥰,2022-12,not_applicable,
Pulau Payar Marine Park,5.0,Nice place to go for relaxing your mind,2022-12,not_applicable,
Pulau Payar Marine Park,5.0,Baby sharks and the view of sea damn beautiful must visit place,2022-12,not_applicable,
Pulau Payar Marine Park,5.0,"Amazing beautiful scenario 😍, a good trip with love one , can see the baby shark♥️",2022-12,not_applicable,
Pulau Payar Marine Park,5.0,Nice beach. Best spot to snorkeling. The water is clear and beautiful necessary,2022-12,not_applicable,
Pulau Payar Marine Park,5.0,An astounding spot to investigate and blend with ocean animals. Delightful view and clear water that houses numerous vivid fish. There are numerous delightful spots to take pictures there.,2022-12,not_applicable,
Pulau Payar Marine Park,5.0,I went here with my family before. I’m amazed with how well they take care of the ocean. Also snorkelling here and saw many beautiful creatures as the ocean are cristal clear. 😍,2022-12,not_applicable,
Pulau Payar Marine Park,5.0,Beautiful place to visit! Recommended to the others to come,2022-12,not_applicable,
Pulau Payar Marine Park,5.0,Very beautiful island with crystal clear water and can see a lot of unique marine life.,2022-12,not_applicable,
Pulau Payar Marine Park,5.0,"I'm here again!! If you like scuba diving, watching fish and any marine things, you all can go to this place. This will not disappoint you!!",2022-12,not_applicable,
Pulau Payar Marine Park,5.0,Good place to visit and have a break 😍,2022-12,not_applicable,
Pulau Payar Marine Park,5.0,recommended place to go with family,2022-12,not_applicable,
Pulau Payar Marine Park,5.0,So calm! Great Place to visit,2022-12,not_applicable,
