destination,rating,rating,text,time
Perhentian Island Resort,,1.0,"We have never stayed in accommodation that was this dirty. The location itself is beautiful, and thankfully, the air conditioning worked.

Only Mimi speaks English; unfortunately, no one else does. Whenever we wanted to order something, we had to use hand gestures and try to explain what we wanted. The food is not recommended either, so we ended up walking to a resort further down the beach to eat.

There were insects everywhere in our room, including biting ants, mosquitoes, and spiders. The bathroom had clumps of hair left behind by previous guests, and judging by the overall condition of the room, it was clear that it had not been properly cleaned.

The water smelled strongly of sewage, which was extremely unpleasant.

The beach loungers are made of bare wood with no cushions, making them very uncomfortable to lie on.

Overall, this place is far too expensive for what you get. The property is in serious need of renovation and, in our opinion, should either be properly renovated or closed until it meets basic standards.

We also did not feel particularly welcomed by the staff. Most of the time, the staff were either sleeping in the hammocks or sitting on their phones. If you decide to stay here, be prepared for very limited English communication and a lack of service.

The location is beautiful, and the air conditioning worked, but unfortunately, those are the only positives we can mention. For the price, we expected much more.",2026-09-11T11:58:34.135Z
Perhentian Island Resort,,1.0,"Notre séjour au Pir Perhentian a malheureusement été une grande déception.
L’hôtel possède pourtant un véritable atout : une très belle plage privatisée, dans un cadre magnifique.
Cependant, la qualité de la chambre et surtout son niveau de propreté sont très loin de ce que nous pouvions attendre.
Dès notre arrivée, nous avons été confrontés à une forte odeur nauséabonde et d´égoût dans la salle de bain, qui était par ailleurs loin d’être propre. La vitre n’était visiblement pas nettoyée et l’ensemble donnait une impression générale de manque d’entretien.
Les serviettes fournies étaient également sales et présentaient des taches jaunes, ce qui est particulièrement décevant et peu acceptable pour un établissement hôtelier.
Mais le plus désagréable a été de retrouver des cafards dans la chambre pendant la nuit à 4h du matin, dont un qui est apparu sur notre table de chevet alors que nous dormions. Ce genre de situation est particulièrement stressant et nous a empêchés de par ailleurs de dormir sereinement mais de profiter pleinement de la fin de notre séjour. Je ne me suis sentie vraiment pas à l’aise du tout dans notre chambre et ne prenais aucun plaisir à y être dedans ma seule envie était d’en sortir et une hâte que le séjour ce termine. Nous avons conclue que ça ne servait à rien de se plaindre à la réception au vu de tout les précédents avis négatifs sur plusieurs années et que rien avait changer ou qu’aucun remboursement n’avait été fait.",2026-09-10T07:30:19.261Z
Perhentian Island Resort,,5.0,,2026-09-08T16:40:52.256Z
Perhentian Island Resort,,3.0,"pulau cantik tapi daytrip sepoi sbb tak bawak kali pergi byk tempat, ala holiday. pastu sidai customer kat dua jam tunggu bot balik",2026-09-05T02:58:13.532Z
Perhentian Island Resort,,4.0,,2026-09-04T00:30:36.114Z
Perhentian Island Resort,,5.0,The best holiday,2026-09-03T05:24:52.456Z
Perhentian Island Resort,,5.0,"An Amazing Family Getaway at Pulau Perhentian Resort!

We had such a wonderful stay at Pulau Perhentian Resort with our children, and it was truly an unforgettable family holiday! 🏝️💙

The beach was absolutely breathtaking crystal-clear turquoise water, incredibly clean surroundings, and beautiful white sand that sparkles under the sunshine. It felt like a little piece of paradise!

Our room was comfortable, clean and cozy, making it a perfect place to relax after a fun day at the beach. The staff were also very friendly, helpful and welcoming, which made our stay even more enjoyable.

And of course, the food deserves a special mention! 🍽️ Everything we tried was delicious, and we really enjoyed our meals during our stay.

Most importantly, the resort is very family-friendly, and our children had such a great time. Seeing them enjoy the beautiful beach and island made the trip even more special for us.

Thank you Pulau Perhentian Resort for the wonderful hospitality and beautiful memories. We truly enjoyed our stay and would definitely love to come back again! 🌊☀️🤍

Highly recommended for families looking for a relaxing, beautiful and memorable island getaway!",2026-09-03T03:57:46.839Z
Perhentian Island Resort,,4.0,,2026-09-02T00:32:03.264Z
Perhentian Island Resort,,3.0,"Dubbel gevoel over ons bezoek aan de Perhentian Islands. De natuur is overweldigend prachtig. Het resort is mooi gelegen in de Turtle baai. De voorzieningen zijn in basis allemaal aanwezig op het resort.

De kwaliteit van het resort is echter matig. Huisjes zijn wat verouderd en wij hadden meerdere avonden kakkerlakken op bezoek. Wij verbleven 5 nachten, geen enkele keer is de WC en douche schoongemaakt (wel dagelijks huisje vegen, bed opmaken, nieuwe handdoeken en WC rollen aanvullen). Personeel was matig behulpzaam bij vragen en het restaurant was redelijk van kwaliteit.

In een oerwoud horen dieren en dat daarmee veranen, apen, gekko's en eekhoorns rondlopen is leuk. We hebben daarvan genoten.

Betaling kan overigens gewoon met je creditcard (bij vrijwel alle restaurants op het eiland). Bootservice naar de andere stranden of Kecil kan snel en eenvoudig (deze wel contant betalen). Tip: wil je wijn drinken: neem deze mee vanaf de vaste wal.",2026-08-29T12:37:23.711Z
Perhentian Island Resort,,5.0,,2026-08-26T19:51:51.874Z
Perhentian Island Resort,,3.0,"- habitación justa.
- limpieza justa.
- comodidad justa.
- localización espectacular.
- precio - calidad - caro",2026-08-25T11:13:06.857Z
Perhentian Island Resort,,5.0,Spettacolare,2026-08-23T23:47:42.978Z
Perhentian Island Resort,,5.0,"Sitio con emplazamiento espectacular, pero falta de mantenimiento. Las toallas tienen un color mas que feo y todo está viejo.
En cuanto al servicio, mas serios/as no pueden ser. Tan solo una camarera te sonríe.
En cuanto al alcohol, está prohibido en la parte del restaurante y para tomarte una cerveza te tienes que ir al resort de al lado que está a unos 15 minutos.
Lo que si tiene, es una playa espectacular y nada mas entrar te encuentras una diversidad marina impresionante.",2026-08-22T11:10:19.339Z
Perhentian Island Resort,3/5,,Nonostante il posto sia un po vecchio e potrebbero migliorare i servizi ci tornerei in quanto questo resort si trova sulla spiaggia più bella dell isola. Davanti ai bungalow c’e una spiaggia bellissima dove potrai fare snorkling con tartarughe squali e razze. I lettini sono di legno quindi consiglio di portarsi un materassino anche gonfiabile da prendere in terra ferma perché nell isola non ne vendono.  Si mangia bene alla carta invece il buffet lascia un po a desiderare. I prezzi del mangiare sono buoni rispetto all Italia. Noi spendavamo a cena circa 10 euro a testa.  La pulizia lascia un po a desiderare ma basta farlo presente e vengono a ri pulire. Il|Personale con noi è stato disponibile. Ho viaggiato con amici e mio figlio di due anni e tornerei la nonostante tutto. La posizione e impagabile.,2026-08-20T23:59:59.999Z
Perhentian Island Resort,1/5,,"I want to be fair. Perhaps this would have been a wonderful experience for a young family, if they are OK with very “rustic” accommodations. We are not that young family. We paid $800 ringgit per night for what we believed would be at least an adequate resort (in Kuala Lumpur, that same $800 would have more than paid for a suite in a 5-star hotel). Our expectations were not super high, since we understood that we were paying for an experience on a private island. Just clean and comfortable. Unfortunately, we got neither. Our room, #208 had a broken front door that only opened 1/3 of the way, scraping across the floor and then stopping. There were deep gouges and white paint all over the floor, which let us know this issue is ongoing. At first glance, the room looked clean (and bedding was fresh), but on further inspection we could see that only surface cleaning has ever been done. The doors were filthy, mold stains on walls, absolute filth in the pipes and shower drain and air conditioning filters. Dirty, streaked mirrors. Also, the king size bed was hard as a rock - extremely uncomfortable with a poor quality mattress. We paid an extra $100 ringgit for an “extra bed” which was just a cot - a plastic mattress. Food at PIR is bad and obscenely expensive. Piles of trash behind convenience stores and coffee shops. And overall, a deeply unpleasant sewage smell in our room and permeating the island. The good: beach is absolutely lovely. Water is crystal clear, sand is white. No trash on the beach (they hide trash behind businesses, but it’s obvious as it stinks and attracts rodents). It was a wonderful experience to swim with colorful tropical fish. That was the one and only thing I appreciated about this overpriced and horrifically maintained island.",2026-08-20T23:59:59.999Z
Perhentian Island Resort,,2.0,"La location è molto bella ma il resort è estremamente trascurato e porco. Lenzuola macchiate, bagno ammuffito con acqua gialla  in uscita dal rubinetto, insetti, polvere sul condizionatore e bagno mai pulito (consegna nuova carta igienica e svuotamento cestino solo per esplicita richiesta) con pochi asciugamani. Sdrai di legno scomodissimi e luoghi comuni non adeguatamente mantenuti e in alcuni casi semi abbandonati. È un peccato perche la giungla e il mare sono estremamente vivaci e pieni di animali ma il resort è sconsigliato. Meglio venire in barca e soggiornare in altro hotel.",2026-08-20T10:23:07.386Z
Perhentian Island Resort,,3.0,"The location is nice, but unfortunately the room was pretty bad and definitely not what we expected. Very basic, dated and extremely overpriced for what you get. Definitely needs some serious improvements.",2026-08-20T10:10:04.740Z
Perhentian Island Resort,,5.0,Tres belle plage ou l on découvre des tortues,2026-08-18T12:27:02.998Z
Perhentian Island Resort,,2.0,"Camere molto piccole ed umide, pulizia e manutenzione approssimative.
Asciugamani col contagocce.
Colazione pessima.
Lettini in spiaggia pochissimi e comunque scomodi (in legno).
Servizio svogliato e poco attento.
Insomma a parte la spiaggia che è bellissima, del resto si salva pochissimo.",2026-08-17T07:17:57.491Z
Perhentian Island Resort,1/5,,"Hotel DA INCUBO.|Il tour operator ce lo aveva definito spartano… è semplicemente un incubo!!!!|Alloggi vecchi, fatiscenti con crepe sui muri, buchi e pavimenti sollevati, sporchi e trascurati.|La doccia senza piatto, quindi si allaga il bagno, getto debolissimo che per sciacquarti ci metti ore. Lavabo dei puffi che se ti va bene e non perde acqua dal sifone, puzza di fogna in maniera esagerata ogni volta che si usa.Insetti ovunque!!! Lenzuola e asciugamani LERCI, frigorifero che perde acqua. Cassaforte rotta, una presa in tutta la stanza compreso il bagno.|L’unica nota positiva è il mare, ma è una magra consolazione!!!!|Peccato!!! Hanno in mano un tesoro e non sanno gestirlo!!!",2026-08-16T23:59:59.999Z
Perhentian Island Resort,3/5,,"Beautiful resort with great potential, but service needs improvement – 7.5/10||We spent a week at this Marriott resort and overall had a very enjoyable stay. The property is beautiful, our accommodation was extremely comfortable, the views were wonderful, and we really appreciated our  villa with a private pool.||Breakfast was definitely one of the highlights — excellent variety and quality, especially the freshly! |A special mention must go to Zafirah, our Villa Host, who was absolutely wonderful: kind, attentive, always available and genuinely interested in making our stay special. We also really appreciated the lovely touches for our wedding anniversary.||That said, for a 5-star Marriott resort at this price level, there are some areas that really need improvement.||The biggest issue for us was the restaurant service. Although the staff were always friendly, service was consistently very slow and dishes for the same table rarely arrived together. On several occasions, one of us had almost finished eating before the other person’s meal arrived.|There were also some surprising operational issues. The beach bar was out of basic items, including water, for several days, which is difficult to understand at a 5-star tropical resort.||The management of sunbeds around the pool also needs attention. Guests reserve them early with towels and belongings and sometimes do not appear until hours later. We were told there is a 15–20 minute policy for unattended sunbeds, but unfortunately we never saw it being enforced.||Finally, the arrival experience could be much more polished. First impressions matter, and the transfer/check-in process did not feel particularly premium or aligned with what we expected from a resort of this category.||Overall, we would rate our experience 7.5/10. There is a lot to love here: beautiful surroundings, excellent accommodation, a great breakfast and some genuinely lovely staff. However, at this price point, the consistency of the service needs to match the quality of the resort itself.||With better restaurant coordination, attention to basic stock management, enforcement of pool policies and a more refined arrival experience, this could very easily become a 9/10 resort.",2026-08-16T23:59:59.999Z
Perhentian Island Resort,,4.0,,2026-08-15T00:23:50.636Z
Perhentian Island Resort,,2.0,"Quel gâchis alors que le potentiel est là  et que le site est magnifique !
Les chambres : globalement sales , la sdb délabrée, le ménage (vu)  est fait (en 5')  avec une serviette de plage sans produits d'entretien (ceci explique cela), les équipements cassés ou non entretenus. Les abords sont sales et ns avons fini par ramasser ce qui traînait autour de la chambre.
L'alimentation : allez manger dans l'hôtel à côté ! Les bacs ne sont pas remplis en continu, il faut compter 30'. Nous avons payé un buffet (×3) et il n'y avait qu'un bac de riz et un bac de viande, les 10 autres étaient vides a 19h30. Au bout de 40' nous sommes partis, le ventre quasi vide.... l'environnement est egalement sale et pas engageant.

La direction avertie s'est excusée et a envoyé une équipe faire un ménage complet. C'est gentil, mais les autres jours : retour aux habitudes.

Tout cela a un peu gâché notre sejour (4jours) qui a été sauvé par le restaurant d'à côté et par les fonds sous-marin magnifiques.

C'est bien dommage car le site a du potentiel, il manque juste un vrai management hôtelier : vérifier la qualité du ménage, tenir la zone de restauration propre, réachalander le buffet en continu et vérifier les abords du site pour enlever les déchets qui l'encombre.",2026-08-14T17:58:25.880Z
Perhentian Island Resort,,5.0,,2026-08-13T13:30:51.568Z
Perhentian Island Resort,,2.0,"Je suis très très très mitigée sur cet hôtel.

La plage est terriblement belle et l’hôtel terriblement vétuste. Je suis passée de l’ébahissement au dégoût tout au long de mon séjour.

La première certitude c’est qu’en séjournant là, il faut être très très à l’aise avec la faune: jeckos, lézards, fourmis, sauterelles, écureuils qui ressemblent à des rats, varans et même des varans malais. Dans la chambre, il y a tout de même une mise en garde contre toute cette faune et également contre des serpents. Sincèrement, nous n’en avons pas vu. Mais toutes ces bêtes sont omniprésentes. Donc j’ai passé un séjour en état d’alerte maximum 🤣

Ensuite, la chambre est crade au possible, elle sent les égouts et le linge de lit et de bain est… piteux. Troué, taché, jaune… j’ai mis des photos mais l’insalubrité générale de l’hôtel est indescriptible. Les transats à la plage sont des planches en bois sans matelas et il n’y a pas de parasols. Si vous vous mettez sous les palmiers, prenez garde aux écureuils qui en ont terrifié certains.
Pour finir, le petit déjeuner est très sommaire, le café indéfinissable: noir pétrole mais absolument aucun goût de café. Le resto du soir était sincèrement correct. Il n’y a rien à faire le soir, prévoyez un IPad et une connexion 4/5G qui fonctionne très bien. Il n’y a pas de wifi.

Quant à la plage… waouh! La plus belle de Perhentian. On a nagé quotidiennement avec des raies, des tortues, des bébés requins etc

Il y a plein de gens qui viennent à la journée (c’est le défilé des bateaux par contre) et je me demande si ce n’est pas ce qu’il faut faire en réalité. Bref.

Aussi je ne déconseillerais pas d’y aller vu la magie de la plage mais d’y aller en connaissance de cause et en payant le bon prix car moi, j’ai payé sur Agoda/Booking plus de 300€ la nuit et à ce prix là, c’est sincèrement du vol manifeste.",2026-08-13T07:27:11.195Z
Perhentian Island Resort,,5.0,"Yorumları görünce çok korkmuştum ve çok tedirgin gelmiştim ama gerçekten çok güzeldi. Restaurantın kahvaltıları çok iyi, özellikle istediğiniz gibi omlet zeytin peynir domates ve salatalık görünce kahvaltıda çok şaşırdım burada beklemiyordum. Konumu muhteşem önündeki plaj dünya harikası, her gün denizdeki dubanın sol tarafında mutlaka 2-3 kaplumbağa görüyorsunuz, sağ tarafında ikinci dubanın olduğu yerlerde de resifler harika ve bir sürü farklı balık görebilirsiniz. Oda kısmına gelince bence konumları ve genişliği gayet iyi fakat bize eşimle iki ayrı yataklı oda denk geldi ve çok üzüldük tamamen book olmuştu oteldeki odalar. Arkada badminton sahası ve havuz var. Tek önerim fruit plate e daha tropikal meyveler koymanızı rica ederim mango, hindistan cevizi gibi maalesef biz burayı ziyaret edenlerdeki bu tarz meyveler bu kadar lezzetli değil.",2026-08-12T14:39:11.965Z
Perhentian Island Resort,,2.0,"Good location to relax under sunny skies.

2026 update) Understand that bed bugs could be active and unless controlled properly,…",2026-08-12T11:05:32.680Z
Perhentian Island Resort,1/5,,"I don't even know where to start. Rude, lazy staff, awful rooms, bad restaurant. ||The beach is kind of nice and very crowded. ||I'm sitting here on night one of 3 and seriously considering just leaving. The icing on the cake is paying premium money for a 'superior' room and then getting told there's no wifi there. The rusty screws sticking out of the walls are a nice touch too. Beautiful.",2026-08-11T23:59:59.999Z
Perhentian Island Resort,,4.0,The most gorgeous place i’ve ever stayed in my life the beach and ocean is beautiful and the resort is very nice. Staff are unfriendly and cold and the food really is inedible.,2026-08-10T09:45:37.621Z
Perhentian Island Resort,,5.0,On y est allé uniquement pour avoir accès à la plage mais vraiment je recommande cet endroit c'est le seul endroit où vous pourrez faire du snorkeling et avoir une plage paradisiaque sans avoir à payer des taxis bottes 50 €,2026-08-10T02:22:03.959Z
The Taaras Beach & Spa Resort,,5.0,"We stayed here for two nights with my husband to celebrate our wedding anniversary, and everything was absolutely perfect! The location is incredible, with a private beach that is among the most beautiful I have seen in Malaysia (and honestly… anywhere else too). The staff were incredibly kind, welcoming and always happy to help. Our room was wonderful, with a breathtaking view. The package also included several activities that we really enjoyed, such as snorkeling with turtles and kayaking. We were also incredibly lucky to take part in a turtle hatchling release, supporting SEATRUE, an organization dedicated to protecting these beautiful animals. It was a truly emotional and unforgettable experience. The food at the restaurant was also very good, and breakfast was excellent and plentiful.
There is also the opportunity to join yoga classes, either on the beach in the morning or in the dedicated yoga space overlooking the sea. Our instructor, Huril, was incredibly kind and very knowledgeable. The classes were both relaxing and enjoyable, but also challenging in the best possible way! I highly recommend staying at this resort and truly hope to be able to come back in the future!",2026-09-11T08:57:56.542Z
The Taaras Beach & Spa Resort,,5.0,"Beautiful  resort made better by excellent service. Especially good service from Guest Ambassador Saiful - very attentive with the food recommendations and preparations. Accommodating to our request for traditional food.

Really good breakfast.

Excellent Italian dinner cusisine at Marenero Restaurant. Chef Danny prepare really heartwarming Italian food.

Nadia is attentive to our requests as well",2026-09-11T01:53:14.905Z
The Taaras Beach & Spa Resort,,5.0,"Assalamualaikum I would like to thank you and your team for the wonderful experience at The Taaras Beach & Spa Resort. We truly enjoyed our stay and were impressed by the beautiful surroundings, excellent service, and warm hospitality.

The staff were friendly, attentive, and always willing to assist. The beach and overall atmosphere were beautiful and made our stay very relaxing and memorable.

Please convey our appreciation to the entire team for their hard work. We look forward to returning to The Taaras again in the future. Take care n will Miss u guys.",2026-09-10T13:23:05.905Z
The Taaras Beach & Spa Resort,,4.0,"Nice resort with amazing staff, especially ioga teacher (haven) and scuba instructor (itham).
All staff nice and kind
Spacious room (garden suitte)
Cool gim (amazing views)
I would ask for a deeper clean service but I would defintely repeat. One of the best hotels in Malasia.",2026-09-10T07:37:06.916Z
The Taaras Beach & Spa Resort,,5.0,"Love the warmth and friendly staff. Everyone ws so helpful and willing to give ideas on what to do, where and when to expect some activities. The service was top notch and not to forget the super fine and white sandy beach. The view from our room ( Cliff Premier Suite) was great overseeing the beaches and blue-greenish sea.
The only downside is there's no sunset appearances in Taaras. Overall, we're satisfied and probably will come again.",2026-09-06T09:18:51.770Z
The Taaras Beach & Spa Resort,5/5,,"⭐️⭐️⭐️⭐️⭐️||I had a really nice experience at Taarash Beach, especially as a solo traveler. The beach was peaceful, relaxing, and perfect for taking some time for myself. The atmosphere was beautiful, and I really enjoyed the quiet surroundings and the amazing views.||Traveling alone can sometimes feel a little overwhelming, but Taarash Beach made me feel comfortable and relaxed. It’s definitely a lovely place to visit if you want to escape the busy city and enjoy some peaceful time by the sea. 🌊✨||I would definitely love to come back again! 💙",2026-09-02T23:59:59.999Z
The Taaras Beach & Spa Resort,5/5,,"Struttura molto attrezzata , spiaggia spettacolare e la possibilità di oartire direttamente dal resort per fare le escursioni. Consigliato!",2026-08-31T23:59:59.999Z
The Taaras Beach & Spa Resort,5/5,,"The Taaras is one of the best hotels we’ve stayed at! 🌴❤️||We went island hopping, and the kids really enjoyed the activity. 🏝️🚤🐠 We had such a wonderful and memorable time together.||Beautiful place, great experience, and perfect for a family holiday. We will definitely come back again! ⭐⭐⭐⭐⭐",2026-08-31T23:59:59.999Z
The Taaras Beach & Spa Resort,5/5,,"We had a wonderful stay at The Taaras Beach Resort & Spa. The resort is set in a truly beautiful location, surrounded by lush nature and crystal-clear water, with an amazing beach that makes Redang Island feel like a little paradise.||We really enjoyed the peaceful atmosphere, the beautiful surroundings and the variety of services and activities available at the resort. It was the perfect place to relax, enjoy the sea and make some very special memories.||A special mention goes to Hamdan Rajab, who took great care of us throughout our stay. He was always kind, friendly and helpful, and assisted us with the reservations for the different services and activities at the resort. He was always available whenever we needed anything and made everything easy and enjoyable.||Thank you to Hamdan and the whole team for such a lovely experience. We would definitely recommend The Taaras and hope to come back again in the future!",2026-08-31T23:59:59.999Z
The Taaras Beach & Spa Resort,5/5,,"Truly beautiful hotel, huge and gorgeous room. Magnificent bathroom. All the staff were extremely kind—Nadia at the reception in particular was super helpful and friendly.|​Dining: Several restaurants on-site; the Asian one was really good.|​Beach & Sea: Beautiful beach and crystal-clear water, with a spot for turtle watching right nearby.|​Services: Super efficient shuttle service and everything was perfectly organized.",2026-08-31T23:59:59.999Z
Perhentian Island Resort,2/5,,"Quel gâchis.... un si joli site aussi mal géré.... |Oui le site est splendide et l'architecture de l'hôtel a du potentiel mais ce nest pas du tout géré :|1) les chambres : sont globalement sales et certains équipements délabrés : meubles de la sdb cassés,  lunette des toilettes branlantes,  flexible de douche innommable, vitre de douche sale|2) ménage : jai assisté au ménage qui a été fait avec une serviette de plage sans aucun produit le tout en 5' chrono (pas de balai, ni rien). La personne est passée à la villa d'à côté avec la même serviette.... (celle de plage distribuée a l'accueil...)|3) La restauration: la zone de restauration n'est pas nettoyée en continu, particulièrement les zones de service. Le réachalandage est aléatoire et il faut souvent attendre +30' avant de voir les bacs re-remplis. |Nous avons ainsi payé un buffet et sur la 10zaine de bacs seuls 3 étaient remplis, ils l'ont été plus de 30' après,  au moment où nous partions (le ventre creux). Idem le matin et à midi.|La solution : aller manger dans l'hôtel à côté (10' à pied) où le service est souriant et la carte alléchante. Nous y avons pris tous nos repas. ||La direction, avertie de nos remarques, s'est excusée et a dépêché une équipe de nettoyage pour faire notre chambre (à blanc)  c'est gentil et commercial mais le problème n'est pas là.| Il est dans les contrôles inexistants : personne pour vérifier la propreté des chambres,  du site (nous avons fini par nettoyer autour de notre chambre les déchets éparpillés) , de la zone de restauration. ||Cela a un peu gâché notre séjour qui a été sauvé par le restaurant d'à côté et les fonds sous-marins magnifiques.",2026-08-09T23:59:59.999Z
Perhentian Island Resort,,2.0,"C est une catastrophe cet hotel. Le service, le ménage, la nourriture, rien ne va.  Seul l emplacement est idéal,  au bord de mer. On peut voir des petits requins, des raies et des poissons tout au bord de l eau.
Mon conseil : prospectez les hôtels d a côté.",2026-08-09T13:15:36.939Z
Perhentian Island Resort,,3.0,"El hotel está muy bien ubicado en una de las mejores playas. Ahora bien, por lo que pagas es muy caro, te dan toallas rotas y desgastadas, la limpieza en las habitaciones no existe, barren un poco y listo. Sobretodo si vais no miréis los rincones no por esquinas de la habitaciones. Da asco.",2026-08-08T00:54:12.386Z
Perhentian Island Resort,,3.0,"Consigliato per 2-3 notti ma non di più.

Ottima posizione, proprio sulla spiaggia. Stanza abbastanza carina e abbastanza pulita anche se c’è un odore un po’ sgradevole in bagno e non è mai stata pulita durante il soggiorno. Il complesso del resort e le stanze dovrebbero essere rinfrescati e puliti meglio.
Il wifi non funziona e non c’è la TV in stanza. Il ristorante non è nulla di ché.
Con qualche accorgimento, pulizia, e migliorie avrebbe un alto potenziale.",2026-08-06T13:55:16.095Z
Perhentian Island Resort,,4.0,Niesamowita okolica. Plaża i miejsce do snorkelingu. Sam hotel ma dużo do poprawy. Bardzo słaby internet. Kiepskie śniadania i droga restauracja.,2026-08-03T12:14:37.715Z
Perhentian Island Resort,,4.0,"Prachtig eiland.
We zagen een beetje tegen ons verblijf op, gezien alle negatieve reviews. Maar de kamer was schoon (badkamer wat verouderd). Zwembad is netjes, strand is fijn. Snackbar ook prima voor de lunch. Personeel was naar ons heel vriendelijk en behulpzaam. Kortom het viel echt zo mee! Bed werd iedere dag opgedekt, schone handdoeken en iedere dag 2 flesjes water. Eten hebben we iedere avond bij Barat gedaan, daar met 19en steeds lekker gegeten.

Aanrader: jungle trekking naar andere kant eiland. Vertrekpunt is badmintonveld.",2026-08-03T08:33:44.821Z
Perhentian Island Resort,,3.0,,2026-08-03T04:46:48.852Z
Perhentian Island Resort,,5.0,,2026-08-01T11:34:33.769Z
Perhentian Island Resort,3/5,,"The beach is stunning! White sand, turquoise sea and turtles and sharks 5 meters away from the coast. The beach front bungalows have an amazing view and location. The accommodation is clean, but very basic, old and worn. The bed is comfortable and the air conditioning works. The resorts itself is very tired, breakfast was so poor I stopped going, and the staff look exhausted and totally fed up. If your priority is beach life and you are happy to explore other food options, and a simple room and bathroom are ok for you then this resort could work for you!",2026-07-29T23:59:59.999Z
Perhentian Island Resort,,4.0,"Abbiamo passato in questo resort 5 giorni e 4 notti. Per iniziare devo dire che abbiamo sognato le isole perenthian per mesi, e devo dire che non deludono le aspettative, sono un paradiso incontaminata! Siamo però partiti un pò scoraggiati dalle recensioni delle varie strutture e dopo un annetto di ricerca conveniamo nel prenotare al PIR camera beach front. Capitolo posizione: sicuramente la spiaggia piu bella di tutte e due le isole, la spiaggia si trova a Besar(isola grande), posizione eccellente, turtle point a 50 m dalla riva. Tutti i giorni abbiamo fatto il bagno in mezzo a pesci di ogni specie,  razze e tanti squaletti pinna nera che venivano regolarmente a trovarci, sensazione meravigliosa! Capitolo camera: la camera beach front è sicuramente la migliore del resort,  abbiamo scelto il pacchetto colazione inclusa, la camera è in legno, sicuramente no  di lusso ma direi che le assegnerei 3 stelle. Comunque dispone di questa balconata fronte mare, ogni mattina ci siamo svegliati con il rumore del mare praticamente a 30 secondi di distanza da noi. Camera in sostanza pulita, ovviamente bisogna tenere presente che si è su un isola abbastanza selvaggia  in malesia. Capitolo servizi; i ragazzi che lavorano al PIR sono tutti gentilissimi e cordiali, sicuramente metterei piu lettini sulla spiaggia e magari una tipologia piu comoda, ma che te ne fai dei lettini quando hai quella sabbia paradisiaca? Capitolo cibo: la colazione del PIR era abbastanza fornita con una buona scelta internazionale e soprattutto asiatica. Conclusioni: la nostra esperienza estate piu che positiva! Ovviamente bisogna tenere conto che si è su un isola selvaggia, con un mare da sogno che sicuramente non ha niente da invidiare a posti come le Maldive. Inutile cercare una servizio 5 stelle, qui si viene per distaccarsi dal mondo! Lo consiglio vivamente a chi vuole immergersi in questo paradiso.",2026-07-29T00:49:03.028Z
The Taaras Beach & Spa Resort,5/5,,"Resort staff are hospitality and friendly to welcome us at the resort’s lobby, the room is equipped with all amenities needed and we have a big room with the living room separated. Beach is wonderful with the white sand and crystal clear water. I like the beach bench under the small hut to feels the peace and calmness.",2026-08-31T23:59:59.999Z
The Taaras Beach & Spa Resort,5/5,,"Special Thanks to Nadia from Taaras Guest experience for making us feel very welcome & entertain all our requests with professionalism &hospitality.1st Class Guest Experience for us.||Also a Special Thanks to Adila of Reservations, she really showed empathy & hospitality in handling out booking request.||Both Nadia & Adila are an Asset to Taaras Resort & went above their duties to make us feel at home.||Other staff were all very professional &friendly.||Resort itself is Fabulous.||Mr. Adam. (Room154 28/8/2026)",2026-08-30T23:59:59.999Z
The Taaras Beach & Spa Resort,,5.0,makan tengah hari dgn mcm2 jenis lauk,2026-08-30T17:01:24.063Z
The Taaras Beach & Spa Resort,5/5,,Hamdan the guest officer was such a delight to have in assisting us with anything to the resort. He provided us with excellent service and made our stay really convenient especially as we had a baby with us. TQ HAMDAN.,2026-08-29T23:59:59.999Z
The Taaras Beach & Spa Resort,5/5,,"Location meravigliosa, qualche piccola manutenzione necessaria ma la cortesia assoluta di tutto il personale e i luoghi meravigliosi che abbiamo visitato meritano un ritorno.|Colazione fornita di tutto quello che si può immaginare, ristoranti interni molto buoni, ma appena fuori dalla sbarra c'è una ""trattoria"" locale da urlo",2026-08-29T23:59:59.999Z
The Taaras Beach & Spa Resort,5/5,,"Ci siamo trovati davvero benissimo! Il resort è stupendo e si trova su una spiaggia magnifica, a nostro parere la più bella dell’isola. Il mare e il contesto sono semplicemente meravigliosi.||Un altro grande punto di forza è sicuramente lo staff: tutti sono stati estremamente gentili, cordiali e disponibili durante l’intero soggiorno. A seguito di un piccolo inconveniente, hanno gestito la situazione nel migliore dei modi e ci hanno gentilmente offerto un upgrade in una bellissima camera con vista mare, un gesto che abbiamo apprezzato davvero molto.||Vorremmo fare i complimenti a tutto lo staff, ma un ringraziamento speciale va a Nadia, che ci ha seguito con grande attenzione durante tutto il soggiorno. Ogni giorno si è assicurata che tutto andasse bene, ha ascoltato le nostre esigenze ed è sempre stata disponibile ad aiutarci per qualsiasi richiesta o problema, facendoci sentire davvero accolti e coccolati.||Consigliamo assolutamente questo resort: un posto meraviglioso, con una spiaggia da sogno e uno staff eccezionale. Ci porteremo a casa un bellissimo ricordo di questa esperienza! ❤️",2026-08-28T23:59:59.999Z
The Taaras Beach & Spa Resort,5/5,,"We had a wonderful honeymoon at the Taaras Beach & Spa Resort. The location could not be better. Wonderful private beach, crystal clear water, fine sand and a very intimate feeling. The service was exceptional. The whole staff made us feel very privileged.",2026-08-27T23:59:59.999Z
The Taaras Beach & Spa Resort,5/5,,"Honestly if you're thinking about it, just book it! Such a beautiful hotel, amazing views, great food and brilliant staff. Everyone was so friendly and helpful, Especially Hamdan, he was always checking in to make sure we was ok and if there was anything we needed. Thanks again for a brilliant stay. I will be back!",2026-08-27T23:59:59.999Z
The Taaras Beach & Spa Resort,,5.0,"Magnifica esperienza, isola spettacolare con ottima ospitalità. Il Resort è un po datato ma offre quella familiarità che spesso si perde in strutture nuove. Bella la filosofia dietro alla preservazione dell’isola.",2026-08-27T13:40:09.073Z
The Taaras Beach & Spa Resort,4/5,,"Il taaras si trova in una baia incantevole, acqua cristallina e sabbia bianca dove è facile incontrare pesci colorati tartarughe e piccoli squali innocui. Per il resto la struttura è bella ma a mio avviso non all'altezza di un 5 stelle. La cucina è si ampia, ma non così internazionale come dicono.i sapori sono prevalentemente asiatici. Il personale è molto cordiale e gentile, i bungalow in legno sono molto belli. Tra le varie attività organizzano le escursioni li davanti alla spiaggia, che sinceramente sono facilmente raggiungibili in autonomia con una canoa a costo zero. La sera non c'è molto movimento, un pò di musica live che però termina presto. Nel complesso un bellissimo posto che però si fa pagare e non poco.",2026-08-26T23:59:59.999Z
Perhentian Island Resort,,5.0,"Ho trascorso una settimana in questo paradiso terrestre e ci ho lasciato il cuore veramente. Partiamo dall’aspetto principale della struttura: LA POSIZIONE! Il PIR, credetemi, si adagia sulla spiaggia più bella delle Perhentian! Sabbia corallina, accecante! Un mare, io che ci sn stato lo confermo, che nulla ha da invidiare alle Maldive! Se venite qui non avete bisogno di escursioni! Il mare di fronte a voi vi regalerà uscite di snorkelling per vedere tartarughe, squaletti pinna nera, mante grigie, pesci pagliaccio…e, se siete particolarmente fortunati come lo sono stato io, il pesce Napoleone!
La colazione è asiatica e occidentale con una stazione per le uova. Consiglio di valutarla. Il ristorante sono molto lenti. Io ho sempre preso o riso o carne: si sa noi italiani siamo un po’ complicati! Non c’è alcuna possibilità di alcol! Se siete in astinenza andate a quelli vicini: al PIR nessuna chance. Le camere sono comode e spaziose. L’AC funziona bene. Le pulizie sono scarse e nn c’è acqua calda…ma nn è mai stato un problema! Il WiFi funziona solo alla reception e male: se dovete aggiornare il OS o grandi GB andate al mattino presto e/o la sera tardi…
Certo…un po’ di adattamento in valigia con te devi portarlo ma questo mare dí ricompenserà con gli interessi!
Escursioni consiglio Redang: è sì la più costosa ma Redang vale la pena credetemi!
Kecil: andate una sera alla sua gemellina su long beach. Sedetevi su uno dei tanti locali e scegliete il pesce che volete mangiare. Poi andate a vedervi lo spettacolo del fuoco!

Mi manca!!!!",2026-07-28T03:49:16.851Z
Perhentian Island Resort,,4.0,,2026-07-28T01:32:06.801Z
Perhentian Island Resort,1/5,,"Chambre sale ( telecde clim couverte de marques de doigts, draps grisâtres et mal odorants dito les serviettes usagers, on ne voit plus à travers le parement verre de la douche, blattes dans la douche, abattant de wc non stable, rat aperçu sur les charpentes de l’espace restauration, restaurant pas terrible du tout, personnel plus intéressé par leur smartphone que par leur boulot, espace à potentiel mais pas d’entretien. La plage est bien et la mer est chaude et turquoise mais passer votre chemin.",2026-07-25T23:59:59.999Z
Perhentian Island Resort,,2.0,"Incredible potential - very disappointing execution. If I start with the positives, the resort is situated on an incredible beach, crystal clear sea with a simple water taxi system that can take you to a number of other beautiful locations around the island. The resort itself would be best described as neglected. Full of promise and really disappointing delivery as the rooms are less than clean, with very dated bathrooms and evidence of bed bugs that had once infested the room. The rooms are very close to the beach, making the views from the balcony a bit of a bonus. The facilities in the resort were pretty rubbish to be honest, a dirty unused pool, empty games room, one set of badminton rackets for the entire hotel to share, a karaoke room that you can pay extra to use, absolutely no daytime/evening entertainment and breakfast/dinner service that was quite shocking. I wouldn’t mind having limited service but the resort advertises WiFi, then informs you on arrival that it is only available in reception - a place you probably want to avoid as much as possible. One of the reasons to travel to SE Asia is for the food, then you are met with a cold, stale selection of buffet food. The BBQ buffet somehow doubles the price of the service whilst serving much of the same food but warmed on the grill before service. I think the lowlight of the resort however has to be the service from the reception team. The ladies appeared frankly irritated during any interaction and would best be described as less than welcoming. The laundry service was not running due to “bad water”, despite it being promoted on the room information - not sure if this was a short term or long term issue they were having.

I was unfortunate enough to suffer from a series of lacerations on my hand from a quite bizarre needlefish attack, this led to significant bleeding. The receptionists were completely uninterested in helping me, nor did they demonstrate any empathy as I bled out in reception. I was lucky enough that a paramedic guest was checking in at that time and assisted me. Bizarrely, the receptionists weren’t even enthusiastic about having the blood cleaned from the floor and it dried/remained there for the final day of our stay. Their service peaked when they asked us to return the spare roll of toilet paper that we had been using to help clean up some of the spilled blood - there is no telling what they would have wanted to do with it had we obliged, which we did not.

It is hard to describe why, but the resort feels overstaffed without ever having anyone available that can help you with any of your needs. I am yet to work out why staff were distributed in a way that felt as though they were able to enjoy each others company as opposed to meeting the needs of guests. One man in the only functioning coffee shop battled away as three members of staff sat in the other cafe unable to serve due to a lack of beans. The collection of slackers appeared offended when I proposed that one of them perhaps join him in his struggle or fetch some of his beans (I even offered to undertake this 5 minute walk for them) so they might be able to serve to share the burden - their response made me feel stupid for thinking out loud.

To summarise, if spending time on a beautiful beach supplemented by poorly maintained facilities, limited selection of gross food and staff that don’t care about you is not your thing, give this place a miss!",2026-07-25T13:05:55.303Z
Perhentian Island Resort,,1.0,"Par où commencer….
Nous avons été placé dans la chambre 228 qui était séparée et mitoyenne avec la chambre 227. Les murs étaient tellement fins que l’on était ravis d’entendre toutes les joies et peines de la famille d’à côté… Mais le principal problème est l’entretien du bungalow. Entre les tâches d’humidité, l’odeur des canalisations dans la salle de bains, l’eau jaunâtre qui sort du robinet et de la douche, les infestations de termites, etc., on sent que le principal but des gérants n’est pas de faire passer un bon séjour aux voyageurs. Alors oui le ménage est effectué (rapidement) tout les jours et l’équipe essaye de régler les problèmes mais je pense que la priorité est à mettre dans un petit coup de neuf. Le petit déjeuner est ok sans plus, le resort est équipé de certains services agréables, mais le véritable point fort est la localisation. Il est situé sur la plus belles plage de l’île où l’on peut croiser requins, raies et tortues à 5 mètres du rivage. Mais je pense que la gérance se base uniquement là dessus pour faire valoir des prix aussi élevés car l’hôtel en lui-même ne les mérite vraiment pas! En résumé, je ne sais pas si je peux vous conseiller ce logement car je pense que cela est plus agréable et pourrait revenir moins cher de loger ailleurs sur l’île et de profiter de leur plage en prenant des bateaux taxis.",2026-07-24T10:50:19.811Z
Perhentian Island Resort,,4.0,"Don’t expect much luxury. The rooms are old, but fine if your expectations are low. There is a nice swimming area and the beaches are stunning.",2026-07-21T02:42:31.701Z
Perhentian Island Resort,,1.0,"La ubicación es espectacular, pero es lo único que se salva. El estado del resort y el nivel de mantenimiento son, sencillamente, inaceptables. Este es, de largo, el peor sitio donde me he alojado, y he viajado bastante.

Para empezar, la limpieza es totalmente inexistente. Durante toda la estancia (seis días) se limitaron a cambiar las toallas y a poner botellas de agua. No limpiaron la habitación ni el cuarto de baño, ni cambiaron las sábanas. Un día olvidaron reponer el papel higiénico (tuve que ir a pedirlo a recepción); otro, vaciar la papelera y un tercer día, directamente no pasaron a ""limpiar"" la habitación: tuvimos que reclamarlo también.

Las instalaciones están muy deterioradas. El mobiliario es viejo, desgastado y sucio, los cristales están llenos de suciedad, la ducha necesita una renovación urgente y varios elementos de la habitación no funcionan correctamente. Además, carece de lo más básico: no hay armario ni cajones donde guardar la ropa. Por otro lado, nos encontramos dos cucarachas en el cuarto de baño. Que esto ocurra en un alojamiento que cobra estos precios es sencillamente inaceptable.

Respecto a la comida del restaurante, es cara y de bajísima calidad. El desayuno, además de escaso, ofrece una variedad mínima y todos los productos están destapados, en un sitio donde moscas y mosquitos campan a sus anchas.

Es una pena que un lugar con una ubicación tan privilegiada esté tan mal gestionado. A mí no me quedó más remedio que hacer la reserva en este sitio porque, por circunstancias, miré los alojamientos tarde y solo quedaba una habitación en este. Por eso, recomiendo encarecidamente a quien tenga pensado pasar unos días en Perhentian que reserve con mucha antelación para que no le ocurra lo mismo que a nosotr@s. Sería una lástima que lo que puede ser una  experiencia inolvidable en unas playas paradisíacas se convierta en inolvidable por motivos muy distintos.",2026-07-21T02:29:51.165Z
Perhentian Island Resort,,4.0,,2026-07-15T23:27:08.253Z
Perhentian Island Resort,,5.0,,2026-07-14T13:22:09.092Z
Perhentian Island Resort,,1.0,"Avoid this resort at all cost. Go somewhere else
Room is dated and dirty.
No WiFi in the room.
Water pressure is low.
RM10 for a water and RM9 for a coke",2026-07-14T06:29:08.622Z
Perhentian Island Resort,,5.0,"Best place for vacation.. If prefer for private, should go to pulau perhentian besar",2026-07-12T07:39:55.749Z
Perhentian Island Resort,,5.0,,2026-07-11T07:55:53.113Z
Perhentian Island Resort,,5.0,,2026-07-10T10:43:42.291Z
Perhentian Island Resort,,5.0,"Muy buen lugar , las habitacione muy cómodas , frente a la playa con todas las comodidades , buen restaurante, exelente desayuno",2026-07-10T10:01:44.197Z
Perhentian Island Resort,,2.0,"Premièrement 3 gros cafards dans les salles de bains. j'ai vue cinq geckos dans les chambres , pas de connexion dans les chambres, petit -déjeuner bof
Point positif :tres belle bonne vue sur la plage qui est magnifique.
On recommande de faire des améliorations niveau confort dans les chambres et la restauration car on a du aller manger ailleurs à chaque fois.",2026-07-06T14:45:30.716Z
Perhentian Island Resort,,1.0,"The hotel itself is overpriced and they charge extortionate prices for essentials like water and coffee. A bottle of water costs 10MYR and a coffee 20MYR, while in George Town I paid just 2MYR for both. After sun in the shop is 39MYR, something you could get for less than half of that usually.

The sun loungers are wooden with no comfort. The beach is overcrowded during the day due to boat trips to see the turtles, which completely ruins the experience.

Breakfast is average, with the best part being the fresh eggs. However, you have to queue and wait as the chef can only prepare two at a time.  If you arrive near closing time, there’s no food left.  Ants and flies are also a problem.

I arrived without any running water and wasn’t warned beforehand or apologised to. The water outage lasted longer than expected with no communication. The WiFi is only available in the main area and is poor quality.

The reception and restaurant staff were unfriendly. I wasn’t informed about the breakfast time and had to carry my heavy bags up several flights of stairs to my room. This is far from what I would expect for the price.

The bed was comfortable, the room was clean and the beach views were great. But I’d strongly recommend staying somewhere else and coming to this beach to visit.",2026-07-05T05:49:09.532Z
Perhentian Island Resort,,1.0,"Nous avons réservé cet hôtel car il possédait l’une des plus belles plages des îles Perhentian. Nous savions à l’avance que les logements sur les îles ne sont généralement pas exceptionnels. Malheureusement, nous nous sommes dit qu’en choisissant un hôtel plus cher, nous aurions au moins un logement convenable. Dès notre arrivée, nous avons été surpris par la saleté de la chambre. Elle n’était pas propre : il y avait des cheveux dans la salle de bain, la vitre de la douche était très sale et semblait ne jamais avoir été nettoyée, le sol n’avait pas été balayé et la poussière n’avait pas été faite non plus. Nous avions demandé une chambre avec deux lits doubles, mais nous avons eu deux lits simples. Après notre réclamation, une employée nous a proposé une autre chambre avec un lit double, mais avec une vue vraiment peu agréable. Nous avons donc préféré rester dans la chambre initiale. Concernant le ménage quotidien, la salle de bain n’a jamais été lavée correctement, les lits étaient faits à moitié et le balcon n’était jamais nettoyé. J’ai été extrêmement surprise par ce manque d’entretien. J’ai également fait une intoxication alimentaire pendant deux jours après avoir mangé de la pastèque. J’ai cru mourir tellement j’ai été malade, donc faites attention. Ne vous fiez pas au prix. Choisissez plutôt un établissement convenable et bien entretenu. Les autres hôtels aux alentours semblent offrir une qualité similaire, voire meilleure, pour le prix qu’ils proposent.",2026-07-04T14:43:15.646Z
Perhentian Island Resort,,2.0,"Siamo stati 3 giorni al P.I.R.
Pregi:
Potersi svegliare e vedere il mare a 15 metri.
la posizione è spettacolare, con possibilità di fare snorkling e avvistare facilmente tartarughe e baby shark.
Sentirsi in mezzo alla natura, si è circondati da scoiattoli e varani che scorrazzano per le villette.
Difetti:
camere datate, nettamente trascurate.
Pulizia non pervenuta, avevamo 1 dito di polvere sul condizionatore, macchie sul copri wc.
Cambiavano gli asciugamani del corpo ogni giorno, ma quello per le mani/faccia del lavandino mai cambiato in 3 giorni.
Ogni giorno faceva un temporale, ma le foglie, cocchi caduti che erano nei sentieri non vengono tolti o pulite le stradine.
La piscina, impresentabile.
Sporca, piena di sabbia e praticamente senza ricircolo d’acqua, scandalosa.
La colazione nettamente insufficiente, poco scelta e non di qualità. Infatti non abbiamo mai pranzato o cenato in loco. In 10 minuti a piedi c’è nettamente di meglio.
Per il costo che ha il servizio che viene offerto è insufficiente.",2026-07-04T04:44:50.743Z
Perhentian Island Resort,,3.0,Habitaciones un poco justas. Los insectos se cuelan por l noche por el desague de la ducha. Mejor no enciendas la luz por la noche en la habitacion.,2026-07-03T05:39:01.065Z
Perhentian Island Resort,,1.0,"The island is beautiful but resort is pathetic..No cooperation,no help phone in rooms which are very old and you expect all insects including lizards to welcome you in the room with free entry from the sides of doors..You need to pick up your luggage yourself from jetty..Money oriented only..Food is average…I would rather recommend to stay at kota Bharu and visit the island for activities like snorkeling but this island resort is not at all recommended otherwise you will suffer",2026-07-02T16:51:41.371Z
The Taaras Beach & Spa Resort,5/5,,"Un hotel meraviglioso ! posizione incredibile , servizio e personale impeccabile e sempre sorridente nonché disponibile per qualsiasi necessità La varietà di cibo veramente impressionante sia a colazione che per pranzo o cena :|Voglio ringraziare in particolare Hamdan Rajab sempre vicino ogni giorno anche via wa! |Spiaggia paradisiaca : non sarei mai uscito dall’acqua !|Spero di tornare presto in Malesia e al Taaras . Carlo ( Varese-Italia )",2026-08-26T23:59:59.999Z
The Taaras Beach & Spa Resort,,5.0,Fabulous resort ! A few days in paradise on earth…,2026-08-26T12:50:11.339Z
The Taaras Beach & Spa Resort,,5.0,"Big thanks to Mr. Saiful for being so helpful and friendly throughout our stay!  From the moment we arrived, he was really attentive and always ready to help whenever we needed anything. Memang rasa sangat welcomed and well taken care of. You can really see that he genuinely cares about the guests and always goes the extra mile to make sure everything is okay. Really appreciate the kindness and excellent service, definitely made our stay even more special!  See ya again ❤️",2026-08-26T12:35:10.491Z
The Taaras Beach & Spa Resort,,5.0,Wonderful resort iam always stay in and the staffs soo friendly,2026-08-26T11:52:06.582Z
The Taaras Beach & Spa Resort,,5.0,Echt 'n heerlijke verblijven gehad. De omgeving was prachitg en de zee was abnormaal mooi masha'allah! De medewerkers waren ook zo vriendelijk en hulpzaam vooral Bryan Nicholas dankjewel!. Echt 'n dikke aanrader!,2026-08-26T06:43:25.833Z
The Taaras Beach & Spa Resort,4/5,,"The Taaras si trova in una location spettacolare, con mare e spiaggia paradisiaci dove è possibile vedere tartarughe marine e piccoli squali. Atmosfera molto rilassante.||La struttura, però, è un po’ datata e le camere avrebbero bisogno di maggiore manutenzione: personalmente non lo considero un vero 5 stelle. Wi-Fi scarso in alcune zone, ma dopo la nostra segnalazione ci hanno fornito un router 5G in camera: servizio molto apprezzato!||Staff gentilissimo, professionale e sempre disponibile. Un ringraziamento speciale a Nadia, che ci ha assistito magnificamente facendoci sentire come a casa.||Nota negativa: la gestione dei lettini in spiaggia. Molti ospiti li “prenotano” all’alba con teli e oggetti vari per poi arrivare ore dopo. Alle 9:30 risultano tutti occupati, ma quasi nessuno è presente (vedere foto allegata). Il resort dovrebbe adottare una politica di tolleranza zero, rimuovendo gli oggetti dai lettini lasciati inutilizzati o adottando una politica differente.||Colazione discreta, anche se le brioche sono migliorabili. Il buffet a prezzo fisso invece non vale la pena, soprattutto considerando qualità e prezzo: molto meglio scegliere il menù à la carte o il ristorante MareNero (a pagamento). Non prenotate mezza pensione o pensione completa.||Le camere Garden sono immerse nella natura: se non amate gli animali selvatici, aspettatevi incontri con rane, scoiattoli e persino varani!||Nel complesso consigliato soprattutto per il mare meraviglioso, la natura e l’eccellente staff, ma struttura e ristorazione hanno margini di miglioramento.",2026-08-25T23:59:59.999Z
The Taaras Beach & Spa Resort,,5.0,"Beautiful location for a relaxing few days. Our garden room was very spacious, clean and comfortable, stocked with drinks and toiletteries. All staff were so friendly and treated us so well, especially Hamdan, who was there for us if needed for anything and Hanifa the barman at The Cove. Excellent food and drinks, would definitely recommend.",2026-08-25T13:47:48.673Z
The Taaras Beach & Spa Resort,,1.0,"I came here on my company trips and everything is not worth being a 5* hotel. First of all my room doesn't come with drinks and indoor slipper, even after requesting it for 3 times they still didn't send them our way. The buffet has limited choices and all of them are average at best. I understand being a 5* hotel they have to charge it at higher price, especially when they trying to earn money off foreigners. But the up charge on any of the activities are too much. 200rm for 1hour of karaoke is just out right scam. Over 500rm for 75 min at ride, 60rm to make my own roti canai. 200-300rm to massage my own partner(which I could do at home for free). This hotel also doesn't provide you with additional key to your room, so seperate activities with your roommate is almost impossible without it. Also I have never heard of a hotel being out of a spare key as well, which they did. This place literally just isn't worth the money.",2026-08-25T08:27:15.562Z
The Taaras Beach & Spa Resort,,3.0,,2026-08-25T05:15:01.838Z
The Taaras Beach & Spa Resort,5/5,,"Nous avons passé un très agréable séjour au Taaras, un hôtel qui nous a particulièrement séduits par la beauté de sa plage, la qualité de son petit déjeuner et la gentillesse de son personnel.||Nous avons notamment eu un véritable coup de cœur pour l’équipe du restaurant du petit déjeuner, qui s’est montrée très accueillante et attentionnée. Nous tenons également à remercier Nadia, à la réception, qui nous a très bien accompagnés tout au long de notre séjour. Elle s’est montrée très efficace et disponible pour répondre à toutes nos demandes, que ce soit en personne ou sur WhatsApp.||Le petit déjeuner était excellent, avec une mention spéciale pour le stand de roti canai, que nous avons beaucoup apprécié. La plage de l’hôtel est également magnifique, avec une eau d’un bleu cristallin, ce qui rend le cadre particulièrement agréable.||Nous avons toutefois été surpris par certains aspects de l’hôtel. Le rapport qualité-prix nous a semblé décevant, le tarif étant assez élevé pour un établissement qui paraît quelque peu vieillissant et qui mériterait plusieurs améliorations, notamment au niveau de la literie. Il s’agit du principal point négatif pour un hôtel de cette catégorie et à ce prix : nous nous réveillions le matin avec le dos complètement douloureux en raison de la qualité du matelas.||Nous avons également régulièrement constaté des odeurs de remontées d’égout dans la salle de bain. Par ailleurs, nous avons été surpris de devoir payer pour les masques et les tubas de snorkeling après deux heures d’utilisation. Au vu du prix de l’hôtel, ce matériel devrait être prêté gratuitement, d’autant que les clients viennent notamment pour profiter de la magnifique plage proposée par l’établissement.||Dans l’ensemble, nous avons passé un très bon séjour au Taaras et avons particulièrement apprécié son cadre exceptionnel, sa plage et la gentillesse de son personnel. L’hôtel mérite le détour, même si certaines améliorations permettraient de rendre l’expérience encore plus agréable.",2026-08-24T23:59:59.999Z
Perhentian Island Resort,,4.0,"Spiaggia bellissima, lettini mal manutenuti , ma posto davvero bello spartano ma bello. Bei fondali",2026-07-01T09:58:55.602Z
Perhentian Island Resort,,5.0,Paradisiaque,2026-06-30T17:14:31.985Z
Perhentian Island Resort,,4.0,"Tout est très bien juste le restaurant ne vaut pas le coup, allez à côté au Coral ou prenez un boat jusqu'à Long Beach !

L'hotel possède la plus belle plage de l'île !
Et passez par ALLO PERENTHIAN pour vos balades !",2026-06-28T09:37:12.359Z
Perhentian Island Resort,,5.0,"One of the best clear water occean island resort in world near malesian coast with luxurios suites and excellanT foods , spid boat reid swimmings",2026-06-27T15:17:43.640Z
Perhentian Island Resort,,1.0,"Séjour très décevant. À notre arrivée, la chambre n’était pas correctement nettoyée. Nous avons également eu la mauvaise surprise de trouver des cafards dans la chambre. En discutant avec d’autres résidents, plusieurs nous ont signalé avoir rencontré des punaises de lit, ce qui est particulièrement inquiétant.

Mis à part la plage, qui est effectivement magnifique, l’hôtel n’a rien d’exceptionnel. Le buffet, tout comme le petit-déjeuner, est très moyen et ne justifie absolument pas le tarif demandé.

Au vu du prix payé, les prestations sont loin d’être à la hauteur. Le rapport qualité-prix est très mauvais. Je ne recommande pas cet établissement, surtout lorsque l’on peut trouver de meilleurs hébergements sur les îles Perhentian pour un tarif similaire.",2026-06-27T05:25:06.939Z
Perhentian Island Resort,,5.0,Best..,2026-06-26T12:19:19.184Z
Perhentian Island Resort,,5.0,"Une très bonne expérience au sein de ce resort. Les diverses prestations sont très appréciables : bagagerie, excursions, prise en charge depuis l'aéroport, nourriture et boutiques. Le plus est la proximité avec la faune et la flore, on peut croiser des singes, et au bord de la plage on peut voir des raies, des requins inoffensifs et même des tortues. Une adresse idéale pour visiter les îles Perhentians.",2026-06-26T06:50:15.217Z
Perhentian Island Resort,,1.0,"El Hotel esta muy muy mantenido, puertas rotas, ducha y baño sucio y mal mantenido. Camas separadas de 70cm y no intentes mover la mesilla para juntarlas porque hay suciedad por todas bandas. La cabaña si estuviera limpia y adecentada seria perfecta.
No limpian… solo te hacen la cama
No funciona el agua caliente
No se te ocurra coger pension completa en el Restaurante. Comida nefasta y cara, lleno de mosca… el desayuno de pena!!! No hay proteína… bueno, si contamos la cantidad de moscas y hormigas que deambulan por el buffet.
Servicio: inesistente… no te explican nada… aun que hables Malayo. Vas enterandote de las cosas hablando con otros huespedes,
Una pena porque el sitio es paradisiaco… la mejor situacion en las Perhentian.
Suerte que yo cogi una oferta de 350€ por 4 noches y sin pension
Si hubiera cogido la pension completa… Me hubiera muerto del asco!!!
El precio en las Plataformas como booking, Agoda… son de 800€
No lo vale!!!",2026-06-23T05:00:17.495Z
Perhentian Island Resort,5/5,,"Right infront of beach with turtles ! Walking to the jetty in the night, and looking at fishes was also really fun.",2026-06-20T23:59:59.999Z
Perhentian Island Resort,,2.0,"La seule chose positive de l’hôtel est sa plage mais très honnêtement autant logé sur l’île d’en face ou ailleurs et venir en taxi boat une après midi profiter de la plage. Le personnel est certes sympathique mais le reste non merci. Déjà les chambres sont très très cossue, assez insalubre, pas d’eau chaude du tout pour faire une douche.. le petit déjeuner est vraiment pas du tout top et le restaurant est limité et pas très savoureux la seule chose positive sont leur desserts.",2026-06-20T15:22:42.052Z
The Taaras Beach & Spa Resort,5/5,,"Posto davvero bellissimo, con un mare stupendo e un’atmosfera piacevole e rilassante. Si mangia discretamente bene, soprattutto considerando che siamo in Malesia, i servizi sono ottimi e il personale è davvero gentile, sorridente e disponibile. Anche l’intrattenimento è ben organizzato e rende il soggiorno ancora più piacevole.||Un ringraziamento speciale ad Hamdan, sempre disponibile e pronto ad aiutare per qualsiasi necessità.||L’unica pecca è che la struttura è un po’ pochino vecchia (o almeno la nostra stanza lo era). Ma il mare, la buona cucina e soprattutto la cordialità e l’ospitalità dei malesiani fanno passare decisamente in secondo piano questo piccolo difetto. Nel complesso, un posto assolutamente consigliato!",2026-08-24T23:59:59.999Z
The Taaras Beach & Spa Resort,,4.0,,2026-08-24T01:34:02.275Z
The Taaras Beach & Spa Resort,5/5,,"Wonderful place, rooms  very big, comfortable  and clean; restaurants with a great offer of various food; activities well organised. The turtle laboratori and all its staff was excellent. During our stayfantBryan was a great guest assistant and lepre us always informed about the events taking place at the Resorts and herpes us with the Booking.",2026-08-23T23:59:59.999Z
The Taaras Beach & Spa Resort,5/5,,"Personale del resort tutto molto cortese, noi avevamo come referente Hamdam Redang Rajab  che ha esaudito ogni nostra richiesta in modo impeccabile",2026-08-22T23:59:59.999Z
The Taaras Beach & Spa Resort,,1.0,"Overrated hotel. The hotel is old. Food is terrible. 5 stars payment but 3 stars feels. Very disappointed. I feel shame that I introduced to my management for company trip here. I can see everyone disappointment.
Strongly not recommend here. The hotel shall only cost RM300-500, not RM3000 per night!!! My most terrible experience ever. Full disappointment!",2026-08-22T07:27:20.852Z
The Taaras Beach & Spa Resort,,5.0,Super resort,2026-08-22T02:52:30.489Z
The Taaras Beach & Spa Resort,,4.0,"We stayed for three nights as a family of four and appreciated being upgraded to a larger two-bedroom Cliff Bay Suite. It was spacious and comfortable, and the complimentary minibar on arrival was a nice touch.

The resort’s greatest strength is undoubtedly its setting: a truly beautiful beach, clear water and a sheltered bay. Snorkelling with turtles was one of the highlights of our stay. We also paid to visit the turtle conservation centre, where our children learned about conservation and, under close supervision, carefully helped uncover baby turtles from the sand. It was a meaningful and memorable experience.

The complimentary entertainment lounge—with foosball, pool, table tennis, mahjong and carrom—was another good feature for families. Some staff were genuinely warm, friendly and full of smiles, particularly at ASEAN All Day Dining. The breakfast buffet itself, however, had a surprisingly limited spread for a five-star resort.

Unfortunately, service elsewhere was inconsistent. Some buggy drivers appeared uninterested, and we observed one using his phone while driving, which was a genuine safety concern. Drinks ordered from the bar never arrived, while indoor dining involved long waits and follow-up calls. The repeated lapses across different departments suggested wider issues with training, supervision and internal communication rather than a single isolated incident.

Food and drinks were expensive, yet the quality and service did not consistently justify the prices. The excursions were also costly, although the turtle conservation visit was a worthwhile exception. The kids’ club felt basic and underwhelming for a family resort at this price point. While our upgraded suite was spacious, the room and several other areas felt dated and overdue for refurbishment.

We also found it odd that sustainability videos from 2020 were still being shown without more recent updates. Our conservation-centre visit showed that at least some valuable work continues, but relying on six-year-old material leaves guests wondering about the progress of the resort’s other initiatives. The beach and water remain beautiful, although they did not always appear quite as pristine as in the older footage.

The Taaras has the ingredients to be exceptional: an extraordinary beach, memorable wildlife experiences, spacious accommodation and clear international appeal, including among the many Italian visitors we encountered. However, a five-star experience must also include consistently attentive service, safe practices, well-maintained facilities, good food and value for money. On those measures, our stay felt closer to a four-star experience despite luxury-level prices.

As Malaysian guests, we genuinely wanted to support and recommend a local resort attracting visitors from around the world. That is why this was more disappointing than upsetting. With better training, coordination, maintenance and value, The Taaras could be outstanding. Based on our experience and the price paid, however, we would find it difficult to recommend it in its present form.",2026-08-21T00:50:00.718Z
The Taaras Beach & Spa Resort,,5.0,"The Sea is fabolous and the hospitality good. Food is nice. Special mention to Gracia, one of the best waitresses ever. The activities in the middle of the day are well managed.",2026-08-20T01:33:26.226Z
The Taaras Beach & Spa Resort,,5.0,"Terenggagu and Redang Trip 2026 (Taaras)
Posting a bit late.

Redang

1. Overall very happy and satisfied with the management and place. You will be assigned one staff that you can call/WhatsApp if anything. Thanks Bryan for entertaining us.
2. Managed to check in early at 11am and late checkout at 3pm.
3. The breakfast had a lot of selections. They also have happy hour around 5pm, if I remember correctly, where the food has discounts.
4. There is a very affordable restaurant ""Aima"" which can deliver to the guard house. Can take the buggy there.
5. The beach was soft, water was clear and suitable for kids also as it is not deep.
6. Don't recommend going island hopping if staying here as for the price, might as well stay at the hotel as much as you can.",2026-08-19T01:26:29.442Z
The Taaras Beach & Spa Resort,5/5,,"Il nostro soggiorno al Taaras è stato incantevole. Abbiamo avuto un piccolo disguido con la prenotazione effettuata dalla nostra agenzia, prontamente gestita e risolta da Hamdan. L’attenzione al cliente è impeccabile. L’acqua una delle più belle delle isole: calma, calda e cristallina. Consigliatissimo!",2026-08-18T23:59:59.999Z
Perhentian Island Resort,,1.0,"Por favor, lean atentamente antes de venir:
Este hotel tiene una pésima calidad precio. Las habitaciones están viejas, sucias y con mal mantenimiento.
No están aisladas y pueden entrar todo tipo de insectos y reptiles.
Esta mañana nos hemos despertado con una plaga de termitas voladoras,  por lo menos había 100 en la habitación.  Y eso que mantenemos siempre las puertas cerradas y no hemos siquiera abierto la puerta del balcón en ninguna ocasión. Es más, le hemos puesto unas toallas para evitar que entren Insectos.
No hay limpieza de las habitaciones diaria, creo que solo pasan un poco la escoba por la entrada y te dan toallas ""limpias"".
No hay opciones para comer, ni una,  creanme, al menos si no quieres pillar una intoxicación. Solo puedes alimentarte de helados y Pringles,  que es lo que venden en la tienda.
El desayuno no es unicamente malo, sino que es perturbador de ver. Nauseabundo. Lleno de moscas  e insectos. No limpian las meses entre cliente y cliente, un kaos.
Los trabajadores no tienen pinta de estar felices, parece que les moleste que les pides algo... No les culpo, ellos están trabajando en un sitio en el que seguramente reciban muchas quejas y ellos no puedan hacer nada.

En resumen, reconsideren venir a este lugar. Quizá si le cambiasen El nombre a Nature Hotel Perhentian,  sería más apropiado, porque de Resort, no tiene nada.",2026-06-20T09:00:22.900Z
Perhentian Island Resort,,2.0,"Check point dekat-dekat, Nemo arus agak deras, turtle x jumpa bot pulak buat Hal rosak..

Makanan mahal, harga yang dibayar tidak berbaloi..dengan ada lalat..",2026-06-17T23:48:48.396Z
Perhentian Island Resort,3.2/5,,"Good resort and well placed, however the restaurant was not the best and we had to go to other restaurants nearby the hotel",2026-06-15T23:59:59.999Z
Perhentian Island Resort,2/5,,Hotel’s foods no so clean. Have many flies. And after I ate the foods I diarrhea few times. Hotel maintenance is very poor; there is no water in the toilet during the peak time bathing.,2026-06-14T23:59:59.999Z
Perhentian Island Resort,,3.0,"We booked our stay through an agent at Perhentian Island Resort, which is already notably more expensive than other nearby hotels. Unfortunately, the arrival and check-in experience left much to be scenery.

Upon arriving at the jetty around 11:00 am, we were greeted with a complete lack of guidance or a proper welcome. There were no signs or staff directing us, so we had to walk blindly from the jetty to find the reception counter on our own.

Our travel agent's itinerary, noted that check-in could be as early as 12:00 pm (international check-in time). However, hotel staff told us we had to wait until 3:00 pm for our seaview chalet. We left our bags in the luggage room and wandered the beach to pass the time. Even after pushing our luck, the receptionist wouldn't hand over the keys until 2:00 pm.

The chalet was well air-conditioned, and basic amenities were provided for our 3-day stay. We were also very fortunate to have a continuous water supply despite receiving a letter about a potential water disruption.

The toilet had a bit of a smell. Additionally, the two power outlets next to the mirror were broken, forcing us to share the working plug with the kettle.

The provided mugs and glass cups were visibly dirty. We had to physically bring them back to reception to demand a clean replacement.

Also, make sure to pack plenty of insect repellent as the mosquitoes right outside the rooms are relentless!

The beach itself is absolutely gorgeous, clean, and crystal clear so no complaints there! You can easily spot baby blacktip reef sharks, stingrays, and schools of fish right by the shore.

Because this beach doubles as a major island snorkeling point, it gets quite noisy when all the tour boats park close to the sand. It is also incredibly frustrating to find an open beach chair to place your belongings, as families tend to hog and hoard them all day.

We had the full breakfast, lunch, and dinner buffet during our stay. The food definitely needs improvement. Many of the dishes didn't taste very good or were heavily over-salted. On top of that, there was a major issue with flies landing on the buffet spreads; even though the resort installed those little spinning fan tools to shoo them away, they weren't very effective.

The beach and natural marine life are breathtaking, but for the premium price tag, the resort desperately needs to step up its service, room maintenance, and buffet quality.",2026-06-14T09:59:43.281Z
Perhentian Island Resort,,5.0,"Untuk bilik, service ok cuma waktu naik@balik bot ke pulau dari darat, snorkeling lambat, kena tunggu 30 minit ambil service dari agen Blue Star and Travel",2026-06-13T15:16:56.547Z
Perhentian Island Resort,,4.0,,2026-06-13T06:44:15.725Z
Perhentian Island Resort,2.5/5,,Bu kadar güzel doğası olan bir tesis ancak bu kadar kötü işletilebilir. Çok yazık etmişler. Biraz bakım ve yenileme ile çok daha iyi bir otel olabilir. Yatak başlarında priz yok. Odada tek bir priz vardı o da yataktan uzakta. Oda temizliği ve restoran temizliği başarısızdı. Plajı ve kumları çok güzel ama oraların da temizliği ve bakımı eksik. Suda çok sayıda köpekbalığı var.  Saldırgan değiier ama korkutabilir. Odaların çevresinde ve plajda da asya su varanları dolaşıyor.,2026-06-11T23:59:59.999Z
Perhentian Island Resort,3/5,,"If you're coming for the beach, and only for that please do go to this resort. One of the nicest beach in these Islands.Main issues where the lack of pressure in the shower ( cant get rid of the sand ) , the rooms and all of the commodities are outdated. The resort lives of the beach and its reputation.Food is alright, don't expect anything great from this. Taxi boats are mandatory to move around, price is doubled starting 7pm, so when you need to go outside to eat for example.No taxis when raining so be careful to not get stranded on the other side.Happened to us and we had to book a night in another hotel ( which was the best sleep we had our whole stay )Rooms are decent, bed wasnt cleaned before we came in and was sandy / dirty. Lots of noise coming from the wildlife around the hotel, so if you're expecting a quiet stay, go elsewhere. The beach is very very nice, you can see turtles, sharks and lots of different species of fishes.The whole resort needs renovation. I'd give it a 2.5 out of 5, and that's only because of the beach, the fishes and the sunny weather.",2026-06-11T23:59:59.999Z
Perhentian Island Resort,,5.0,,2026-06-10T14:38:30.958Z
Perhentian Island Resort,,4.0,Fint sted og venligt og hjælpsomt personale. Der kunne godt være bedre WiFi og så koster en børneseng utroligt meget som tilkøb efter man er ankommet. Derfor den ene manglende stjerne.,2026-06-10T14:12:29.104Z
Perhentian Island Resort,,1.0,Avoid at all costs. Very rude staff and the hotel is dirty and run down. Stay away!,2026-06-09T21:10:42.985Z
Perhentian Island Resort,,5.0,,2026-06-09T07:03:10.032Z
Perhentian Island Resort,,5.0,"Splendid family time with kids at PIR( perhentian island resort) … smooth jetty transfer to perhentian resort , my suggestion is to arrive early as we need to queue for access tax and marine tax ..we arrived early at PİR, room will only given after 3 so we spend time snorkle and swim while waiting… we rent life jacket at only rm10 per day .. and snorkle around the resort , we saw big turtle .. on the right of the Jetty further up to the next resort we saw nemo and varieties types of fish .. the room we book are spacious for our family of six.. we had breakfast , lunch and dinner at the resort, the food is good suitable to local taste..for jetty transfer to kuala besut , to board the boat, PİR will call based on your room number.. just a suggestion for PIR staff to arrive early at the jetty for better arrangement in boarding boat",2026-06-06T13:06:43.516Z
Perhentian Island Resort,,1.0,"The food was nice but there was no water supply. We stay there for 3days 2 night. The water supply only works around 9pm until the next day 10am.
If you want to shower, pee, or do big things. You have to go to the restaurant toilet when there was no water. The trip wasn't that relax and quite stressful.",2026-06-06T12:40:51.471Z
Perhentian Island Resort,5/5,,Polite and attentive people for their client with a nice establishment,2026-06-05T23:59:59.999Z
Perhentian Island Resort,,1.0,"1 étoile c'est déjà beaucoup trop. J'écris rarement des avis mais j'espère que cette avis pourra aider les futurs voyageurs. Je vous déconseille l'hôtel, le staff ment, nous sommes arrivés à l'hôtel il n'y avait pas d'eau, le staff nous a menti en disant qu'il n'y avait pas d'eau sur toute l'île. Depuis 3 jours il n'y a pas d'eau dans l'hôtel, les chambres sont sales, la piscine est sale. La nourriture est aberrante. Il n'y a pas de wifi dans les chambres !! Les chambres sont mal isolées, les animaux peuvent clairement rentrer dans la chambre. Pas de prise pour brancher votre téléphone ! Rien. Nous avons du changer d'hôtel à la dernière minute. C'était une catastrophe.",2026-06-05T13:34:17.352Z
Perhentian Island Resort,,1.0,"Huge letdown. For a hotel at this price point, the management is extremely poor. When we arrived, nobody showed us to our room or even gave us proper directions we had to find it ourselves. Even in a basic 3 star hotel, you would expect at least some guidance upon arrival.
The biggest issue was that there had been no running water for three days??? This was never mentioned before booking. When we asked the staff, they could only give vague answers and said they didn't know when the water would be back.
I understand that on a remote island that occasional utility issues can happen. However having no water for three days, failing to inform guests before arrival, and simply offering buckets as a solution is unacceptable.
We ended up moving to another hotel, and we were not the only ones. Around ten bookings transferred to nearby hotels that actually had running water, at least they agreed to refund us…The location is absolutely beautiful and is honestly the hotel's only real strength. The rooms were barely clean, It's a real shame because the setting is stunning and the hotel has so much potential.",2026-06-05T13:26:40.569Z
Perhentian Island Resort,,1.0,"Tempat okay la , management tak baik ,better pergi the barat resort sebelah dia je lagi cantik Dan menarik ..TV takda ,air biasa boleh pulak takda time pergi tapi xde baldi atau solusi untuk customer ,pandai2 la pikir .",2026-06-05T12:39:07.728Z
Perhentian Island Resort,,5.0,,2026-06-05T05:48:33.139Z
The Taaras Beach & Spa Resort,,5.0,"The true strength of The Taaras is its people. While the hotel and facilities are superb, it is the staff who make all the difference. Every team member goes above and beyond to ensure guests have an unforgettable stay.
I would like to extend a special thank you to Bryan at the front desk, who checked in on us several times a day to see if we needed restaurant reservations or any other assistance. He was instrumental in helping organize my mother's birthday.
A special thanks also goes to Saiful and Dino, who took great care of our dining arrangements and secured the best tables for us throughout our stay.
The beach is incredible, and the diving center is top-notch. We were truly sad to leave.
Thank you to the entire team!

Cherif Boutalbi and family",2026-08-17T07:12:15.650Z
The Taaras Beach & Spa Resort,5/5,,"Resort fantastico, incastonato in un’isola molto bella. Tutto è stato perfetto….e la bellezza della spiaggia e del mare sono davvero incredibili. I servizi del Taaras sono all’altezza della situazione; ti senti coccolato da tutto il personale in ogni momento della giornata. Anche la gestione dell’arrivo e della partenza sono guidati dal Taaras e perciò tutto risulta semplice.|Comode le camere comunicanti se siete con i figli….e i tre ristoranti tutti buoni, con menzione particolare al Marenero. Le attività proposte sono bel organizzate dal personale del diving. Ho avuto un problema fisico e sono stati tutti gentili e premurosi….accompagnandomi alla clinica dell’isola per precauzione|Una menzione particolare va sicuramente a Brian Nocholas , il “guest experience executive” che ci ha fornito costante assistenza per tutte le nostre esigenze….dalla prenotazione di una escursione o di un ristorante…alle necessità della camera….dall’organizzazione di un bbq privato in spiaggia fino alla prenotazione di una barca privata per il check out|Torneremo sicuramente quando saremo in zona",2026-08-16T23:59:59.999Z
The Taaras Beach & Spa Resort,,5.0,,2026-08-15T05:44:47.210Z
The Taaras Beach & Spa Resort,5/5,,"Des vacances de rêver, dans un paradis exotique. Un lieu magnifique, un service au top,  et un sens du client rare. Merci, entre autre, à Bryan pour avoir été aux petits soins pour nous, tout au long de notre séjour.",2026-08-14T23:59:59.999Z
The Taaras Beach & Spa Resort,,5.0,"A beautiful, exclusive resort with private white sandy beaches with crystal clear waters. Customer service is excellent, the resort promotes turtle conservation, it has a karaoke room, jungle gym (weights made of wood), swimming pools, pool bar, 3 restaurants, pool tables, yoga, kayak, and snorkelling, diving and fishing excursions. There is a local restaurant outside the entrance of the resort, if you want cheap, yummy local cuisine. It's called Aima Grill Fish restaurant. Look up my separate review on it.",2026-08-13T09:00:14.766Z
The Taaras Beach & Spa Resort,,5.0,"Un soggiorno davvero eccellente a Redang

The Taaras Beach & Spa Resort merita sicuramente una recensione molto positiva, a partire dall’ampiezza degli spazi, dalla pulizia generale della struttura e dalle dimensioni delle camere, spaziose, confortevoli e molto ben curate.

L’accoglienza è di primario livello, con una particolare attenzione verso gli ospiti che arrivano dopo un viaggio inevitabilmente stanchi e accaldati. Nel nostro caso, è stato di grandissimo supporto Bryan, che si è reso immediatamente disponibile ad assisterci per qualsiasi necessità durante il soggiorno. Una presenza discreta ma costante, con una comunicazione via WhatsApp sempre recepita e soprattutto tempestiva. Un servizio che abbiamo apprezzato moltissimo.

Anche la ristorazione è stata una piacevole sorpresa. La proposta non si limita alla cucina asiatica, ma offre anche diversi piatti internazionali di ottima qualità, accompagnati da una carta dei vini decisamente interessante. Anche qui abbiamo incontrato una persona che ha contribuito a rendere ancora più piacevole il nostro soggiorno: Ayuni, una collaboratrice locale estremamente disponibile, sorridente e simpatica, che con grande entusiasmo cercava persino di parlare italiano con noi!

La spiaggia, infine, è probabilmente il vero punto di forza del resort: a nostro avviso la più bella di Redang e, senza dubbio, la più pulita. Mare cristallino, sabbia splendida e una baia che rappresenta esattamente ciò che ci si aspetta quando si immagina un’isola tropicale.

Nel complesso, The Taaras riesce a coniugare una posizione straordinaria con un servizio attento e una struttura molto ben organizzata.

Se si decide di soggiornare a Redang, a mio avviso The Taaras non è semplicemente una delle alternative: è l’unica scelta che prenderei realmente in considerazione.",2026-08-13T04:25:38.687Z
The Taaras Beach & Spa Resort,,5.0,I had a beautiful stay. The staff kindness and care is great and the location is gorgeous ✨,2026-08-12T17:21:11.825Z
The Taaras Beach & Spa Resort,,5.0,"Great place ! Ill definitely come back ! I was a little skeptical at first, not thinking i would have much to do besides tanning and swimming in the sea but i was wrong !
There’s a lot of activities to do: snorkeling to see fishes/sea turtles, go to a turtle sanctuary, go walk in the jungle nearby the hotel, visit the town outside the hotel, take diving lessons, gym..
There’s monkeys and monitor lizards walking around the gardens.",2026-08-12T14:28:32.146Z
The Taaras Beach & Spa Resort,,5.0,"Wat een heerlijk resort was dit en het personeel staat te springen om je overal mee te helpen. Wij hadden een heerlijke (zeer ruime) kamer en de ruime douche en bad waren comfortabel. Het water was lekker warm. 1 minpuntje, de bedden waren voor ons wat te hard, daardoor kregen we wat last van onze rug. Maar door de heerlijke massage werd dit goed weg gemasseerd. De excursies (snorkelen met schildpadden en vissen en romantisch diner voor 2 op het strand) die wij gedaan hebben waren ook heel leuk en we hebben heerlijk gegeten bij het romantisch diner. De ober/kok hebben goed geluisterd naar onze wensen.",2026-08-10T03:13:59.809Z
The Taaras Beach & Spa Resort,5/5,,三家人一起的旅行，非常棒的体验，来的时候觉得也就是又一个东南亚海岛打卡而已。但玩了四天后只想说，好玩，还会再来，酒店设施正常水平，但服务态度和体验绝对物超所值，五岁的小女儿6点发烧，服务人员和司机立即送往镇上的诊所，并电话联系医生在下班时间提前返回诊所等待候诊，吃了药后第二天小孩又生龙活虎。总之，一定还会再来，这里会是我们一家人最美好的回忆之一。,2026-08-08T23:59:59.999Z
Perhentian Island Resort,5/5,,Seamless pick up and nice resort,2026-06-04T23:59:59.999Z
Perhentian Island Resort,,4.0,"Beautiful place, great location. Love to come back again and again. Maintenance of landscapes need to be improved.",2026-06-04T12:35:42.728Z
Perhentian Island Resort,,5.0,,2026-06-04T02:48:34.121Z
Perhentian Island Resort,,5.0,,2026-06-03T08:46:58.175Z
Perhentian Island Resort,,2.0,"The Verdict: Stay somewhere else and just visit this beach.
Perhentian Island Resort sits on what is arguably the most breathtaking, crystal-clear stretch of white sand and turtle-snorkeling reef on the entire island. However, the resort itself is a massive letdown. You are paying a premium price for a property that feels neglected, dated, and poorly managed.

The Bad: The rooms are in desperate need of a renovation—expect septic tank smell from poorly maintained toilets, musty smell, stained linens, plumbing issues, in room safe that does not work , and zero Wi-Fi or poor phone signal in the chalets. - we changed rooms and had the same issues. The included buffet breakfast is incredibly basic and lacks quality and cleanliness (flies on food) while the overall resort infrastructure struggled with basic utilities like running water. (We could not shower, flush, or wash hands at one point our stay). 2 rooms per chalet have very thin walls, so expect smelling and hearing your neighbour if they have a conversation, or smoke a cigarette.

The Good: The location is a 10/10. The water is pristine, and you can literally swim out from the shore to snorkel with sea turtles and fish without needing a boat tour.

Final Thoughts and recommendations: Do not look at the booking photos; they do not reflect the current run-down state of the rooms and common areas. Save yourself the frustration: book a better-maintained hotel nearby for a comfortable night's sleep, and just take a water taxi over to this beach during the day to enjoy the spectacular nature.

Recommend to upgrade at least on plumbing and ventilation infrastructures, and management to have goals to realise the full potential of this wonderful location.",2026-06-02T16:32:06.182Z
Perhentian Island Resort,5/5,,Best room at island,2026-06-01T23:59:59.999Z
Perhentian Island Resort,3.2/5,,"This is the first time and the last time to stay in the perhentian resort.We had a bad experience in the room.After we had our dinner, we went back to our room, we r shock the room was full of flying insect due to the door bottom sealing strip was not in order but we manage to handle it by switching off the light. The horrible thing happened at the second night, we saw a jungle rats in our due room.Due to in the middle of the night n our room was at the back so we manage to chase the rat out of the room.",2026-05-29T23:59:59.999Z
Perhentian Island Resort,3.5/5,,Good spot nice beach nice scuba dive center but food/buffet isn’t great,2026-05-26T23:59:59.999Z
Perhentian Island Resort,4.7/5,,"Good rooms, friendly staffs, fantastic beach, family friendly resort. Clean beach",2026-05-25T23:59:59.999Z
Perhentian Island Resort,4.2/5,,"Had a pleasant stay at Perhentian Island Resort. The room was comfortable and clean, with a really nice beachfront view and great location. The scenery around the resort was beautiful and relaxing. Staff service and facilities were generally good. The food was okay — not bad, but there’s still room for improvement in terms of variety and taste. Overall, it was a good experience and I enjoyed my stay.",2026-05-19T23:59:59.999Z
Perhentian Island Resort,3.2/5,,"The toilet and shower was dirty. After swiping the floor with broom housekeeper was leaving the sand on the floor behind the wardrobe. See the photos. Upon checking in we had to wait 2 hrs (!!) for our luggage to be sent to the room. The luggage didn’t come until I had to go back physically (as theres no phone/landline in the room) to the reception counter to complain. However, the staff is friendly and helpful when asked specifically for any assistance. The beach is great and overall resort area feels very relaxing.",2026-05-18T23:59:59.999Z
Perhentian Island Resort,3.2/5,,"The hotel is quite dated and hasn't been renovated in a very long time. Honestly, it is a bit overpriced for the services and amenities provided. The housekeeping wasn't always excellent, though it was acceptable. As for the restaurant, the food really isn't great.However, the room price is solely justified by the view. I had a sea-view room, and the hotel's private beach is truly incredible definitely one of the most beautiful on this small island. Come here for the location and the scenery, not for the hotel itself",2026-05-16T23:59:59.999Z
Perhentian Island Resort,,5.0,"Hôtel idéal pour passer une nuit. Nous avons vu des tortues dans la baie.
Le resort propose un restaurant correct avec un petit dejeuner très varié.
Il est possible de faire un petit tour dans la jungle. On peut croiser des animaux en se promenant dans l'enceinte de l'hôtel.
La piscine est appréciable en fin de journée.",2026-05-14T06:41:42.936Z
Perhentian Island Resort,5/5,,"Très beau cadre, plage magnifique idéal détente et snorkeling. A l arrivée nous avons eu une chambre à l arrière face forêt confort rudimentaire, nous avons changé pour une chambre vue mer qui a changé notre sejour. Restaurant très moyen, tables encrassées. Il manque les matelas, les parasols, les serviettes de plage. Pas asses de placards. Les quelques transats sont souvent pris par des touristes que ne séjournent pas à l hotel.",2026-05-12T23:59:59.999Z
Perhentian Island Resort,,4.0,"Hôtel plutôt sympa. J'avais peur des avis avant d'arriver, mais en effet, notre chambre en front de mer était un peu vieillissante mais propre et pas envahie de bestioles !
Vue et plage magnifiques !
Concernant le petit déjeuner, effectivement pas un choix exceptionnel, et resto cher.
Dans l'ensemble, une bonne adresse !",2026-05-10T14:16:42.402Z
Perhentian Island Resort,,5.0,"when I stayed at Perhentian Island Resort and I had a very good experience.
The beach is very beautiful and the water is clear and clean.
The food was delicious and I enjoyed the breakfast every day.
The room was comfortable, clean, and good for relaxing after activities.
The location is very natural and peaceful, so it is perfect for people who love nature.",2026-05-10T12:14:20.429Z
Perhentian Island Resort,,5.0,"Buena experiencia, resort con playa privada y muchos servicios. Además, hay muchos animales en el entorno del alojamiento (monos langures, varanos o colugos). Lo único mejorable la comida del restaurante y algunas instalaciones deterioradas como las pistas de tenis, bádminton, etc.",2026-05-10T10:10:18.802Z
Perhentian Island Resort,,5.0,,2026-05-10T07:46:27.300Z
Perhentian Island Resort,,5.0,"Yes, it is expensive for the quality offered, but it’s worth it! Best location on the island: we woke up everyday at 8:30/9am and ran to the sea to swim with turtles, all by ourselves! They can be found all around the day: morning, lunch, and late afternoon, we always saw them. In the morning, from the pier, you can see dark shadows in the water - that’s them. At around 10:30am the boats arrive with hundreds of tourists, so it’s best to catch them early. There’s all sorts of animal life in this resort: the cutest monkeys we’ve ever seen, lizards, bats, squirrels, etc. It’s like staying in an open zoo. Plus the beach is truly beautiful.
We stayed in the A-Frame rooms, private cabins with shared bathrooms, and honestly I think it’s even better than staying in the big houses (because they share a wall with neighbors). These cabins felt very private and had a nice seaview. Also, it’s less than half the price of the other options. The fan works wonders and no animals entered the room during the night (not even mosquitos). Shared bathrooms were very close by and clean.

However…the sheets didn’t look clean when we arrived (had hairs on them). But after a few days in Malaysia I’ve noticed the cleaning standards are pretty low. My partner got some weird bites on his skin - might have been bedbugs (we heard other guests who were staying in the big houses complaining of this too).

The breakfast buffet - just stick to fresh stuff and it’s good. Eggs, fruit, noodles and vegetables. The “western” options are all terrible, frozen and fried.

The restaurant is expensive (then again, Besar is more expensive than the mainland). Again, stick to local food and you’ll be fine. Most of the times we opted to eat in Mama’s, 15min walk from the resort. Cheapest prices on the island and good local food.",2026-05-10T07:34:33.707Z
Perhentian Island Resort,4.5/5,,Very happy with the overall services provided by the staff. Very friendly and helpful staff. The deco in the room was perfect and nice.,2026-05-09T23:59:59.999Z
Perhentian Island Resort,,5.0,"I had an amazing stay at Perhentian Island Resort. The beach was absolutely beautiful, with crystal-clear water, soft white sand, and a peaceful atmosphere surrounded by nature. The food was delicious and fresh, especially the seafood and local dishes served at the restaurant. The room was very comfortable, clean, and perfect for relaxing after a day by the beach. The resort’s natural location made the whole experience feel calm, refreshing, and unforgettable.",2026-05-09T09:08:28.958Z
Perhentian Island Resort,,5.0,"Staying at Perhentian Island Resort was a truly amazing experience that I will never forget. The resort is nestled in a lush, pristine environment that feels like a hidden tropical paradise. I was constantly mesmerized by the breathtaking views of the crystal-clear water right from the shore. Every meal served was a delight, featuring incredibly delicious flavors that showcased the best of international cuisine. It is the perfect destination for anyone seeking a blend of natural beauty and culinary excellence.",2026-05-08T23:59:22.029Z
Perhentian Island Resort,,2.0,"Ya había leído que en las islas Perhentian la gran mayoría de hoteles no valían lo que pagabas, pero no esperaba esto.
Este hotel, si bien está ubicado en una de las mejores playas de Pulau Besar, está viejo y mal mantenido. Es mejor quedarse en otro hotel e ir por el día a esa playa.
El motivo por el que lo elegí fue porque leí comentarios diciendo que el snorkel en esa playa era fabuloso. Y es verdad que puedes ver tortugas, pero nada más.
Las habitaciones necesitan ser renovadas: - el aire acondicionado olía muy mal, y si bien limpiaron los filtros, seguía oliendo igual. Y por las noches metía al cuarto el olor a desague que había afuera, y como hacía tanto calor, era imposible apagarlo.
- los muebles de madera están rayados y viejos.
- y lo peor fue el dispensador de papel higuienico del baño, estaba sucio y oxidado. Se notaba que no le habían pasado un trapo en años. Daba asco.
En cuanto la comida:
- el buffet desayuno estaba bien
- para cenar las opciones son malas y todas insipidas y llenss de grasas. Muchísimo mejor es ir a cenar a The Barat que está a 10 min caminando.
En resumen, no lo recomiendo para nada, no volvería.",2026-05-08T10:28:04.951Z
Perhentian Island Resort,,5.0,,2026-05-08T01:44:44.498Z
Perhentian Island Resort,,5.0,,2026-05-08T01:44:39.089Z
Perhentian Island Resort,,5.0,,2026-05-08T01:43:12.700Z
Perhentian Island Resort,,5.0,,2026-05-08T01:43:02.787Z
Perhentian Island Resort,,5.0,"Para mi, es el mejor hotel de Perhentian. Por ubicación, la playa y el entorno.

Las habitaciones y la comida no es la mejor, pero los trabajadores son serviciales y te llevan las maletas desde el jetty hasta la habitación.

NO recomiendo los bungalós, nos cambiamos al día siguiente, no hay nada y son extremadamente incomodos.

Notas:
- solamente hay wifi en el hall",2026-05-07T03:14:51.679Z
Perhentian Island Resort,,5.0,,2026-05-06T16:47:28.480Z
Perhentian Island Resort,,5.0,"For healing okay.. if expect comfortable, not here for room",2026-05-04T03:18:05.951Z
The Taaras Beach & Spa Resort,5/5,,Waanzinnig bounty eiland. Top resort met vriendelijke mensen.,2026-08-07T23:59:59.999Z
The Taaras Beach & Spa Resort,,5.0,,2026-08-07T10:41:26.124Z
The Taaras Beach & Spa Resort,,4.0,"Abbiamo soggiornato per alcune notti al Taaras Beach Resort e l’esperienza è stata davvero splendida. Abbiamo scelto una Cliff Suite con vista oceano e svegliarsi ogni mattina davanti a un panorama così è stato impagabile.

La baia privata è semplicemente spettacolare: acqua cristallina, sabbia bianca e un’atmosfera rilassante che rende questo luogo un vero paradiso. Lo yatch del proprietario onnipresente che rovina la vista, e nota negativa del personale che non ha occhio per tenere pulito dalla plastica e carta in spiaggia. Tutti attenti a come salvare e lasciare andare le piccole tartarughe, ma non si ha l’attrazione del monouso i spiaggia. Il resort offre tantissime attività, dal kayak agli sport acquatici, fino a un dive center ben organizzato per chi desidera esplorare i magnifici fondali della zona.

Anche la proposta gastronomica è molto completa, con la possibilità di scegliere tra buffet e ristoranti à la carte, senza dover uscire dal resort. Essendo praticamente l’intero complesso dell’isola, si trova davvero tutto ciò di cui si può avere bisogno.

Personale disponibile. L’unico piccolo appunto è che, a tratti, il servizio è sembrato un po’ “robotizzato”, molto formale e meno spontaneo rispetto ad altri resort che abbiamo visitato.

Nel complesso è una destinazione che consigliamo assolutamente a chi cerca mare da cartolina, relax, immersioni e comfort in un contesto esclusivo. Un soggiorno che ricorderemo con grande piacere.",2026-08-06T23:52:57.236Z
The Taaras Beach & Spa Resort,,5.0,"Location spettacolare, servizio incredibile. Camerieri e chef super attenti e cordiali. Mia moglie è celiaca e ha potuto assaggiare tutti i piatti locali tipici e asiatici grazie alla cura e all'attenzione del maitre Saifoo e dello chef Affandi.
Un paradiso",2026-08-05T15:31:48.784Z
The Taaras Beach & Spa Resort,,5.0,"Elegir la playa de Taaras para nuestra luna de miel fue la mejor decisión que podríamos haber tomado. Nuestra llegada fue un poco complicada debido a las olas fuertes, pero la Sra. Cara nos trató maravillosamente desde el primer momento hasta el último. Todos los empleados son increíbles, y queremos dar un agradecimiento especial a Jodi, Jonathan, Hanafi, Izhak y Roffi por su excepcional amabilidad y cuidado. Para colmo, ¡nos sorprendió ver tortugas marinas justo en la playa del hotel! Estamos encantados con nuestra experiencia y realmente esperamos volver.",2026-08-05T06:15:59.202Z
The Taaras Beach & Spa Resort,,5.0,"We stayed for 5 days during CNY 2025 week. Beautiful resort with private white sandy beach and crystal clear water. The staff are amazing - friendly, smiley and always ready to help especiallly Saiful who went out of his way to assist us in every possible way. He perfected our stay. The only setback is the flight home - due to techincal problem with Berjaya Air, we have to leave the resort 6 hours earlier at 5am to catch a ferry to Merang and then to KT airport to catch a plane to KLIA instead of flying off from Redang and arrive at Subang airport. On the positive side, the staff did all they can to ensure the whole journey to the airport is as comfortable and smooth as can be. Hats off to them! Despite of the setback, we will still be back because of the staff's service. Would like to thank all the staff who created a pleasant and memorable stay for us",2026-08-05T05:20:38.303Z
The Taaras Beach & Spa Resort,,4.0,Beautiful indeed.,2026-07-31T05:16:20.966Z
The Taaras Beach & Spa Resort,,5.0,"Just returned home after a 4 night/5 day stay at the Taaras. This has been one of my favourite ever breaks.
Pros
Location - is extraordinary. A peaceful bay, beautiful beach and crystal clear water that you can wade out to for a long distance while still being able to stand - perfect for swimming/snorkelling with kids. Wake at 6.30 one morning if you can to experience the sunrise, is quite special.
Staff - every single person we interacted with was warm, friendly and wanted to help. Particular mentions for Saiful and Dino at Asean, Rizal (spelling?, sorry) at Cove and Hamdan in guest relations who were all so helpful, professional and kind. Again though, every single member of staff was great to interact with.
Rooms - we had a cliff bay suite and it had the nicest view of any room I've stayed in. Beds were extremely comfortable and aircon worked well.
I also liked the nice mix of guests from different parts of the world - no one group overwhelms the place as can sometimes be the case at other resorts.
Cons
It is a fairly remote location, so variety of food options is understandably less than on mainland, but they still do a good job and we always found something delicious at buffet time.
One tiny gripe from me - not selling bottled mineral water in the shop means paying a high price at one of the restaurants. This felt a little mean, but they do provide filtered water top ups when asked.

Overall, a wonderful place. We intend to return soon.",2026-07-30T09:40:08.900Z
The Taaras Beach & Spa Resort,,5.0,,2026-07-28T12:57:50.721Z
The Taaras Beach & Spa Resort,5/5,,A nossa estadia neste hotel foi uma experiência maravilhosa!  O local é lindo e a equipa é 5 estrelas! Um agradecimento especial ao Bryan pelo seu apoio.,2026-07-27T23:59:59.999Z
Perhentian Island Resort,,3.0,"The resort is located near the pier with a beautiful beach. However, the rooms are very old and outdated.",2026-05-02T13:44:29.934Z
Perhentian Island Resort,,2.0,"Resort cũ, phòng khá bẩn dù có được dọn dẹp rồi nhưng vì đã được xây dựng từ rất lâu nên bẩn là điều không thể tránh được. Bãi biển thì đẹp.",2026-05-02T13:36:46.791Z
Perhentian Island Resort,,5.0,"Deuxième séjour dans cet hôtel en deux ans. Emplacement idéal avec une des plus belles plages des îles. Snorkelling aux abords superbes. Bon petit déjeuné salé, cadre idyllique, chambre simple.",2026-05-01T07:51:25.826Z
Perhentian Island Resort,4.2/5,,"The resort has the best beach on the west coast of Besar, and has a nice vibe to it. The rooms are basic, with a working A/C and comfortable enough beds. A plus is that there is room service everyday and new towels are provided. The hotel staff is nice and friendly. Breakfast was the same everyday, and many of the items were left out in the open, so there were quite a few flies around. Renting snorkeling equipment at the resort is quite expensive, so I would recommend renting at one of the many other rental places on the island.",2026-04-24T23:59:59.999Z
Perhentian Island Resort,,5.0,Best and most beautiful beach on Perhentian island!,2026-04-24T06:07:20.509Z
Perhentian Island Resort,2.7/5,,"In my opinion, it’s located on the best beach in Perhentian. Unfortunately, the service was poor. Reception said our room wasn’t ready due to a system issue, but when we checked, it had already been cleaned and prepared, with no housekeeping staff around. We were still asked to wait, which was frustrating—they could have simply verified with housekeeping.Apart from the great beach location, the resort needs upgrades, as many facilities are outdated or not working.",2026-04-23T23:59:59.999Z
Perhentian Island Resort,,5.0,"We stayed there for 3 nights, rooms were as clean as they can get in the middle of an island. There was a friendly little lizard staying with us too. Room Service was good . Although no slippers provided was a bit weird. The hotel restaurant closes at 10 pm. After that there isn’t anywhere else for you to get something. Drinks are not available.",2026-04-20T06:05:10.935Z
Perhentian Island Resort,2.5/5,,"The resort is disappointing for the price you pay. The location is amazing on a beautiful beach. However, the resort needs some care.Rooms are quite dirty and only surface cleaned. Daily cleaning involved giving new towels and tucking sheets on bed. There was no actual cleaning done and you can tell that this has been ongoing for many years due to the build up of grime in the rooms. They need to deep clean the rooms. Sheets are also fresh but stained which is a bit off putting for a ""luxury"" resort. The outside areas of the resort are also very dated - broken tiles, forgotten spaces that could be used to relax in but are just dumping grounds for old furniture, loungers on the beach are very uncomfortable.The worst part however were the staff. We have never encountered a staff like it. They don't say hello to you, when you say thank you after breakfast there is no response back. They are very abrupt and brush you off as quickly as possible when you ask questions. There was one lovely waitress and one lovely woman at reception but otherwise the staff were fairly unpleasant. For a self proclaimed luxury resort, it is really not good enough.The resort has huge potential. The grounds are amazing, the beach is amazing and the cabins are very pretty. Problems could be easily fixed if the management took any note of anyone's reviews - clearly they don't!",2026-04-18T23:59:59.999Z
Perhentian Island Resort,,2.0,"La plage est très belle mais les chambres sont vieillissantes, la salle de bain avec des moisissures, elle n’était même pas propre à notre arrivée ! Très déçues",2026-04-17T10:16:20.429Z
Perhentian Island Resort,1.7/5,,"Misplaced my bag. Had to ask for towels and toilet paper.  They gave us wrong walking instructions. They place hasn't been cleaned properly in a long time. Cockroaches and worst of all, BED BUGS. We got covered with terrible bites. Stay away from this place. Again, BED BUGS.",2026-04-14T23:59:59.999Z
Perhentian Island Resort,,5.0,"Si j’avais lu les avis je ne serais certainement pas venue et cela aurait été une belle erreur . C’est l’un de mes plus séjours en Asie . L’eau ne peut pas être plus transparente. J’ai vu très facilement : tortues ( dont une énorme) requins à pointes noires , poissons de toutes les couleurs ( il y du corail à 2 brasses) avec des centaines de nemo , raies . Varans écureuils ect . Le personnel est adorable et fait tout pour votre confort . La chambre front de mer était parfaite et extrement calme . Contrairement à ce qu’on peut lire ce n’est ni vétuste ni sale . C’est vraiment charmant familial calme . Plutôt nature . L’Acceuil est parfait . On prends vos bagages au pontons , un verre de citronnade à l’arrivée . On réponds à tout vos questions . Prêt de serviette de plage . Restauration bien les plats sont à environ 20/30 ringgits . Attention il y a un petit shop mais pensez à prendre vos essentiels : crème solaire , anti moustique et surtout masque pour cheveux , l’eau est très salé et vivant pourtant au bord de l’océan je peux vous dire qu’ici les cheveux souffrent !! Le soleil tape très fort prévoir vêtement pour le snorkeling . Il a également des plateformes pour plonger.",2026-04-10T10:34:17.016Z
Perhentian Island Resort,,5.0,"Nous n’avons malheureusement pas eu l’occasion de séjourner dans cet hôtel, mais nous tenions à les remercier chaleureusement. En effet, suite à une arnaque de la compagnie de bus Moraza, nous avons été dans l’impossibilité de nous rendre sur place, et cela pendant le week-end de l'Aïd.
Malgré le fait que nous n’avions pas souscrit à l’assurance gratuite, l’équipe de l’hôtel a fait preuve d’une grande souplesse et a accepté de nous rembourser intégralement. Il est rare de rencontrer une telle gentillesse et compréhension, et nous tenions à le souligner.
Merci encore !",2026-04-08T08:27:04.745Z
Perhentian Island Resort,1/5,,"Honnêtement, cet hôtel est une honte absolue. La seule chose potable, c’est la plage — et encore, elle ne suffit clairement pas à compenser le désastre total que représente l’établissement.||Dès l’arrivée, c’est le choc : saleté partout, odeur d’humidité insupportable, impression d’abandon total. Le ménage n’est clairement pas fait, ou alors dans des conditions inacceptables. Les draps étaient tachés, les surfaces sales… on se demande même si la chambre a été préparée avant notre arrivée.||Le pavillon est dans un état catastrophique, extrêmement vétuste, à la limite de s’effondrer. C’est simple : on ne se sent ni en sécurité, ni respecté en tant que client. Tout semble laissé à l’abandon depuis des années.||Et le pire, c’est que tous les avis négatifs sont 100% vrais. Ce n’est pas exagéré, c’est même en dessous de la réalité. Et parlons franchement : les avis négatifs ne sont pas “exagérés” — ils sont même gentils comparés à la réalité. Cet établissement est une véritable arnaque.Cet endroit ne devrait même pas être ouvert au public.|||À fuir immédiatement, sauf si vous aimez perdre votre argent et dormir dans des conditions indignes.",2026-04-06T23:59:59.999Z
Perhentian Island Resort,,1.0,"incompetent staff, not well maintained, beach full of jellyfish, overpriced, overall not worth it",2026-04-06T06:50:03.521Z
Perhentian Island Resort,2.5/5,,"No go zone as a muslim family, women’s from the west coming there walking naked. (Almost naked) Good for western people. as a Muslim family DONT GO!",2026-04-03T23:59:59.999Z
Perhentian Island Resort,5/5,,The place is superb. You get a 40 minute fast ferry to the charming colourful jetty and the staff use a motorbike and trailer to transit your luggage to your room. ||Upon arrival at reception you are greeted with a welcome drink. The staff were all really friendly.  We were lucky to have two rooms with an adjoining door so we could be close to the kids. ||The beach is absolutely stunning with not a scrap of litter (Went to Long Beach and it was scruffy with so much litter).  The Turtles are easy to locate and snorkel with and the coral is impressive with an abundance of varied fish. ||The breakfast was good quality and plentiful. We ate dinner in the nearby restaurants for variety and because they were better value. ||I can’t understand why the reviews are poor because that was not our experience.,2026-04-01T23:59:59.999Z
Perhentian Island Resort,4.5/5,,Nice view right in front of the resort and we can do our snorkeling right in front of this island and we managed to spot 2 turtles here too...,2026-04-01T23:59:59.999Z
Perhentian Island Resort,,5.0,Un paraíso....,2026-03-31T19:02:16.654Z
Perhentian Island Resort,,5.0,"Overall, I had a wonderful stay at this resort. Initially, I didn’t have high expectations due to my previous not-so-good experiences with other resorts, but everything turned out to be surprisingly great.

Upon arrival at the jetty, the staff were there to assist with our luggage, which was a nice touch. Check-in could have been slightly earlier since the room was already ready, but aside from that, the service was excellent. Everyone was friendly, cheerful, and always welcoming with a smile.

The room was clean and had a pleasant scent. The towels were fresh and smelled nice too. The bed and pillows were incredibly comfortable..I slept like a baby! The beach and the view were absolutely magnificent. The food was also delicious. Although there was no Wi-Fi in the room, the phone signal was strong, and Wi-Fi was available in the receiptionist area. The only downside was the limited food options

Overall, I’m very satisfied with my stay and will definitely come again!",2026-03-31T14:00:53.945Z
Perhentian Island Resort,,5.0,,2026-03-31T06:16:28.525Z
The Taaras Beach & Spa Resort,,4.0,"For our recent getaway, we booked The Taaras, supposedly the best hotel on Redang Island. With that reputation and the price tag, we arrived expecting a little bit of wow.

Arrival:
The welcome was pretty much “hey you made it.”  . We were served a welcome drink that tasted as if the juice concentrate was more of a suggestion than an ingredient.

We arrived way too early and our room wasn’t ready for early check-in, so we were then told to leave our bags on the floor by the stairs. For a resort charging these rates, I assumed a proper luggage area might have made it into the budget, but apparently not- the staircase floor is the luggage lounge.

We left our bags to enjoy the beach, and we can confirm this is where The Taaras absolutely earns its reputation.

The beach:
The beach is breathtaking. Hands down, the most beautiful beach on Redang Island. The sand is incredibly white, the water is crystal clear, and the scenery is spectacular. If the welcome drink was 99% water and 1% juice, at least the water at the beach was actually impressive.

The room:
Our Bay View room was amazing. A big thank you to the hotel management for assigning us Room 251. The room was perfect, and the view of the beach was spectacular. We loved the slice of cake and the beautiful anniversary message displayed on the screen- though we had to turn on the TV to see it. It was a thoughtful touch.

Breakfast at Asian Dining restaurant:
Breakfast had a good spread, although most of the food sat comfortably in the moderately good category. The croissant was soft, and limp. The roti canai was fine, even though i think a splash of sambal would take it up a notch.

We ordered iced chocolate drinks, which arrived as a joke. Between this and the welcome drink, I strongly suspect the beverage department is either terrified of flavour or operating under extremely strict flavor rationing. Perhaps a little more training in beverage making?

Recreation Center:
We made good use of the Sports and Recreation Center. Renting equipment such as the canoes, snorkelling gear and an underwater camera was easy, and returning everything was straightforward. The staff were extremely helpful, especially Kak Husni, who made things simple for us

The only issue though was transferring the underwater camera files. We couldn’t transfer everything because the videos were large, despite averaging around two minutes each. If only the centre could temporarily upload the files to cloud storage and provide guests with a download link. That would save everyone from standing around watching a transfer progress bar move with the urgency of a sea cucumber.

Customer Service:
One thing that genuinely stood out was the customer service. The staff were consistently friendly and helpful, when approached, but some moments went beyond the usual resort service. A staff member helped attend to our minor wounds after a snorkelling activity, and we even saw another staff member helping a guest tie her hair. How lovely is that.

We had the pleasure of riding with Rafiq, one of the buggy drivers, who remembered us by our room number, so every trip between our room and the lobby was effortless. He shared helpful tips and was a pleasure to chat with.

Overall, The Taaras has an absolutely spectacular beach, beautiful views, excellent rooms and some genuinely wonderful staff. The natural setting does a lot of the heavy lifting.

They just have to work on the arrival experience, and beverage quality.

Had to repost this twice because it didn't appear.",2026-07-27T04:09:25.591Z
The Taaras Beach & Spa Resort,5/5,,"Потрясающее место на сказочном острове! Белоснежный мягкий песок, невероятная лазурная вода — определенно лучший пляж на всем Реданге, а черепах на сноркелинге можно увидеть прямо у берега. Номера очень просторные, сервис безупречный, а из тренажерного зала открывается шикарный панорамный вид на океан. Завтраки порадовали своим разнообразием. Рекомендую!",2026-07-25T23:59:59.999Z
The Taaras Beach & Spa Resort,5/5,,"Service impeccable au the taras resort|Emplacement top, rien de comparable vous êtes au Maldives avec la verdure de l’île |Plage privé, tout très propre .|Remerciement spécial à hamdan rajab |Qui a pris soin de nous des notre arrive et ce jusqu’au départ",2026-07-24T23:59:59.999Z
The Taaras Beach & Spa Resort,5/5,,Die Beste Unterkunft  für Redang Island das essen könnte noch besser sein ansonsten alles Perfekt,2026-07-23T23:59:59.999Z
The Taaras Beach & Spa Resort,,5.0,,2026-07-22T23:18:43.999Z
The Taaras Beach & Spa Resort,,5.0,"We spent three nights at The Taaras Beach & Spa Resort, and our experience was absolutely wonderful. The beaches are pristine, clear water and if the room facing sunrise, you would enjoy a claming scenery early morning.
I must give a well-deserved 5-star rating to the staff for their exceptional hospitality. From housekeeping and the front desk to the restaurant team, everyone treated us so well with genuine warmth. My 11-year-old daughter especially loved the food at The Cove and MareNero.
Our Cliff Bay Suite was incredibly spacious and clean. Additionally, the team at the recreation centre was very helpful and friendly.",2026-07-19T01:37:04.927Z
The Taaras Beach & Spa Resort,,2.0,"Hotel has seen its best days and needs investment and restauration. Staff friendly, but poorly trained. Two stars for the location",2026-07-17T01:43:21.185Z
The Taaras Beach & Spa Resort,,5.0,"My family and I would like to extend our heartfelt thanks for the wonderful hospitality, warmth, and excellent service we received throughout our three-day stay at The Taaras.

We truly had a wonderful time enjoying the beautiful beach, the comfortable resort, and the dining experiences at your restaurants. Every member of your team was courteous, friendly, and always willing to help, making us feel genuinely welcomed from the moment we arrived until our departure.

The quality of service was consistently excellent, and we thoroughly enjoyed the meals. While the food presentation was impressive, we believe the dining experience could be further enhanced by including more local Terengganu and Kelantan specialties, allowing guests to experience the rich culinary heritage of the East Coast. We also suggest considering the inclusion of soft drinks in the meal package instead of charging them separately, as this would provide even better value and convenience for guests.

Overall, it was a joyful and relaxing holiday filled with wonderful memories that our family will always cherish. The SEATRU Turtle Lab and the sea turtles conservations were some of the impressive highlights. We will certainly return to The Taaras in the future and will not hesitate to recommend your resort to our family and friends.

Thank you once again for making our stay such a memorable and enjoyable experience.

With sincere appreciation,
The Amran Family",2026-07-17T00:57:49.762Z
The Taaras Beach & Spa Resort,,5.0,,2026-07-15T18:38:29.125Z
The Taaras Beach & Spa Resort,,3.0,"Overall is a pleasant experience for our family. Our  Deluxe 2 rooms with Hill view are the main issue with this resort, i.e faulty AC and safe (keeps beeping all night long), leaking bathroom, malfunction espresso machine, malfunction fridge (not powering on) and seems that equipment  are old ( year 2012) and not easy to operate. For a.5 star resort category, this will be the worst experience I had compared to similar Hotel rating.",2026-07-13T23:00:52.589Z
The Taaras Beach & Spa Resort,,3.0,"Good. But rooms are terrible.

There is transfer from airport or if you come by car can come to Jetty. They send message and meet, very convenient.
The beach is good, clean and comfy. I couldn’t swim because some health problem, but even I could see some fishes and baby sharks.
The beach bar also good, guys are working very fast and polite.
Territory is good and I saw security who check if you stay in hotel, so I guess that’s why on the beach don’t have so much people.
Breakfast was good, Indian, Chinese and standard cuisine.
I liked that part that we can see monkeys in balcony and they were coming almost every day. It was looking so interesting.
Personal is good everywhere, but I liked more who works in the beach side, they were great.

So, why not 5. Because rooms were in terrible condition.
All furniture is so old and needs  to change. Washroom is so smelly and dirty. It is not like 5 star hotel at all. Really need to change, not clean, change!!!
The sofa has been covered in mold for a long time, which I'm not sure any dry cleaning service can remove. The air conditioner is incredibly noisy and leaks, like it's from the last century. The balcony door creaks and can't be opened. The bathroom is already completely yellow. Everything in the room needs to be replaced immediately. The conditions are simply appalling.
I'll be waiting for notification that the premises have been renovated and that we can return again. However, under these conditions, guests will not be returning.",2026-07-12T09:18:57.024Z
The Taaras Beach & Spa Resort,,4.0,"Abbiamo soggiornato al The Taaras Beach & Spa e, nel complesso, è stata un'esperienza molto positiva.

Il resort è bello, curato e rappresenta la migliore struttura dell'isola di Redang. Le Garden Suite sono ben tenute e, a mio parere, hanno una posizione decisamente più comoda rispetto alle camere vista mare, perché permettono di raggiungere facilmente spiaggia, piscina e ristoranti.

Il prezzo è sicuramente elevato rispetto a quanto viene offerto: personalmente lo considererei più vicino a un buon resort 4 stelle europeo che a un vero resort di lusso. Nonostante questo, resta comunque la scelta migliore sull'isola.

La colazione è ottima, molto varia e con ampia scelta. Il ristorante Asean, invece, non mi ha particolarmente convinta. Ho apprezzato il beach bar per la comodità e l'atmosfera, anche se la pizza è decisamente migliorabile. Suggerirei inoltre di ampliare le proposte vegetariane del ristorante the cove.

Il vero punto di forza è il servizio: ogni giorno lo staff contatta gli ospiti su WhatsApp per chiedere come sta andando il soggiorno ed è sempre rapido nel risolvere qualsiasi problema. Ho trovato molto piacevoli anche i piccoli dettagli, come i cioccolatini lasciati ogni sera in camera, il minibar rifornito quotidianamente, la lounge dedicata all'attesa all'aeroporto di Kuala Terengganu e la musica dal vivo durante l'aperitivo e la cena.

La pulizia è buona, la spiaggia è ben tenuta e la posizione è perfetta per raggiungere il punto di osservazione delle tartarughe. Lo snorkeling è molto bello, con la possibilità di noleggiare facilmente tutta l'attrezzatura necessaria. Un enorme valore aggiunto è poter assistere alla nidificazione delle tartarughe sulla spiaggia e, quando possibile, partecipare alla liberazione dei piccoli: un'esperienza davvero emozionante.

Ho trovato molto comodo anche avere il villaggio proprio accanto al resort, dove si può cenare nei ristoranti locali spendendo circa un terzo rispetto ai ristoranti dell'hotel e, spesso, mangiando anche meglio.

Il materasso è molto comodo, nella sala comune sono disponibili giochi per intrattenersi e il clima è stato perfetto: nonostante le previsioni indicassero pioggia continua, abbiamo avuto solo brevi acquazzoni notturni. Il mare è semplicemente il più caldo e azzurro che abbia mai visto e durante il soggiorno è possibile osservare tantissimi animali marini.

Ci sono però anche alcuni aspetti migliorabili. Le zanzare della sabbia sono numerosissime, anche all'interno delle camere: consiglio di portare un repellente davvero efficace. Alcune sdraio e tavolini sulla spiaggia avrebbero bisogno di una pulizia più accurata.

Non ho apprezzato la presenza costante dello yacht del proprietario ancorato nella baia, perché rovina un po' la vista naturale di questo luogo magnifico.

La nota più triste riguarda purtroppo la quantità di plastica e microplastiche presenti sia sulla spiaggia sia in mare. Il proprietario mostra con orgoglio i progetti di riqualificazione e pulizia, iniziativa davvero ammirevole, ma purtroppo basta fare pochi passi per trovare microplastiche, bottiglie, accendini e altri rifiuti. Mi sarebbe piaciuto trovare dei cestelli o dei sacchi messi a disposizione degli ospiti che desiderano dedicare un po' del loro tempo a ripulire questo paradiso.

Infine, avrei gradito un po' più di intrattenimento serale. A parte la piacevole musica dal vivo, le serate risultano piuttosto tranquille: una serata disco, un white party o qualche spettacolo aggiuntivo renderebbero l'esperienza ancora più completa.

Nel complesso consiglio il The Taaras Beach & Spa a chi cerca il mare più bello che si possa immaginare, un resort ben gestito e un servizio molto attento. Con qualche miglioramento e un rapporto qualità-prezzo più equilibrato potrebbe diventare davvero un punto di riferimento assoluto.",2026-07-12T08:57:45.607Z
The Taaras Beach & Spa Resort,,5.0,Hanafi n 2 more our Butler in villa very helpful n good service.,2026-07-11T00:25:03.642Z
The Taaras Beach & Spa Resort,,4.0,"A place you'll remember long after you've left 🌞🌞🌊🏖🏖
The Taaras is all about one thing: location, location, location.
The bay is simply breathtaking. Warm, crystal-clear water, incredibly soft white sand and one of the most beautiful beaches I've ever experienced. It's the kind of place where you immediately slow down and wonder why you don't live by the sea.
If you can, choose one of the Ocean Front Suites. Waking up to that view every morning is an experience in itself.
Like many remote island resorts, not every aspect is absolutely perfect, but once you're surrounded by such extraordinary natural beauty, those details quickly fade into the background.
A special thank you to Bryan, whose guest relations made us feel genuinely welcome throughout our stay, and to Hasni at the Recreation Centre, who took the time to understand what I was looking for and recommended the best option for the limited time I had available.
Because of my tight schedule, they organised a 2-hour ""Redang Best Spots"" private boat trip, and it turned out to be the perfect choice. A big thank you to the excellent Pang—who, amazingly, had been performing a spectacular fire show on the beach the night before—and to Hamzi, a fantastic boat captain who kindly lent me his fins and, as far as I know, is currently the only member of the resort team who has visited Italy.
Thank you all. Beautiful places are unforgettable... but it's often the people you meet that make you want to return.",2026-07-10T15:24:29.713Z
The Taaras Beach & Spa Resort,,5.0,"Hanafi is the best butler, he is caring, helpful and take care of us all the times in this 3 days",2026-07-10T14:28:45.614Z
The Taaras Beach & Spa Resort,,5.0,The best Butler in the house = hanafi,2026-07-10T14:06:36.199Z
The Taaras Beach & Spa Resort,,4.0,"We had a great experience at Taaras. The facilities and location were great, and the staff always there to accommodate our wishes, in particular Saiful.
Bryan Nicholas from the Guest experience was also attentative and helpful.
The overall score would have been 5/5 if it wasn't for what we witnessed during the baby turtles release on the beach. We did it twice. The first time on 27/06, it went well. People were instructed not to touch the turtles and the release was done respectfully.
But the second time, on 29/06, the people participating were given gloves for some reasons, which led to most of them touching, grabbing and even dropping the turtles. Kids were treating them like toys. You could see that the baby turtles were in distress as many of them struggled to find their way to the sea. Why would you hand gloves over to people and allow them to touch the animals? For a site well-known for its marine conservation work, it was inadequate.
We are really hoping that future turtle releases can be done with more respect toward the animals as what we saw during the second release was heartbreaking.",2026-07-10T07:25:15.251Z
The Taaras Beach & Spa Resort,,5.0,Magical Taaras!,2026-07-10T07:20:09.946Z
The Taaras Beach & Spa Resort,,1.0,,2026-07-10T06:53:15.616Z
The Taaras Beach & Spa Resort,,5.0,"KL在住のため、車でボート乗り場まで移動し、そこからボートでレダン島へ渡りました。

滞在中は何度もヨガを利用させていただきました。海を眺めながらのヨガは本当に癒される時間でした。
家族全員で楽しむこともできましたし、私1人で参加した際には、ハードなレッスンを行ってくださり、期待以上のクオリティに大満足でした。

また、シュノーケリングやウミガメの放流も体験しました。
8歳の娘はもちろん、もうすぐ1歳になる娘も、可愛い赤ちゃんガメを見て大喜びしていました。",2026-07-10T05:15:23.641Z
Berjaya Tioman Resort - Malaysia,,5.0,All are best time for me and my family. Tour guide name Ridzuan is most freindly nice person entertained me and my family.,2026-09-11T13:36:45.819Z
Berjaya Tioman Resort - Malaysia,,4.0,,2026-09-09T16:37:08.150Z
Berjaya Tioman Resort - Malaysia,,5.0,"Room was nice and clean with amenities included. Breakfast was a nice spread. We did the kayaking which was included in our package. We also did the archery, golf and used the swimming pool which was all great. The highlight was the massage. Dewi did an exceptional job targeting my problem areas, was very attentive and I left very relaxed. Would definitely recommend again!",2026-09-09T13:29:37.494Z
Berjaya Tioman Resort - Malaysia,,2.0,"Unfortunately this resort had me a bit disappointed. We paid relatively much because we trusted the Berjaya chain to deliver a sufficient, maybe even luxurious getaway. Our experience was subpar though. The resort looks like it needs a paint job as a whole, people bike around everywhere, so at night its a bit dangerous even because of the bad lighting. The room we got allocated was okay. However it had an ant infestation. I had at least 20 ants creep up on my in my bed. The ants were everywhere: in my bed, on the doormat, on the desk/makeup table, on the wall, actually such a disappointing occurrence. We had to call the main desk several times because they did not help us. after 2 hours of back and forth we finally got a new room 471. The room was okay but is definitely too old for a 4 star resort at this price. The breakfast food was mediocre at best, quality wise below standards, and not very tasteful in general. Facilities were mediocre as well. Children's arcade looked very poor, the gymnasium looked absolutely terrible. The pool was okay, but needs refurbishment: the artificial waterfalls were turned off. The shortage of ingredients at the bars was also terrible: no rum, no vodka, no whiskey, they only had gin. Cleaning service was bad as well, they didn't refresh our towels despite having left them on the floor. The cleaner only took our dirty towels and didn't leave fresh ones. When calling the service desk for fresh towels, we had to wait 1h30m in total, we had that happen twice. Moreover, wifi signal was very bad throughout our stay.

I must say that the staff were very friendly and smiled anytime they saw you. Despite that, their ability to help when you ask for it was also extremely poor.

Overall, very disappointed in my experience, and won't be visiting again anytime soon. This has left a bad impression of the Berjaya chain amongst me and the party.",2026-09-09T09:57:41.911Z
Berjaya Tioman Resort - Malaysia,,5.0,"Hi ! 😊

On behalf of our team, we would like to express our heartfelt thanks to the hotel team for all the help, support and assistance throughout our stay, from check-in until check-out.

We truly appreciate how helpful and accommodating everyone has been in assisting us with all the arrangements and making sure everything went smoothly throughout our trip.

Thank you so much for the excellent hospitality and wonderful service. We really enjoyed our stay and hope to see you again in the future!",2026-09-09T05:44:04.150Z
Berjaya Tioman Resort - Malaysia,,2.0,"Still staying here as I’m writing this. Left with another night to go and I can’t wait to check out!  This will be my first and last time staying here. Rooms need a massive overhaul. Everything was so worn out. The rooms we were assigned to were infested with ants. Totally not worth the price we paid. Resort was also quite a distance from shops outside and we couldn’t walk out. Need to pay RM50 for a taxi for every trip out.
Food at the restaurant were average. Requested for food to be non-spicy so that the kids can eat but both times food came spicy.
The only positive side are the staffs who have been helpful and friendly.

Mr Vincent hope you take note of this. It’s such a waste..there is so much potential in the resort..if only proper maintenance is done I am sure the resort will continue thriving.",2026-09-09T02:39:35.301Z
Berjaya Tioman Resort - Malaysia,,5.0,"Great staff and management, they go beyond to serve their customers. Effat front desk supervisor is amazing and made our vacation to be a great one.

Great staff , Great service and incredible beach.",2026-09-08T23:11:35.588Z
Berjaya Tioman Resort - Malaysia,,1.0,The resort is beyond run down. The entire place looks like it's falling apart. Front facing personnel such as the reception and restaurant staff are not properly trained and are inadequate in communicating clearly. Rooms are run down and relatively filthy. It'd take an entire overhaul for me to return.,2026-09-08T07:54:11.233Z
Berjaya Tioman Resort - Malaysia,,4.0,,2026-09-08T07:22:55.394Z
Berjaya Tioman Resort - Malaysia,,4.0,"I was really happy with the room I booked. The location was excellent, offering a great view of the ocean while also being close to the lobby—perfect for those who enjoy a quick, easy walk there.

Another interesting service they offer is an internal shuttle for guests; basically, if you want to go somewhere within the resort, they can take you there—there’s nowhere they can’t reach. This is a real plus, and it extends to other needs too; if you need anything, you can just call the front desk, and they’ll have it delivered right to your room.

As for the location itself—honestly, I’m not really the type of person who enjoys going out to sea or exploring the island, so...
However, for international visitors or anyone who loves an island getaway—diving, swimming, and the like—I think it’s definitely worth a visit.They have all sorts of activities for visitors to join in on—you could spend days there and still not run out of things to do! 😂

Regarding the food, I personally found it quite average—at least by Malaysian standards—though international guests might feel differently. The breakfast spread was impressive, with a wide variety of buffet options, whereas lunch seemed to follow a standard menu. They offered a buffet for dinner as well, though the selection was a bit more limited compared to the daytime spread.

The only downside is that things are really expensive (since they're imported)—but what can you do?After all, it is an island!

All in all, though, the food, the room, and the location were all great—there really wasn't anything to complain about. ❤️👍",2026-09-05T05:26:00.311Z
The Taaras Beach & Spa Resort,,5.0,"Cannot recommend this beautiful place enough, from the time we boarded the flight to the time we hoped off the return flight, the service was above our expectations.
Special thanks to the beautiful Winda Wanditta, her welcoming warm smile was a special greeting 🙏 every time we seen her, and always so keen to help with any query we had, lovely young lady",2026-07-10T02:48:00.544Z
The Taaras Beach & Spa Resort,,3.0,,2026-07-10T00:52:45.908Z
The Taaras Beach & Spa Resort,,3.0,"We stayed at The Taaras hoping for a relaxing family getaway, and while parts of it delivered, several avoidable issues took the shine off.

Room allocation: Before arriving, we specifically requested twin rooms in the same block, ideally close to reception, and were told this would be ""accommodated."" Despite the resort not being at full occupancy, we were placed in the garden view block furthest from reception — not the twins-together setup we'd asked for. Not the start we were hoping for.

Check-in: The check-in process itself felt underwhelming and rushed. We weren't given any orientation — no signage or directions to the beach, and no mention of the sandfly issue (more on that below) or the turtle release happening that same evening. We only found out about the turtle release from friendly staff down at the beach, and it ended up being a real highlight — but it shouldn't have been left to chance. It should also have been mentioned during check in that the hot water only works if you turn on the SWITCH for 15 minutes before taking a shower . as a result a poor cold first day shower experience with poor water pressure

Sandflies: This was our biggest issue. Nobody warned us about sandflies, and by the end of day one I'd been bitten around 25 times and my son closer to 50. The itching kept us both up most of the night. A simple heads-up at check-in (with repellent recommendations, or even repellent provided) would have made a huge difference.

Wifi: In-room wifi was patchy and unreliable throughout our stay.
The positives: The rooms themselves were genuinely luxurious and matched the price point. The beach is stunning — genuinely one of the best we've experienced — and the turtle release was a magical, unexpected bonus.

Spa: A real highlight of the trip. Glory's team massage was fantastic, and the traditional Taaras herbal bag massage was excellent — worth booking in advance. Glory herself was the first person we met who we could say embodied a true 5 star experience!

Staff: Mixed experience. The beach staff and spa team were warm and attentive. Reception, however, could use more training in guest service — better attention to pre-arrival requests and basic welcome information would go a long way, including information (and a basic leaflet for asking us to check amentiies via scannign a QR code - available we found AFTERWARDS)

In summary: Gorgeous location, excellent spa, but the resort needs to tighten up communication — from honoring room requests to warning guests about sandflies and letting them know about evening events like the turtle release.",2026-07-08T07:26:59.710Z
The Taaras Beach & Spa Resort,5/5,,"Отдыхали с дочкой в этом отеле с 25го июня по 7 июля 2026 года. Никогда еще не писал отзыв когда всё понравилось, а бывали мы много где в мире (обычно люди пишут когда что то сильно не понравилось😌), но в данном случае очень захотелось. Постараюсь кратко - минусов не увидел совсем, местоположение просто сказочное, океан это просто, что то неописуемое, насыщенность океана потрясает (мы видели в море кальмаров, черепах, акул, скатов и тд), сам отель отличный, минусов еще раз повторю я не увидел совсем, персонал весь на высшем уровне, отношение ко всем пожеланиям (а они были😀) впечатляет. Плюсы можно расписывать до бесконечности. Отдельное спасибо Хасни (организовывала экскурсии) и Брайну (вроде что то типа управляющего😌), они всегда были включены и всегда нам помогали (извиняюсь если не правильно написал имена)",2026-07-07T23:59:59.999Z
The Taaras Beach & Spa Resort,,4.0,比较安静，出行不方便,2026-07-06T00:46:41.088Z
The Taaras Beach & Spa Resort,,5.0,,2026-07-05T04:56:10.793Z
The Taaras Beach & Spa Resort,,2.0,"My stay at The Taaras Redang was overall just average. Although the resort has been operating for around 15 years , it is still reasonably well maintained. However, I don’t feel that the facilities truly reflect a 5-star resort. Some amenities are outdated, and there are noticeable areas that could be improved to match the expectations of a luxury property.

The biggest highlight is undoubtedly the crystal-clear turquoise sea and beautiful beach. The scenery is absolutely stunning and is the main reason to visit this resort.

Unfortunately, the food was a major disappointment. The variety, taste, and overall quality were well below what I would expect from a 5-star hotel. It was the weakest part of the entire experience.

Overall, if you’re visiting purely for the breathtaking beach and ocean, The Taaras is worth considering. However, if you’re expecting a complete 5-star luxury experience with premium facilities and dining, you may find it falls short of expectations.

Personally, if I were paying for this trip with my own money, I wouldn’t choose to stay here again.",2026-07-01T05:54:55.135Z
The Taaras Beach & Spa Resort,,5.0,"Well one of the best locations, picture perfect place i have stayed in, probably the best in the world.
The only criticism is limited food choices, and the resort is very tired. Needs a lot of updating, even the gym equipment is showing signs of wear, the rooms are amazing but needs updating.
I will be returning",2026-06-30T23:25:16.658Z
The Taaras Beach & Spa Resort,,4.0,"Alvin from Dive Centre is wonderful in guiding and ensure my daughter had a great time.
Saiful from the restaurant provided attentive services throughout.

Hiccup on the check in, we were only able to check in around 4.30pm though check in time was 3pm without any complimentary. Bryan from Guest Service Experience could have done better.",2026-06-28T01:30:20.072Z
The Taaras Beach & Spa Resort,,5.0,"Nous avons passé 4 jours merveilleux dans cet hôtel magnifique
- Bryan est très accueillant, serviable et très efficace pour rendre notre séjour agréable
- Sayful le serveur du restaurant était à nos petits soins

Très bon équipe souriante 👍",2026-06-27T07:38:08.719Z
Berjaya Tioman Resort - Malaysia,,4.0,"What a great resort, extremely helpful and friendly staff, lovely food, great beach, pool is immaculately maintained, lovely grounds, we had a fantastic break here, would highly recommend!",2026-09-04T05:59:34.072Z
Berjaya Tioman Resort - Malaysia,,5.0,"Hotel bersih dan selesa. suasana persekitaran sangat cantik dan tenang.
semua Staff sangat friendly & sangat membantu🤍.... sampai berjumpa lg di lain masa.",2026-09-04T04:54:53.411Z
Berjaya Tioman Resort - Malaysia,,5.0,"Such a nice place!
We enjoyed the location, the facilities and a fantastic yoga hours with Bruce
Thanks for giving us memorable moments🍀",2026-09-03T13:39:37.777Z
Berjaya Tioman Resort - Malaysia,,5.0,"I really like the hospitality given by the Mr melvin and team.  We have a great service from Mr saiful hospitality for front desk, buggies services teams, friendly approach by the reception, cafes staff. Not to forget scuba divers mr joseph and team. Its really amazing to see natures around the island. Will repeat again berjaya Tioman.",2026-09-03T11:24:28.539Z
Berjaya Tioman Resort - Malaysia,,4.0,,2026-09-03T09:45:03.207Z
Berjaya Tioman Resort - Malaysia,,5.0,"Had a really pleasant stay at Berjaya Tioman Resort with my family. The resort is beautiful and our Beach Front Chalet had a lovely view. The shower was also surprisingly good — strong water pressure and easy to adjust the temperature, which made it very satisfying after a day at the beach!

The buggy service was excellent too. Very fast and efficient, even late at night.

We also booked a private snorkeling trip for RM750 for our family of four, and it was definitely worth it. Our guide, Pak Ki, was very patient and followed our pace and timing. The coral and marine life around Tioman were beautiful. My husband and son did get stung by jellyfish, but thankfully it wasn't serious.

The resort staff were all very friendly and helpful. They genuinely tried their best to accommodate our requests. One small gesture that really stood out was when I needed Panadol early in the morning while the gift shop was still closed. One of the staff kindly gave me some from his personal supply. Such a simple gesture, but very thoughtful and much appreciated. ❤️

The only downside for us was that the resort gets very quiet after around 8pm. I understand Tioman is more of a relaxing destination, and the coral-filled beach may limit certain water activities, but it would be nice to have some simple evening entertainment such as live acoustic music, a movie by the beach, sunset sessions, beach BBQs or stargazing.

There also isn't much happening around the nearby village apart from exploring by motorbike and finding places to eat, so having more activities within the resort would definitely make the stay even better.

Overall, we really enjoyed our stay. Beautiful resort, great staff, good service and an amazing snorkeling experience. Would definitely come back! 🌴🌊",2026-09-03T06:04:20.470Z
Berjaya Tioman Resort - Malaysia,,2.0,"A resort that is clearly in need of renovation

Berjaya Tioman Resort has, according to its own website, been around since 1985. That makes it 41 years old, and unfortunately, the age of the resort is also quite noticeable in some of the rooms.

Our room had an outdated and very firm bed, with the springs clearly noticeable. There were also quite a lot of ants in the room, as well as several issues with the finishing that, in our opinion, do not fit a hotel presenting itself as a luxury golf resort. The door was sticking when both opening and closing. The wooden bathroom door showed clear signs of wood rot and had been poorly repaired. Since there is no shower curtain, the door gets very wet after every shower, which certainly does not help. The sealant around the sink also looked very old and overdue for replacement.

The dining experience also felt rather dated. The menus at the restaurant and bars are old-fashioned laminated, folded A4 sheets, and several items listed on them were simply not available, including drinks such as Hoegaarden, Corona and Piña Colada. There is also very little communication about which restaurants and bars are open and when. For a resort of this size and standard, we would expect both the menus and the communication about the available dining options to be kept more up to date.

We also found that quite a lot of staff members were travelling back and forth around the resort on scooters. Given the size of the property, this is perhaps understandable, but it does take away somewhat from the peaceful resort atmosphere you might expect from a place like this.

Berjaya Tioman Resort proudly presents itself as the largest resort on Tioman. We are aware that the resort is currently undergoing renovations and that some room categories have already been updated. However, this does not fully address the issue from a guest's perspective. At present, it seems to be a matter of luck whether you receive a renovated room or one that is clearly in need of updating, while paying the same price. Until the renovation is completed across the resort, the experience can therefore vary considerably depending on the room you are allocated.

In our view, the remaining rooms should be brought up to current standards, with more consistency across the resort in terms of both room quality and overall presentation.

Fortunately, there are also positive aspects. The activities on offer are well organised, and the lobby staff are incredibly friendly, helpful and accommodating. When we arrived, we were initially given a room with two single beds, even though we had booked a double bed. After we raised this, it was resolved quickly and without any hassle.

In short: a beautifully located resort with friendly staff and well-organised activities, but the condition of some of the rooms and the dated overall presentation unfortunately seriously detract from the overall experience. A thorough renovation and update would certainly be worthwhile.",2026-09-03T05:45:00.048Z
Berjaya Tioman Resort - Malaysia,,3.0,"Les points positifs : le personnel est charmant et très aimable, le buffet du petit déjeuner est très copieux, la piscine est très belle et il y a suffisamment de transats.

Les points négatifs : resort très vieux, mal entretenu, qui veut se donner des airs haut de gamme mais qui en est très loin.
Nous avons réservé un chalet pour 3. Déjà l'extérieur ne ressemble pas à ce qui est montré sur les photos ce n'est pas un chalet individuel mais un petit immeuble de 4 logements. On se retourne à l'entrée du resort donc 10 minutes de marche du restaurant.

On rentre dans la chambre il n'y a pas 3 lits mais 2 lits et 1 lit d'appoint tout juste bon à accueillir un enfant tant il est inconfortable et le matelas est très fin. Le lit d'appoint est disposé en plein milieu de la pièce de telle sorte qu'il est impossible de rentrer dans la salle de bain. On du déménager les meubles pour réagencer la chambre pour que ce soit vivable.

Le ménage laisse à désirer on a retrouvé un chausson sous le lit.
Les nappes du restaurant ne sont pas repassées et sont tachées.

Le coffre fort ne fonctionnait pas. On l'a signalé ils sont venus, il ne marchait toujours pas.

Au moment de prendre la douche on s'aperçoit qu'il n'y a que 2 serviettes on a du appeler pour avoir la 3e. Sur la terrasse une des planches est cassée on peut pratiquement passer à travers elle sera réparée le jour du départ.

Nous avons pris un verre au bar de la piscine les cocktails sont déjà tout préparés dans des bidons en plastique et vraiment pas bons.

Le restaurant est hors de prix, les excursions aussi. On se retrouve loin de tout et le prix des taxis sur l'ile est exorbitant.

Bref un rapport qualité prix pas du tout à la hauteur de nos espérances. Je ne recommande pas.",2026-09-01T10:39:05.867Z
Berjaya Tioman Resort - Malaysia,,5.0,"Resort yang selesa untuk stay, facility lengkap, bilik convenience, ad transportation nk ke kg tekek dan bilik. Staf juga friendly dari reception ke pilot buggy ke f&b. Berurusan dengan En Saiful sangat membantu berkenaan transportation, bilik, pergerakan ke jeti dan bertanya tentang kawasan dan aktiviti. En sham dan staf2 dari f&b juga sgt attentive semasa bbq dinner. Makan sedap2. Makanan banyak pilihan. Kalau ada lebih banyak makanan lagi saya suka. 😅",2026-09-01T06:53:03.445Z
Berjaya Tioman Resort - Malaysia,1/5,,"Completely unacceptable for the price||This is by far one of the most disappointing hotel experiences I have ever had. The property may have been built 50 years ago, but it genuinely feels like nobody has invested a single euro in renovating or properly maintaining it since.||The rooms are completely outdated and severely deteriorated: cracked walls, damp, damaged surfaces, leaking water, filthy and ancient curtains, and a bathroom that looks like it has not been renovated in 40 years. Taking a shower means getting the entire bathroom wet because the water escapes everywhere. The bathtub area is covered in deteriorated, dirty sealant and the shower curtain is stained and disgusting.||The air conditioning is extremely old, and the fan looks so unstable that you genuinely wonder whether it might fall down. Nothing about the room resembles what you would expect from a resort charging today’s prices.||And this isn’t limited to the rooms. The whole property is run-down and neglected. Even the beach facilities are falling apart: we found broken sun loungers, including one completely damaged and another missing its mattress.||The photos attached are not exaggerations — they speak for themselves.||What makes it particularly outrageous is the price. You are paying current resort prices for a property that looks decades behind in terms of maintenance and renovation.||The service was equally disappointing. Staff were not particularly friendly or helpful, and when we raised concerns, we did not feel listened to or taken seriously.||Beautiful surroundings cannot compensate for a hotel that is this poorly maintained. From the room, to the bathroom, to the facilities and the service, this place is a disaster from A to Z.||If you are thinking of booking, look carefully at these photos and ask yourself whether this is what you expect from a resort at this price. For me, absolutely not. Zero stars would be more appropriate",2026-08-31T23:59:59.999Z
Berjaya Tioman Resort - Malaysia,3/5,,"Strand ist schön, es gibt in Laufnähe einen Bootsanleger mit ca. 50 Baby- Haien und tausenden Fischen. Das Essen ist gut, Buffet reichhaltig. Allerdings ist sehr viel von der Karte nicht mehr verfügbar, zB Weine oder Biere gibt es nur eine kleine Auswahl. ||Man kann Schnorcheltouren buchen, Kajak ausleihen und Strand- Buggy fahren. ||Leider ist das Resort in die Jahre gekommen und macht den Anschein, als ob man gar nicht mehr investiert und nur noch abschöpft. Nur das Restaurant und die Lobby sehen top aus, alles andere ist in die Jahre gekommen und verfällt nach und nach.||Der Pool ist ok, der Kinderbereich mittlerweile ohne Rutsche und baufällig. Geländer sind zerbrochen und mit Absperrband versehen. Die Poolbar ist lieblos, genau so wie die Sundown Bar, aus der man wirklich was Schönes machen könnte. Es ist sehr schade wie lieblos hier gemanagt wird.||Der Golfplatz ist sehr schön gelegen. Da er sehr wenig bespielt wird aber in entsprechendem Zustand. Das Golf- Haus gleicht einem Lost Place, die Leihschlöger sind aus 1980 und die Schläger sind aus gemischten Sätze . |Die ersten 9 Loch haben trotzdem Spaß gemacht, auch wenn mich die Affen ausgeraubt haben und man vom Abschlag der 9 komplett alle Löcher zurück laufen (oder fahren) da der Brücke zum Fairway 3m fehlen… ||Die Zimmer sind ok, alles da was man braucht.||Vor den Toren des Ressorts ist ein sehr leckeres Chinesisches Restaurant am Meer zu dem auch locals gehen. Ins „Stadt- Zentrum“ läuft man in 30min oder lässt sich ||Alles in allem war es nett, den Kindern hat es gefallen weil sie die genannten Punkte oben nicht „sehen“.",2026-08-31T23:59:59.999Z
Berjaya Tioman Resort - Malaysia,,3.0,"Strand ist schön, es gibt in Laufnähe einen Bootsanleger mit ca. 50 Baby- Haien und tausenden Fischen. Das Essen ist gut, Buffet reichhaltig. Allerdings ist sehr viel von der Karte nicht mehr verfügbar, zB Weine oder Biere gibt es nur eine kleine Auswahl, es wird auf Sparflamme gefahren trotz Hochsaison.

Man kann Schnorcheltouren buchen, Kajak ausleihen und Strand- Buggy fahren.

Leider ist das Resort in die Jahre gekommen und macht den Anschein, als ob man gar nicht mehr investiert und nur noch abschöpft. Nur das Restaurant und die Lobby sehen top aus, alles andere verfällt nach und nach. Die Aussage, dass etappenweise renoviert wird kann ich nicht nachvollziehen, denn wenn Barrieren am Pool kaputt sind oder Bretter an Brücken mitten im Resort in den Fußweg hineinragen sollte das gleich gemacht werden und nicht in Etappen.

Der Pool ist ok, aber nicht wirklich einladend. Der Kinderbereich mittlerweile ohne Rutsche und baufällig. Geländer sind zerbrochen und mit Absperrband versehen. Die Poolbar ist lieblos, genau so wie die Sundown Bar, aus der man wirklich was Schönes machen könnte. Es ist sehr schade wie lieblos hier gemanagt wird, auch wenn das Personal sein bestes gibt und sehr freundlich ist.

Der Golfplatz ist sehr schön gelegen. Da er sehr wenig bespielt wird aber in entsprechendem Zustand ohne Priorität. Das Golf- Haus gleicht einem Lost Place, die Leihschläger sind aus den 1980ern und die Schläger sind aus gemischten Sätzen .
Die ersten 9 Loch haben trotzdem Spaß gemacht, auch wenn mich die Affen ausgeraubt haben und man vom Abschlag der 9 komplett alle Löcher zurück laufen (oder fahren) da der Brücke zum Fairway 3m fehlen…

Die Zimmer sind ok, alles da was man braucht wobei die Badezimmer doch schon sehr abgenutzt sind.

Vor den Toren des Ressorts ist ein sehr leckeres Chinesisches Restaurant am Meer zu dem auch locals gehen. Ins „Stadt- Zentrum“ läuft man in 30min oder lässt sich von Bob mit seinem farbig beleuchteten TukTuk bringen (er steht beim Scooter- Verleih am Eingang neben der Schranke.

Alles in allem war es nett, den Kindern hat es gefallen weil sie die genannten Punkte oben nicht „sehen“.",2026-08-31T15:38:41.228Z
Berjaya Tioman Resort - Malaysia,,1.0,"This is by far one of the most disappointing hotel experiences I have ever had. The property may have been built 50 years ago, but it genuinely feels like nobody has invested a single euro in renovating or properly maintaining it since.

The rooms are completely outdated and severely deteriorated: cracked walls, damp, damaged surfaces, leaking water, filthy and ancient curtains, and a bathroom that looks like it has not been renovated in 40 years. Taking a shower means getting the entire bathroom wet because the water escapes everywhere. The bathtub area is covered in deteriorated, dirty sealant and the shower curtain is stained and disgusting.

The air conditioning is extremely old, and the fan looks so unstable that you genuinely wonder whether it might fall down. Nothing about the room resembles what you would expect from a resort charging today’s prices.

And this isn’t limited to the rooms. The whole property is run-down and neglected. Even the beach facilities are falling apart: we found broken sun loungers, including one completely damaged and another missing its mattress.

The photos attached are not exaggerations — they speak for themselves.

What makes it particularly outrageous is the price. You are paying current resort prices for a property that looks decades behind in terms of maintenance and renovation.

The service was equally disappointing. Staff were not particularly friendly or helpful, and when we raised concerns, we did not feel listened to or taken seriously.

Beautiful surroundings cannot compensate for a hotel that is this poorly maintained. From the room, to the bathroom, to the facilities and the service, this place is a disaster from A to Z.

If you are thinking of booking, look carefully at these photos and ask yourself whether this is what you expect from a resort at this price. For me, absolutely not. Zero stars would be more appropriate.",2026-08-31T07:07:16.368Z
Berjaya Tioman Resort - Malaysia,,5.0,"Very good hospitality, service is great amazing team cik amira and puan alia🥰👍glad I choose to stay here..food taste average but varieties of choice,desert brownies sundae is a must try🥰but will repeat stay if I come here again",2026-08-30T03:14:24.765Z
Berjaya Tioman Resort - Malaysia,,5.0,"Meraviglioso, non ci credevo quasi che una spiaggia così incontaminata con coralli e pesci multicolori esistesse ancora! L'hotel è nel parco marimo naturale, ampi spazi, gestito in una maniera gentile cin l'ambiente e gli ospiti. Spero di poterci tornare! Grazie mille",2026-08-27T13:42:05.828Z
Berjaya Tioman Resort - Malaysia,,4.0,"Keidas lämpimässä. Majoitusta tarjolla paljon eri kokoisia. Kaikki palvelut mitä voit keksiä, jousiammunnasta, sukellus, golf, ym. Henkilökunta todella avuliasta ja kohteliaita. Löytyy allasta, merta ja hiekkarantaa. Halusit olla auringossa tai lukea varjossa, kaikki mahdollista.
Hieman jäi kaipaamaan ostos mahdollisuuksia.",2026-08-27T09:21:32.975Z
Berjaya Tioman Resort - Malaysia,,4.0,We have a very good experience with the Front Desk Assistance Manager named Alia. She’s very helpful and understanding person. Not to foeget credit to Zul who drive buggie for us to locate from room to main entrance and lobby as well. Keep up the good work team!,2026-08-26T00:04:40.762Z
Berjaya Tioman Resort - Malaysia,5/5,,"A Memorable Family Getaway at Berjaya Tioman Resort 🌴🌊||We had a wonderful stay at Berjaya Tioman Resort, and what made this trip truly special was not just the beautiful surroundings, but the warmth and service from the people who took care of us throughout our stay.||From the moment we arrived, we were warmly welcomed by Cik Aeyshah, whose kind gesture immediately gave us a great first impression. A special mention also goes to Syahmi, our humble and informative buggy driver, who was always helpful and made getting around the resort easy and enjoyable.||The customer service at the snorkelling registration counter was excellent, especially Nadia, who was friendly and helpful. The snorkelling team were also very supportive and made the experience enjoyable for the whole family. Our kids absolutely loved the clean beach and had so much fun snorkelling and visiting Turtle Island. 🐢||We also really appreciated the fast food delivery and courteous service from Hira from the F&B team. These little touches of kindness may seem simple, but they truly made a difference to our holiday.||Our room was spacious and clean, while the resort's beautiful beach was clean, peaceful and perfect for families. Waking up surrounded by nature and having the beach right there made it easy to slow down and enjoy quality time together.||There were many more little moments and friendly faces that made our stay memorable. We left Berjaya Tioman with wonderful memories, happy kids and a very positive impression of the team.||Thank you, Berjaya Tioman Resort, for making our family holiday so special. ❤️||We will definitely be back soon! 🌴🌊🐢",2026-08-25T23:59:59.999Z
Berjaya Tioman Resort - Malaysia,,5.0,perkhidmatan sangat first class,2026-08-25T11:14:34.131Z
Berjaya Tioman Resort - Malaysia,,4.0,"The location of this hotel is amazing if you're here to explore the underwater life. You don’t need to take any boat tours to see a wide variety of marine creatures—even if you don’t dive, you can still see plenty of fish and even baby sharks right from the pier. The rooms are clean, though a few could use minor maintenance. Overall, the staff are friendly and helpful.",2026-08-25T09:05:54.883Z
Sipadan Kapalai Dive Resort,,5.0,"Tout est propre, la nourriture est ok, le snorkling est super, les poissons sont magnifiques. Il y a des tortues partout. C'est bien entretenu. Il y a des militaires sur place aussi, je pense pour éviter les pirates, donc c'est sécurisé. Plus de 3 jours ça doit peut être être ennuyeux si vous n'arrivez pas a rester en place.",2026-09-10T12:08:26.960Z
Sipadan Kapalai Dive Resort,,5.0,"We had another wonderful experience at Kapalai Dive Resort. Our dive masters Ryan and Ardi were extremely friendly, knowledgeable, and excellent at spotting marine life. They were just as skilled at finding larger sea life as they were at discovering tiny macro creatures, which made every dive interesting. We saw a giant cuttlefish, a sleeping bamboo shark, and mimic octopi, amongst many other sea creatures! We had fantastic diving at Kapalai, Mabul, and the famous Sipadan Island, and really appreciated how attentive and experienced the dive team was.

The rest of the resort staff were also very friendly, welcoming, and helpful throughout our stay. The food was delicious and overall we felt the resort offered excellent value for such a unique experience.

One of the most fascinating things about Kapalai is the island itself. The tides completely change the scenery throughout the day. At high tide, the water can cover much of the island and you can have beautiful clear water directly underneath your chalet. At low tide, the water recedes, there may be little or no water beneath the chalet, and the exposed sand makes the island appear much larger. It was really interesting to watch the landscape transform with the tides.

Kapalai is a very special place and a fantastic choice for anyone who loves diving, marine life, and staying somewhere completely different from a typical resort. It's definitely worth the travel from Tawau airport. We would definitely recommend it!",2026-09-09T00:10:30.950Z
Sipadan Kapalai Dive Resort,,5.0,,2026-09-08T09:00:46.038Z
Sipadan Kapalai Dive Resort,,4.0,"Abbiamo soggiornato presso questo resort per 3 notti, con un pacchetto non diver. Il resort è molto bello, con camere ampie, un bel bagno con una doccia enorme, letto abbastanza comodo.
Il mare è veramente stupendo, la varietà di pesci e tartarughe che si vedono anche solo facendo snorkeling è veramente spettacolare. Bellissimo anche il poter camminare per il resort e vedere in acqua tantissime tartarughe, razze e anche una manta.
Molto bella l’area “sunset” in cui poter bere qualcosa la sera.

Tuttavia, ci sono alcune cose che non ci sono piaciute: in primo luogo abbiamo trovato il cibo generalmente poco buono.
In secondo luogo, mancano dei punti vicino agli accessi al mare in cui rilassarsi e prendere il sole, ci sono poche sdraio (inoltre completamente in legno e quindi molto scomode). Sul balcone della stanza ci sono le sdraio con cuscino ma fa veramente tanto caldo e non è possibile l’accesso in acqua dalla camera (rendendo quindi impossibile starci). Troviamo impensabile che in un resort (letteralmente) sul mare non ci sia un’area in cui poter prendere il sole e contestualmente poter accedere all’acqua.",2026-09-04T14:26:26.556Z
Sipadan Kapalai Dive Resort,,5.0,This resort was incredible. The mere fact that you have turtles swimming around the resort every day all day is a treat in itself. I thought the buffet food was meh to me. I was very much over it by the third day however the resort itself is so nice. The diving at the resort itself is great if you like macro and you go with one of the guides to show you the best hidden things.,2026-08-29T10:36:39.092Z
Sipadan Kapalai Dive Resort,1/5,,"Location is very nice, installation needs reformation, but  thats all:  you pay nearly 500 Euros/day, for no service at all! |You are allowed to snorkel only with a swim vest and if you sign a non-responsible paper for them then you can go without a vest, but still in a very small area max 50 sqm with all the resort swimmers (92 villas with x people) plus the so called day guests. You are not allowed to swim or enter the water in front of your house. Kajak (=swimming bathtubs) you do it in the middle of all the houses not even around the resort,  Kajak area maybe 50sqm. All this information is missing on the net!  I call this fraud. No massage, no Spa, no bar, no laundry you feel like chocolate, no chance to buy,  The 500 euro you pay are for 3 meals (horrible quality & repetitive with one enormous restaurant very noisy -like a cantina of a factory-) and a villa which needs maintenance.  Everything they propose is additional costs. Even the snorkeling equipment you pay extra/daily and if you take a boat to snorkel outside you need 7 other people to share otherwise you pay 170 euro. No value for money!!  The staff is very nice, manager are non existing!! |We booked over an agent called Borneo Eco Tours, who also forgot to mention all this, it was sold as a luxury resort, see separat review.|My advice put your money somewhere else!!!",2026-08-18T23:59:59.999Z
Sipadan Kapalai Dive Resort,,3.0,"Un cadre exceptionnel qui mériterait une expérience à la hauteur…

Nous avons séjourné au Sipadan Kapalai Dive Resort pour notre lune de miel, et le lieu est tout simplement incroyable. L’hôtel est magnifique, parfaitement intégré à son environnement, avec des chambres typiques pleines de charme.
Nous avions une chambre côté corail, que nous recommandons vivement : la vue sur l’océan est exceptionnelle et, le soir, les tortues viennent littéralement vous dire bonne nuit 🐢
La localisation est absolument superbe.
Une petite attention avait été préparée dans notre chambre pour notre lune de miel, avec une jolie décoration, ce qui nous a beaucoup touchés.
Le service est également irréprochable : le personnel est adorable, souriant, disponible et toujours très agréable.

🤿 Un énorme coup de cœur pour le dive center !
Mention spéciale au dive center, qui est pour nous l’un des gros points forts du séjour. Et surtout, un immense merci à Linda, notre instructrice, qui nous a permis de découvrir la plongée et de partir à la découverte de plusieurs très beaux spots. Grâce à elle, nous avons vécu une expérience vraiment inoubliable 🤿❤️

Sous l’eau, il y a énormément de choses à observer, avec notamment de très grandes tortues, et en quantité ! 🐢 C’est un véritable plaisir de les voir évoluer dans leur environnement naturel.
En revanche, il ne faut pas venir ici en s’attendant à découvrir une immense barrière de corail intacte. La richesse marine reste néanmoins très intéressante et les rencontres avec les tortues valent vraiment le détour.

🚨Les points qui nous ont déçus…
Le principal point négatif concerne malheureusement une partie de la clientèle, notamment les groupes de touristes chinois. Leur comportement a parfois réellement gâché le charme et la tranquillité du lieu : cris, manque de respect envers le personnel et les autres clients, et comportements qui nous ont semblé peu adaptés à un établissement de ce standing.
Nous avons également eu le sentiment que l’organisation du resort était très tourné vers cette clientèle.
C’est vraiment dommage, car un cadre aussi exceptionnel mériterait une ambiance beaucoup plus calme et respectueuse.
Nous trouvons notamment dommage que l’hôtel réserve directement une part importante de ses chambres à des agences chinoises. Cela semble contribuer à une forte concentration de cette clientèle au sein du resort et, par conséquent, à l’ambiance parfois très bruyante et peu respectueuse que nous avons pu constater pendant notre séjour.

🍽️ Le buffet, un autre point à améliorer…
Nous savons que nous sommes dans un resort all-inclusive 3 étoiles et nous n’attendions évidemment pas de la gastronomie. Mais avec des produits simples, il serait tout à fait possible de proposer une cuisine beaucoup plus qualitative.
Nous avons trouvé beaucoup de produits industriels, ce qui est dommage, et relativement peu de spécialités malaisiennes. C’est particulièrement regrettable lorsque l’on vient de l’étranger et que l’on souhaite justement découvrir la cuisine locale. Là encore, nous avons parfois eu l’impression que le buffet était davantage adapté aux habitudes de la clientèle chinoise qu’à une clientèle internationale.

📍En résumé :
Le Sipadan Kapalai Dive Resort pourrait vraiment avoir tout d’un 4 étoiles grâce à son cadre exceptionnel, ses chambres pleines de charme, sa localisation unique, la qualité de son personnel et surtout son excellent centre de plongée.
Malheureusement, certains choix concernant la clientèle accueillie et la restauration gâchent une partie de l’expérience et empêchent selon nous l’établissement d’être pleinement à la hauteur de son environnement exceptionnel.
Cela reste malgré tout un endroit magnifique et particulièrement adapté à une lune de miel. Dormir au milieu de l’océan, se réveiller avec cette vue et voir les tortues passer devant sa chambre est une expérience que nous n’oublierons pas ❤️🌴🐢🤿",2026-08-13T06:30:48.603Z
Sipadan Kapalai Dive Resort,,5.0,終償夙願，此生必來遺世之境，這裡自然原始，是我和家人夢寐以求之地，這裡有家人最愛，海龜看到飽，超乎想像的多。,2026-08-12T15:00:04.053Z
Sipadan Kapalai Dive Resort,,5.0,"Raj na ziemi! Spędziliśmy tu 6 nocy i nie mamy zarzutów. Jedzenie każdego dnia inne, czysto, piękne widoki, płaszczki, żółwie i ryby pływają cały czas. Diving Center bardzo dobrze wyposażone, sprzęt jak nowy. Robiliśmy kurs PADI Open Water oraz Advanced Open Water, naszym instruktorem był Cyril- jesteśmy bardzo zadowoleni, był cierpliwy, wytłumaczył wszystko i czuliśmy sie bezpiecznie. Po AOWD nurkowaliśmy na Sipadan - wyjazd był świetnie zorganizowany, permit załatwili, wszystko bez problemu, widzieliśmy whitetip & blacktip reef shark, grey reef shark, bumhead parrot fish, jackfish, barracuda i wiele wiele więcej.. zdecydowanie wrócimy!",2026-08-08T05:40:26.490Z
Sipadan Kapalai Dive Resort,,5.0,"Love it here, aside from the price tag, everything is good, nice view, nice room, nice stay, nice snorkeling activity~ ❤️❤️",2026-08-04T10:29:23.939Z
The Taaras Beach & Spa Resort,,3.0,"The best thing about Taaras is the location & the people.

Service & Food are mid. For the price, the wow aspect is not seen (except for location).",2026-06-27T04:19:07.872Z
The Taaras Beach & Spa Resort,,2.0,"Before getting to the Taaras, we had heard so many great things about the place. Even ChatGPT says it’s considered *the country’s* highest end hotel. We thought that was the reason why we were asked to pay 400€ per night (2 people room). If you have never traveled to Malaysia, you might not be aware of the currency value, so just know that an average meal for 2 is worth 100MYR (20€). Therefore you can only imagine how expensive this hotel is. Now, for this kind of money you really do expect the best of the best. Unfortunately, as you might have guessed already, that’s not the case. This was quite literally the worst hotel we’ve stayed at since we landed in Malaysia. Besides the staff being very kind, although most of the times you feel the service doesn’t reach the luxury they promise, and the private beach being objectively beautiful, the rest is honestly terrible. The rooms are big, yes, but super dark and old - in fact, the furniture must have stayed the same since the resort opened in 1996. 2 out of the 3 restaurants available in the resort are quite bad both aesthetically and food wise. The Italian/Indian one is ok, but we spent 450MYR (90€) for 2 mains and 1 plate of fruit, so also not great. The pool is always dirty and infested by kids. The resort also offers “complimentary” activities - too bad we wanted to rent gear for SUP and they answered it was already taken - wasn’t aware 5 star hotels only owned 1 paddle surf. We also spent 180MYR (40€) for a snorkeling activity, which was basically right beside the beach, so we could have just swum to the snorkeling location, and without the other 15 people that were with us. As mentioned, the beach is really nice, white sands, pristine water - all great. Too bad the sun beds are as decadent as the rest of the resort, plus there’s a big unbalance between the number of beds and the amount of guests the complex can host. Overall, a terrible experience very much misaligned with the price you pay.",2026-06-25T02:36:48.299Z
The Taaras Beach & Spa Resort,,5.0,"we had a good 5days & 4nights in Taaras.
All of the staff was nice, from the beach lifeguard to the counter staff.
You can see fish near taaras, u dont even have to go to snorkelling trip. If u take snorkelling trip from Taaras, eveb the staff go for a dip, it makes us felt even safer.
We do snorkelling twice per day at Taaras, one of the time someone saw shark (quite big), so we ask the lifeguard to accompany us for snorkeling & we felt same.
and of course we will come again.",2026-06-25T02:12:41.801Z
The Taaras Beach & Spa Resort,,5.0,"Estuvimos dos noches en el Resort, la verdad es súper recomendable, la ubicación es preciosa, nos alojamos en una de las suites frente prácticamente al mar, me gustaría destacar la atención del personal todos súper atentos y súper amables. Nos llevamos una muy buena experiencia de este lugar y lo recomendamos totalmente.",2026-06-24T02:01:00.163Z
The Taaras Beach & Spa Resort,4.2/5,,"Disappointing behavior of the Guest Experience Executive Mei Ling. We asked her for assistance but she gave us false information that almost spoiled our stay.Asked tor discover scuba and she said fully booked. Not true because I went personally early in the morning we got a slot at 2.30pm and not because someone cancelled. We also asked for babysitter and she said there was no service that day which was not correct. We sent our youngest to the babysitter there and there were 3 of them ready to support.So yeah while everything else was great, the Guest Experience Executive should have been way better for this kind of upper class resort.",2026-06-23T23:59:59.999Z
The Taaras Beach & Spa Resort,5/5,,"We spent a week there in mid June, beautiful weather, calm ocean, amazing beach. Love everything about the resort, nice view, friendly staff and great food, just wish it was much easier to get to, so we can visit more often. ❤️",2026-06-22T23:59:59.999Z
The Taaras Beach & Spa Resort,5/5,,Me and my family enjoyed staying in this wonderful hotel! Service was on top level! Thanks to Bryan always was taking care. In the restaurant Giska always gave us amazing service.,2026-06-22T23:59:59.999Z
The Taaras Beach & Spa Resort,,5.0,"Room
Our room was very clean, beautiful, spacious, and comfortable. Before arriving, I had requested an anniversary room decoration (paid service), but as I made a last-minute booking, I was informed that it could not be arranged. I then requested a small complimentary anniversary surprise, and although it was initially missed when we checked in, the team quickly responded after I reminded them. They sent us a slice of cake and displayed a lovely anniversary message on the TV screen.

Throughout our stay, the housekeeping team consistently kept our room tidy and even surprised us with chocolates. These thoughtful gestures made us feel very special, and we truly appreciated their efforts.

Food
The food experience could be improved, especially in terms of taste and buffet presentation. Breakfast is an important part of the holiday experience for us, and we feel there is room to make it more exciting, modern, and memorable.

Facilities
The resort is extremely family-friendly and offers a wide variety of facilities and activities. There were plenty of games available, including table tennis, snooker, checkers, and more. As parents travelling with a 3-year-old child, we especially loved the indoor playground. It was clean, comfortable, well-maintained, and filled with toys and fun activities for children. Our little one had a wonderful time throughout the stay.

Staff
Every staff member at the resort was exceptionally kind, respectful, and welcoming. They treated my family as if we were part of their own family, which made our stay even more meaningful.

A special thank you to Bryan, who was always there throughout our stay. He regularly checked on us, asked if everything was okay, and made sure we had everything we needed. His genuine care and attentiveness truly stood out.

We would also like to thank the snorkeling team for being so friendly, warm, and wonderful with children. Special appreciation goes to Azmi, Muqri, and Affan. They were incredibly kind, approachable, and made every interaction enjoyable. Please continue your excellent work and sincere hospitality. May you all be blessed with continued success and happiness.

Lastly, thank you to The Taaras Resort for making our family holiday so precious and memorable. The beautiful memories we created here will always hold a special place in our hearts, and we sincerely hope to return again one day 🤍",2026-06-19T04:50:04.038Z
The Taaras Beach & Spa Resort,,5.0,"The room was spacious and clean. The view was spectacular. The staff are friendly and very helpful. Their service was fast. Food during breakfast on the first day was a bit disappointing but on the second day was superb. We had our lunch at the Asean restaurant and all tasted good.The food & drinks at the bar near the beach was superb.

All my children enjoyed themselves very much especially the beach. They enjoyed releasing baby turtles, swimming with turtles and soap making.

Special appreciation to our Guest Experience Executive, Bryan who made our stay warmly welcome, comfortable, always checked upon us and update us on activities of the day.

We had a wonderful time in Taaras. Thank you for the great hospitality.",2026-06-19T04:40:22.190Z
The Taaras Beach & Spa Resort,4.5/5,,직원들은 너무도 친절했고 최상의 서비스였습니다 다만 사실은 낡았고 전반적인 보수가 필요해 보입니다. 음식도 왼벽햤고 바디도 완벽랬습니다.,2026-06-18T23:59:59.999Z
Berjaya Tioman Resort - Malaysia,,5.0,"Not much food nearby but its nice , food is quiet overpriced tho",2026-08-24T11:08:05.951Z
Berjaya Tioman Resort - Malaysia,,5.0,Sgt cantik,2026-08-24T07:58:21.846Z
Berjaya Tioman Resort - Malaysia,,3.0,"*Long review Alert*
I had mixed review for this resort. First was the overall management. The pickup shuttle from Tekek was not well managed. Lots of people were waiting in hot sun. Also when the shuttle arrives they dont follow any thing and half people sit when there luggage is not loaded and some people could load luggage but did not get a seat. Upon reaching the lobby, I didnt understand why the welcome drink is served at restaurant which is altough not far but after comming from this scorching heat I thought it was not so much of welcoming. The resort has overall is in wood including the rooms. I could see this was not well maintained. Some furniture was broken. I understand this island is more lush green and so there were ants, insect houses within the rooms and outside it. Toilet flush has issue. Other than this they have fridge with some sodas, iron with table, a safe locker which was not working, toiletries, kettle, coffe drinks, hair dryer. The electric buttons were kind of vintage look and feel and some of it was not working. Ours had a partial beach view.
We mainly booked Berjaya for Indian food option they have for dinner as we had toddlers and senior citizen with us. Dont expect too much as much of the things were from frozen packs like Naans, pizza base. They dont make it fresh. Second day, we had to wait long for orders as there was a lot of rush. They have continental breakfast. The property is big but not all was functioning. They have ATV rides, gym, swimming pool, snooker, table tennis, kids indoor playground, outdoor play ground, Archery, Spa, golf. Make sure you book activities in advance since sometimes there are biggers groups who come and book all at once. From lobby you can book snorkelling, 4X4 vehicle, 2 wheeler and other activities. The 2 wheeler is restricted to be ridden The beach is private for this property so it feels nice as mostly not crowded. The water was clean but had corals in evening washed up the shore. Unlike Juara which had nothing but blue waters. There is a small Tortoise conservation project run by some people which you can visit within the property.",2026-08-23T02:27:55.743Z
Berjaya Tioman Resort - Malaysia,,5.0,"From the moment we arrived, the hospitality was warm, genuine, and welcoming. The staff were friendly, attentive, and always ready to help with a smile.
We stayed in the Beachfront Suite, and it was simply amazing. Waking up to the breathtaking sea view every morning was unforgettable. The room was spacious, clean, comfortable, and just steps away from the beach.
The resort itself is beautiful, peaceful, and surrounded by nature. Whether it was relaxing by the beach, enjoying the crystal-clear water, or simply taking in the stunning scenery, every moment was worth it.
Thank you, Berjaya Tioman Resort, especially Mr Melvin Foong for being so helpful . Its wonderful experience. I’ll definitely be coming back.. 🌴🌊",2026-08-23T01:28:36.592Z
Berjaya Tioman Resort - Malaysia,,5.0,Friendly staff. Very prompt room service when we ask for water bottles. Clean and spacious rooms.  Melvin Foong was very helpful and accommodating.,2026-08-23T01:27:12.616Z
Berjaya Tioman Resort - Malaysia,,5.0,"Mr Melvin were very helpful
We really enjoyed our stay was
Superb",2026-08-23T01:26:09.790Z
Berjaya Tioman Resort - Malaysia,,5.0,We had a great experience with pleasantly warm staffs especially Mr. Melvin Foong who was of great assistance.,2026-08-23T01:23:20.306Z
Berjaya Tioman Resort - Malaysia,,5.0,Percutian yang sangat menarik dan best  bersama berjaya resort pulau tioman,2026-08-22T09:04:40.486Z
Berjaya Tioman Resort - Malaysia,,5.0,"Thanks to all, good place to rest and spend time with family",2026-08-22T06:32:20.912Z
Berjaya Tioman Resort - Malaysia,4/5,,"The hotel is right on the beach and you can do snorkeling tours from the resort jetty. There is one close restaurant and the hotel restaurant (which is fare but often had several unavailable options). For everything else it is a 25 minute walk over a big hill or a taxi which seems to be a standard 50MYR return. The rooms are fare but lack the luxury we were expecting. Everything was clean but we did have to request toilet paper and towels, which were immediately brought, on the odd occasion. The staff were helpful and breakfast chioce was excellent. The pool area was nice, but get your towels early, as they run out.",2026-08-21T23:59:59.999Z
Sipadan Kapalai Dive Resort,5/5,,"We had an unforgettable trip.  Kapalai is built on a sandbank in the middle of the Celebes Sea; it is 40 minutes by speedboat from Semporna town jetty.  Safety is ensured by 24/7 armed Malaysian military presence.  ||On arrival we were warmly greeted by smiling staff with cool towels and drinks; lunch was served shortly after in the beautiful airy dining area.  There were beautiful flowers and plants along the walkways, thanks to the hard work of the gardeners.||Our overwater villa was clean and spacious with a deck.  It was well appointed, with a shower, separate bath, and all the mod cons -  airconditioning, fans, a fridge, hot water, and wifi.  It did become quite hot in the afternoon despite the airconditioning, and we found it much cooler in the open-air garden lounge.  We heard loud croaks every night in our villa which turned out to be a night heron which had taken up residence on the stilts beneath our villa.  ||The sunset bar is highly recommended, as is the walkway to the lookout point where you can enjoy views of the lovely sunset. There is also a sunrise lookout tower on the opposite end of the resort.  ||The room rate included full board, and the buffet meals did not disappoint.  The variety and quality of food were impressive!  We were pleasantly surprised by a private dinner on our first night (shoutout to Downbelow Marine & Wildlife Adventures, our tour agent, for organizing this) - the dishes were excellent and our table was right next to the water.||The best was yet to come..... early the next morning we couldn't believe our eyes when we saw dozens of green sea turtles swimming past our villa to the open sea, coming up every now and then to take a breath!  This was an incredibly magical experience!  Kapalai has sea grass, and we could sometimes spot these gentle giant creatures grazing in the water beside the walkways.||Snorkelling in the Dive Centre was another highlight with the gorgeous coral and fish! The designated area was small but as there were only 4-5 of us it was fine. ||We walked most of the time from our villa to the common areas but when it was hot we opted for the buggy.  The buggy drivers were always cheerful and friendly.||We thoroughly enjoyed our trip, and we left wishing we could have stayed longer.",2026-08-02T23:59:59.999Z
Sipadan Kapalai Dive Resort,,5.0,,2026-08-01T09:09:45.822Z
Sipadan Kapalai Dive Resort,,4.0,沒住過海上屋可以體驗看看，還不錯最主要在這就是浮潛跟發呆，房間沒電視喔！住宿包3餐，吃的還可以！,2026-07-30T01:02:14.582Z
Sipadan Kapalai Dive Resort,,1.0,Las Malvinas son Argentina 🇦🇷,2026-07-24T17:35:14.700Z
Sipadan Kapalai Dive Resort,,4.0,,2026-07-19T10:44:13.942Z
Sipadan Kapalai Dive Resort,,5.0,very good,2026-07-19T04:06:56.658Z
Sipadan Kapalai Dive Resort,,3.0,"6日間滞在しました。
良い点
・海が綺麗
ただ世界中の綺麗な海を見てきたので、10点満点で7.5点くらい。天候と海の状況で大きく海の綺麗度が変わります。
・魚が豊富
・ダイビングセンターが充実

悪い点
・中国人観光客がほとんど。彼らは、マナーが悪い。
食事は、ビュッフェスタイルだけど、彼らは順番を守らない。並ばないで、横から入ってくる。
あとの人を考えず、美味しそうなものは、大量に取っていき、後から来ると残っていない。ハイエナ状態を作る。
食事開始の30分後には、美味しそうな料理は残っていない。
・食事は美味しくもなく、不味くもない。
値段の割に、食事は美味しくない。
美味しいのは、サラダとフルーツとおかゆだけ。
カニもたまに出されるが、ゴムみたいな食感。
・全てが高い。
自転車を借りるのも高い。コテージが食堂から遠いと、歩くのが片道7分から10分かかる。
アルコールも高い。
・Sipadan島へは、ダイバーしか行けない。
スノーケルで行こうとすると、外部のツアーを申し込む必要がある。ただ、外部は、安くても1人800RM（1人あたり3万2千円）
ダイバーでも追加で450RMを支払わないと、Sipadan島へは行けない。

総論；値段と経験が割に合わない。
ここに行くくらいなら、もっと他の場所で、安く楽しめます。
ダイバーでバディと一緒に、ずっとダイビングしているのであれば、安くなると思います。",2026-06-30T02:46:14.446Z
Sipadan Kapalai Dive Resort,,4.0,,2026-06-28T13:33:34.589Z
Sipadan Kapalai Dive Resort,5/5,,Nice hotel,2026-06-19T23:59:59.999Z
Sipadan Kapalai Dive Resort,,5.0,,2026-06-15T10:09:54.710Z
The Taaras Beach & Spa Resort,,5.0,"I must congratulate all the staffs of Taaras Beach & Spa Resort. All of them, work tirelessly and in perfect harmony to make sure my wife and I have a wonderful experience. They all deserved a good bonus from their management and I hope their management treasure and value them for their hard work and dedication.

I come here just to swim with the turtles because the turtles sanctuary is just a stone throw away from the resort. You can even kayak there by yourself. That is how close it is.

If you love turtles and if you love to swim with them, or just watch how graceful these turtles are as they swim across the sea, this is the resort to stay. Good job to Taaras Beach Resort and Spa.",2026-06-16T08:01:32.030Z
The Taaras Beach & Spa Resort,,4.0,"My family and I had great beautiful memories at the Taaras. The beach is beautiful, the resort is clean but needs a little update. We had some issues with our rooms the first night but they fixed the issues immediately and upgraded our rooms the next day. This proves their commitment to best customer service and 5-star treatment. The food and drinks are a little pricey compare to KL standard. I guess they can charge that kind of price because there are not many options near the resort. They are pricey but they are very delicious. I saw some reviews that the food at the restaurant were not good. I disagree. There are three restaurants at the resort and I've tried all of them. Everything that I ordered from those restaurants are delicious with beautiful presentations. If you want something cheaper, there are a few seafood restaurants in short walking distance.

Let me tell you what's unique about this resort:
1. The location of the resort is the best. It's right on the bay which means the beach is private to the resort. The beach is quiet, calm, very clean, beautiful sand and pristine water. You feel like you're on a private beach all to yourself. The turtle snorkeling spot is super close, so you can rent a kayak from the resort and kayak to the turtle point and snorkel with the turtles up close.

2. The resort has it's own private airline - the Berjaya Air. If you're a tourist like me and time is super precious, do spend the money to take the Berjaya Air from Subang KL airport. The extra $$ is so worth it, you get the VIP experience and saves so much time. I arrived to the airport 1 hour before flight, Grab from KL to Subang was about 20 mins, flight duration was 1 hour that flew me directly into the island's airport which is 5 mins drive to the resort.  Imagine getting to the resort in less than 2.5 hours from KL?! The flight is pricey because it is a charter flight, new and super nice ATR-72 plane, single seater, (26 seats on the plane), meal was included, VIP lounge before flight also included breakfast and snacks.

3. The resort's staff workers. Everyone was so genuinely nice, friendly and helpful. Kudos to the customer service team, front desk, restaurant servers, recreation center, buggy drivers, housekeeping ladies.

If you're looking for a relaxed and calm atmosphere resort with beautiful calm beach and excellent scenery, the resort is for you. There are no loud music, big annoying crowds or party people.
We stayed three nights, 1st day chilled at the beach and pool, 2nd day snorkeling and island hopping and 3rd day last chill at the beach and pool. Perfect relaxing vacation after busy time at KL.",2026-06-13T18:24:47.497Z
The Taaras Beach & Spa Resort,,5.0,,2026-06-12T07:32:13.267Z
The Taaras Beach & Spa Resort,,4.0,"We recently stayed in the Two Bedroom Bayview Suite and had an overall great experience, largely thanks to the exceptional team.The service here is top-notch. Mei Ling was incredibly attentive, checking in regularly to ensure everything was going well, and her prompt responses made a huge difference. Buggy rides were always fast and efficient. The absolute highlight of our stay was the service at the recreation centre. We accidentally dropped one of our snorkeling masks onto the seabed and couldn't retrieve it. After mentioning it to the staff there, a wonderful team member (we unfortunately didn't get his name) actually swam out to Turtle Bay to retrieve it for us! That is truly above and beyond service.

The only downside is the accommodation itself. For the premium price paid, the room feels dated and needs maintenance and refurbishing. We actually experienced an aircon leak during our stay. However, once we informed Mei Ling, it was fixed promptly.If management invests in room upgrades, this resort would be flawless. The service and staff are a 5/5, but the property itself gets a 3/5. Huge thanks to Mei Ling and the recreation team for making our stay so memorable!",2026-06-11T15:26:14.282Z
The Taaras Beach & Spa Resort,,5.0,,2026-06-09T07:46:49.031Z
The Taaras Beach & Spa Resort,,4.0,"Thank you for the hospitality during our stay.

Although our check-in was delayed because the room was not yet ready, we appreciate the excellent service provided by the front office staff. Special thanks to En. Hamdan and the front office staff for arranging a temporary waiting room and a complimentary BBQ dinner while we waited. Their attentiveness and hospitality were truly appreciated.

As for the BBQ dinner, we were expecting a better culinary experience. We feel it would be more appealing if the menu reflected the unique flavors and identity of Terengganu. Including local specialties such as ICT (Ikan Celup Tepung), Laksa Terengganu, Keropok Lekor, and other traditional Terengganu dishes would provide guests with a more authentic and memorable dining experience.

Overall, we appreciate the efforts of the team and thank you for making our stay comfortable.",2026-06-09T01:42:26.178Z
The Taaras Beach & Spa Resort,,5.0,"I was impressed when the staff (forgot his name but he is awesome) at the conservation office shared how The Taaras actively contributes to protecting the island's turtle population by helping to remove rubbish and marine debris from around the island. It's wonderful to see a resort taking conservation seriously.

A special thank you to Mr. Bryan for always keeping us informed about the activities at The Taaras.
The facilities were great, and the buggy service was very convenient and readily available. We absolutely loved the stunning views around the resort.

Thank you for making our stay so memorable. We look forward to visiting The Taaras again soon!",2026-06-08T15:45:09.855Z
The Taaras Beach & Spa Resort,,5.0,Everything was perfect and a lovely location to stayyy. can’t wait to revisit next time!!,2026-06-08T04:28:15.982Z
The Taaras Beach & Spa Resort,,4.0,"🛏️ Room
Our room was spacious and clean, providing a comfortable stay overall. There were a couple of minor issues during our stay, including a short circuit and a problem with the safe, but both were rectified promptly and smoothly by the staff, which we appreciated.
The balcony, however, appears a bit aged and the railing feels somewhat fragile (there is a warning sign advising guests not to lean on it). It would be good if the hotel could refurbish or better maintain this area to enhance safety and overall experience.

🍽️ Food
The all-day ASEAN dining restaurant offered reasonably good food. While the selection is somewhat limited, we appreciated that the menu changes daily, which adds some variety.
The Cove restaurant was more average in both taste and value, especially considering the pricing, which could be improved to better match expectations.

🎯 Facilities & Overall Experience
The resort is very family-friendly, with a wide range of activities suitable for both kids and adults. A highlight for us was the indoor kids’ room, where children can enjoy the trampoline, ball pit, and slide, along with some additional paid activities to keep them engaged.
The buggy service was quick and efficient, making it easy to get around the resort, especially between the room and the lobby.
The staff were consistently friendly, attentive, and proactive, always ready to provide helpful suggestions when needed. We would also like to give a special appreciation to our Guest Experience Executive, Hamdam Rajab, who took great care of us and made our stay even more pleasant.
The resort features a private beach accessible only to guests, making it feel safe, exclusive, and not overcrowded. The beach itself is clean, calm, and very enjoyable — definitely one of the highlights of the stay.
One area for improvement would be the swimming pool, which is relatively small and looks a bit dated. However, this was not a major drawback for us since the beach is just nearby and serves as a better alternative. The pool feels more like a complementary feature rather than the main attraction.

✅ Overall
A great resort for a relaxing family getaway, with excellent service, kid-friendly facilities, and a beautiful private beachfront — with some minor room and facility improvements that could further enhance the experience.",2026-06-04T11:33:10.497Z
The Taaras Beach & Spa Resort,4.5/5,,"Beach is nice, facilities are okStaff is nice.However the Hotel is quite rundown, bed smell from the bathroom constantly. Lobby is old and kind of run down. Even tho hotel is not bad, they need refurbishment.Besides that restaurants are good, staff is super polite.Even the staff at the recreation and sports activities there is very polite and nice.Staff Mr Hamdan attended to us as guest relations, he’s a great person and also the tall lady who handed me the keys, such nice and kind lady.Thank you",2026-06-03T23:59:59.999Z
Berjaya Tioman Resort - Malaysia,,5.0,"I would like to compliment the reception team at Berjaya Tioman Resort, especially Aliya, for her excellent service. She was very helpful, friendly, and attentive throughout my experience. Her professionalism and willingness to assist made my stay even more pleasant.",2026-08-21T13:40:06.839Z
Berjaya Tioman Resort - Malaysia,,5.0,"good place.Friendly staff, enjoy snorkeling",2026-08-21T09:55:52.776Z
Berjaya Tioman Resort - Malaysia,,1.0,"Wir haben hier leider eine sehr negative Erfahrung gemacht. Wir wollten zu Fuß zum Turtle Sanctuary. Leider hat man das Hotel so angelegt, dass der Fußweg nach Süden versperrt wurde und man nur als Hotelgast oder mit dem Auto durchgelassen wird. Sehr ärgerlich und vollkommen unnötig.",2026-08-21T07:50:16.824Z
Berjaya Tioman Resort - Malaysia,,5.0,"Nice place to stay,my family really love it",2026-08-19T13:19:15.852Z
Berjaya Tioman Resort - Malaysia,,5.0,Such a nice place for vacation,2026-08-18T11:01:36.149Z
Berjaya Tioman Resort - Malaysia,,3.0,"Misleading pictures the rooms are not like the ones publicized, it looks like it has not been refreshed since the ‘90s. The hotel I guess is ok if you only plan to sleep there.",2026-08-18T04:47:49.241Z
Berjaya Tioman Resort - Malaysia,5/5,,"My friend and I had a great stay in Berjaya Tioman Resort. The environment really peaceful and a lot of activities provided. We managed to catch one of yoga session held there. I got to try Stand Up Paddle too! It was fun! Big shoutout to all the friendly staff over there. Angah Izzat, Izzat poter, Kimi, Abang Wan, Zul, and not forgotten Haizi. They all gave us the best experience in Tioman. We leave Tioman with a heavy heart. The place was beautiful, but the people we met made leaving so much harder. 🥹",2026-08-17T23:59:59.999Z
Berjaya Tioman Resort - Malaysia,5/5,,"Had so much fun, met new people, made new memories — and honestly, I’m just glad I got to experience it with the right people. My friends made the whole trip 10x better, from the random chaos to the little moments I know I’ll remember. 🫶🏻||And shoutout to the staff too! Everyone was so friendly and helpful.||Sometimes, it’s not really about where you go, but the people who make the place feel special.||Special thanks to Angah, Bang Wan, Syahmi Izzat, Haizy, Zul & Kimi for making Tioman one to remember. 🤍🌴",2026-08-17T23:59:59.999Z
Berjaya Tioman Resort - Malaysia,4/5,,"Tioman, you were a good one. 🌊🤍||Came for the island, stayed for the memories 🫶🏻 From random late night talks, laughing over the dumbest things, meeting new people, to all the little moments in between — this trip was honestly one for the books.||But ngl, what made it extra special was the people. My 5 girls/people made everything 10x more fun (and chaotic 😂), and the Berjaya Resort Tioman crew? You guys deserve a whole shoutout 🥹🤍||Angah, Bang Wan, Syahmi Izzat, Haizy, Zul, Kimi & Daniel — thank you for literally treating us like princesses throughout our stay 👑😭 Always so friendly, helpful and making sure we were okay. We really felt so welcomed and taken care of.||Sometimes the best part of a trip isn’t the place itself, but the people you meet along the way. And I guess Tioman gave us both. 🌴✨||Thank you for the memories, the laughs, and all the good vibes. Definitely one I’ll be talking about for a longgg time. 🤍",2026-08-17T23:59:59.999Z
Berjaya Tioman Resort - Malaysia,5/5,,"Had a really nice stay at tioman. The resort was beautiful and relaxing, the room was comfortable. But what made the whole experience 10 times better was meeting some of the friendliest and most welcoming staff. Everyone was sooo kind, helpful, and genuinely made us feel comfortable throughout our stay. Big shout out to our friendly staff; angah, zul, kimi, abg wan, haizy and izzat poter, keep us entertained without any issues, petition to raise their commission!!! We had such a fun and memorable time, and the good vibes from the staff definitely made the trip even more special. Would definitely come back again!",2026-08-17T23:59:59.999Z
Sipadan Kapalai Dive Resort,5/5,,"Ideal for retreat, kid loved so much, very relaxing. Should open up for sea swimming from water chalet if possible 🫠",2026-06-14T23:59:59.999Z
Sipadan Kapalai Dive Resort,,5.0,"Wir haben fünf Nächte im Kapalai Dive Resort verbracht und waren rundum begeistert. Die gesamte Anlage ist gepflegt und sauber, das türkisblaue Wasser sowie die traumhafte Umgebung machen den Aufenthalt zu etwas Besonderem. Die Zimmer sind zwar eher einfach eingerichtet, aber sehr sauber und vollkommen ausreichend.

Besonders positiv hervorzuheben sind die freundlichen und hilfsbereiten Mitarbeitenden sowie die hervorragend organisierte Tauchbasis. Das Essen war abwechslungsreich und bot für jeden Geschmack etwas Passendes.
Ein großes Dankeschön geht an Tauchinstruktor Benn, der sich viel Zeit genommen hat, äußerst geduldig war und unseren Aufenthalt dadurch noch angenehmer gemacht hat.

Die gelegentlichen WLAN-Ausfälle haben uns überhaupt nicht gestört – bei diesem Ausblick und dieser Atmosphäre fragt man sich eher, ob man überhaupt online sein muss.

Für uns war es ein unvergesslicher Aufenthalt, der definitiv einen weiteren Besuch wert ist. Die vielen negativen Kommentare können wir persönlich nicht nachvollziehen und würden das Resort jederzeit weiterempfehlen.",2026-05-29T22:49:32.266Z
Sipadan Kapalai Dive Resort,5/5,,"Everything perfect. ❤️The staff are very nice, food was really good, and the 🤿 snorkelling abang very helpful, abang driver very nice also.",2026-05-25T23:59:59.999Z
Sipadan Kapalai Dive Resort,,5.0,Best place to overnight and see all the views,2026-05-19T23:41:27.244Z
Sipadan Kapalai Dive Resort,3.7/5,,this is a very nice hotel which sit on a coral reef,2026-05-11T23:59:59.999Z
Sipadan Kapalai Dive Resort,,5.0,,2026-05-11T10:38:46.499Z
Sipadan Kapalai Dive Resort,5/5,,"Wonderful stays for two night. Beautiful scenery and lots of amazing diving sites around. If you are a diver, definitely should come",2026-05-04T23:59:59.999Z
Sipadan Kapalai Dive Resort,,1.0,"I recently spent 3 nights at Sipadan Kapalai Dive Resort, and unfortunately, it was a major disappointment. While the location is naturally beautiful, the resort’s management and operations are overwhelmingly biased toward a specific demographic, leaving international travelers in the dark and ignoring basic environmental ethics.
Communication & Service Gaps
The resort feels entirely geared toward mainland Chinese tourists, to the point where English-speaking guests are treated as an afterthought.
• The Briefing: Our ""welcome briefing"" in English lasted a mere 2 minutes and lacked vital information. Meanwhile, the Chinese-language briefing went on for 20 minutes. We missed out on key details, such as the option to visit neighboring islands to purchase fresh seafood to bring back.
• Logistics: Announcements are a struggle. When calling room numbers for boat departures or activities, staff used Chinese numbers only. Despite my name being clearly English on the manifest, I had to guess when they were referring to me.
• Payments: Even the bar is restrictive. They  accept QR code payments designed for mainland Chinese users, no acceptance of international credit cards or cash.
Environmental & Diving Concerns
This was the most upsetting part of the stay. For a resort located in such a delicate marine ecosystem, the lack of oversight is appalling.
• Wildlife Harassment: I witnessed guests (specifically from the majority group) petting and harassing sea turtles. Despite reporting this to the staff multiple times, zero action was taken.
• Poor Diving Standards: Many of the divers currently visiting appear to be unqualified or poorly trained. I saw constant reef damage—divers kicking the coral, touching marine life, and poking animals for photos.
• Staff Negligence: The dive guides and resort staff seem to prioritize guest ""satisfaction"" (allowing them to do whatever they want) over the protection of the reef.
Final Verdict
If you are an English speaker or a diver who cares about marine conservation and reef etiquette, stay elsewhere. The blatant disregard for environmental rules and the massive language barrier in service makes this resort a poor choice for global travelers. There are far better options in the Semporna area that respect both their guests and the ocean.",2026-05-04T03:22:01.198Z
Sipadan Kapalai Dive Resort,4.2/5,,"The seas & sky & sun views were awesome, just awesome. The dive sights were awesome as well. I enjoyed it tremendously. The dive instructor, George was very experienced and friendly. The lodging I stayed was alright for an island resort, though I expected more for what I paid, again it’s just my personal expectation. The meals were a bit below my expectation but again it’s just my personal expectation. And there is not much activities at  the resort in the evenings.  Go there for the awesome views and dive experience.",2026-04-17T23:59:59.999Z
Sipadan Kapalai Dive Resort,,5.0,,2026-04-17T08:22:15.016Z
Berjaya Tioman Resort - Malaysia,,5.0,"Is a beautiful resort offering a relaxing environment, excellent facilities, and enjoyable nature-based activities. It is a great choice for a peaceful island getaway.",2026-08-17T14:12:16.986Z
Berjaya Tioman Resort - Malaysia,,5.0,,2026-08-17T12:09:46.209Z
Berjaya Tioman Resort - Malaysia,,3.0,Very beautiful beach and views. Rooms are nice and cozy. The service is slow and do not understand English. So pls be patient,2026-08-16T14:33:13.870Z
Berjaya Tioman Resort - Malaysia,,5.0,"I always have the best time in Tioman. The beach is wonderful for snorkelling right infront of the resort ❤️ The staff are super friendly and loving from recreation, reception, fnb, housekeeping etc.. ✨and it is always a joy to come back like visiting my second family 💕hope to see everyone again soon!

Thank you for arranging our event so smoothly",2026-08-15T00:36:25.215Z
Berjaya Tioman Resort - Malaysia,5/5,,"Very had nice experience here, the staff is very nice and friendly. Shout out to angah, kimie, zul, wan and danial. They a give assist to us along the trip. Big thanks to haizi and izzat. We really had a good time here.",2026-08-14T23:59:59.999Z
Berjaya Tioman Resort - Malaysia,,4.0,"Zimmer benötigen eine Renovierung (kein Luxus aber im vergleich zu anderen Hotels auf der Insel sind die Zimmer wohl eher überdurchschnittlich)
Zimmerservice kommt immer zu unterschiedlichen Zeiten und manchmal gar nicht aber wenn er kommt gibt es frisches Trinkwasser
Die Rezeptionisten weisen teils fachliche Defizite auf und können kaum weiterhelfen, der Front Office Manager hingegen erwies sich als sehr freundlich und hilfsbereit
Das Hotel bietet Transport nur innerhalb des Resorts an zum nahgelegenen Dorf muss man laufen (ca. 30 min)
Lage fantastisch v.a. der Strand ist traumhaft
!! Zu dem Preis würde man mehr Komfort und besseren Service erwarten !!",2026-08-14T05:59:59.850Z
Berjaya Tioman Resort - Malaysia,,3.0,"Camere: pulite e sempre in ordine salvo per le cimici da letto che ci hanno punto su più parti del corpo e la bassa manutenzione.
Ristorante: poca scelta dei pianti internazionali con elevato prezzo rispetto ai piatti locali nonostante la materia prima fosse la stessa. Fortunatamente lo staff ha accolto le nostre varie richieste di modifica dei diversi piatti. Il buffet presente di rado purtroppo era solo con piatti locali.
Bar: mancanza di alcolici e di alcune birre, erano presenti solo gin e whisky nei super alcolici.
Animazione: inesistenza, solo la sera mettevano una cassa con della musica senza dj o altro.
Servizio staff: nonostante avessimo pagato per una notte in più la camera non era pronta ed abbiamo dovuto aspettare diverse ore. A parte questa problematica tutte le volte che abbiamo avuto problemi, sopratutto con l’invasione delle scimmie, ci hanno sempre saputo assistere.
Spiaggia: mancanza di lettini e di ombrelloni, in spiaggia sono presenti solo 9 lettini e 3 ombrelloni. Fortunatamente le uniche persone a frequentare il mare ero gli italiani. Mancanza di docce per togliersi la sabbia e il sale, è presente solo una doccia nascosta vicino al ristorante.
Piscina: scarsa manutenzione e minuscola.
Attività: quad e massaggi ottimi con una assistenza impeccabile.",2026-08-14T05:35:09.475Z
Berjaya Tioman Resort - Malaysia,,5.0,"Alia been amazing for us, all the staff here are very helpful and friendly. The location is perfect. The cleaner cone to clean our rooms every day without us asking it.",2026-08-14T02:59:53.637Z
Berjaya Tioman Resort - Malaysia,,2.0,,2026-08-13T05:38:14.659Z
Berjaya Tioman Resort - Malaysia,,3.0,"L’hotel est beau mais trop cher pour ce que c’est, obligé de payer pour chaque service",2026-08-13T03:54:08.493Z
The Taaras Beach & Spa Resort,4/5,,建物設備は古く到着時、部屋の清掃忘れなのか、針が洗面台に数個放置してあった。高級五つ星と期待しすぎない方がいい。しかしながらスタッフのサービスは良く、海も綺麗で素晴らしい体験、シュノーケリングが出来て大満足。,2026-06-03T23:59:59.999Z
The Taaras Beach & Spa Resort,5/5,,"전세계 다 가보진 못하였지만, 그래도 지금까지 가본 해변들중 타라스 비치 1등이라 생각이 듭니다. 정말 너무 좋았습니다.|다시 꼭 가볼 예정입니다.|르당 진짜진짜 아릅답습니다||타라스 리셉션 Brian 정말 친절합니다.|귀중품 꼼꼼히 챙겨주시고 감사합니다.",2026-06-03T23:59:59.999Z
The Taaras Beach & Spa Resort,,5.0,,2026-06-02T08:18:14.965Z
The Taaras Beach & Spa Resort,5/5,,"We had an absolutely wonderful stay at this resort and thoroughly enjoyed every moment of our vacation. The hospitality was exceptional from the time we arrived until our departure. The staff were incredibly warm, friendly, and always willing to help with a smile.The resort itself is beautifully located, with stunning beaches, crystal-clear waters, and a relaxing atmosphere that made it the perfect getaway. The pool facilities were excellent, and there were plenty of activities available to keep both adults and children entertained throughout our stay.The food was fantastic, offering a great variety of delicious options, and the overall ambiance of the resort was both welcoming and relaxing. Every detail seemed thoughtfully planned to ensure guests had a memorable experience.A special thank you to Bryan, who went above and beyond to make our stay comfortable and enjoyable. He was always available to provide information, answer questions, and ensure that all our needs were taken care of. His attentiveness, professionalism, and genuine care for guests truly stood out and made a significant difference to our overall experience.We highly recommend this resort to anyone looking for a memorable beach holiday with outstanding service, great facilities, and a fantastic atmosphere. We look forward to returning in the future.",2026-05-31T23:59:59.999Z
The Taaras Beach & Spa Resort,5/5,,一切都挺好。带我们去海龟保育中心的工作人员尤其好。专业知识丰富，态度热情，还给免费拍照片,2026-05-31T23:59:59.999Z
The Taaras Beach & Spa Resort,,5.0,"The only drawback is the hotel rate and price.

Overall, we had a good time staying here. The room is big and comfy, the bathroom is okay. We really love the toiletteries (complementary shower gel, shampoo, and lotion). The view of the sea is wonderful. The food (dinner and breakfast buffet) is excellent. I cannot review on the swimming pool as we didn’t bother swim in it when you already have the sea in front of you.

Snorkeling and turtle trip was excellent. I really appreciate that each participant was provided with a towel and a proper life jacket, together with a bottle of drinking water for each family. But, the boat crew could have prepare to feed the turtles so they will come nearby the boat.",2026-05-31T12:25:40.391Z
The Taaras Beach & Spa Resort,3.7/5,,"The service is excellent, but there wasn't much choices of food, the seafood would be better if it was served fresh. The facilities were good, but would be better if there were more complementary facilities. The room is big but the cleanliness can be improved. The hotel location is actually great with the private beach, but the hotel is too isolated, visitors need to rent motorcycle or take a taxi to reach the jetty or other outside restaurants.",2026-05-30T23:59:59.999Z
The Taaras Beach & Spa Resort,,5.0,,2026-05-30T02:44:50.081Z
The Taaras Beach & Spa Resort,5/5,,"My friends and I had an amazing stay! The service was excellent, the facilities were great, and everything was clean and comfortable. We were even upgraded to a better room, which made our experience even more special. We had so much fun and honestly didn’t want to leave. Highly recommended! ⭐⭐⭐⭐⭐",2026-05-29T23:59:59.999Z
The Taaras Beach & Spa Resort,,3.0,"I stayed here for 3 days and 2 nights. Overall, our experience was very good, starting from the reception staff to the F&B Department. Everything was excellent. Special thanks to Saiful for arranging my son birthday celebration so well. We truly appreciate the effort and hospitality.

However, during check-out, I had a very unpleasant experience with one of The Taaras staff members at Merang Jetty (a heavyset male staff).

Since the hotel boat was scheduled to depart early at 12.00 PM and I did not want to rush on our journey home, I decided to use a third-party boat service instead.

When we arrived at Merang Jetty around 3.45 PM on 27 May 2026, the distance from the boat to the upper jetty area was quite far, and we were travelling with a 9-month-old baby along with several bags.

I politely asked the only Taaras staff member there for assistance with a trolley. However, his response was rude and unprofessional. He asked me, “Did I use the Taraas boat?” and then said, “Just take it if you really want to use it.”

Even if there had been a charge for using the trolley, I would have been willing to pay for it. What disappointed me most was the tone and manner he used in front of my wife and childs.

As a guest of the hotel, I believe I should have been treated with courtesy and professionalism. If I was not allowed to use the trolley, it could have been communicated politely and respectfully.

I hope the management will take this matter seriously so that other guests will not have to go through a similar experience in the future.",2026-05-28T01:29:20.601Z
Berjaya Tioman Resort - Malaysia,5/5,,Great view & comfortable! |Kid friendly.,2026-08-12T23:59:59.999Z
Berjaya Tioman Resort - Malaysia,,3.0,"This is my first time staying at Berjaya Tioman Resort. I have been to Tioman Island numerous times, and always thought Berjaya Tioman Resort is such a high-end resort at Tioman island, and the resort must be of very high quality. However, after the stay at Berjaya, my impression had changed drastically.

The room condition is generally acceptable. The room comes with all the basic necessities. But, when we checked in, to our surprise, toilet roll was not provided! We had to ask for it. That is just tip of the iceberg. Then, here came the housekeeping with 1 roll of toilet roll! My friend was even joking, 'that's very generous of Berjaya""! We managed to get another extra one after asking for it.

The room sound proof is so bad that I could literally hear conversation from the next door! Our room was just separated by a door, and sound from next door can be easily audible from our room, especially kids crying/shouting!

The property is huge. There is buggy service to move guests around. But, the waiting time for the buggy pick-up is ridiculously long! On average, a 20 to 30 min waiting time is needed. We were told that there are only 2 buggies available for the whole facility (not sure how true it is), it is not sufficient to support the guest groups especially during peak period.

First time, we waited at the Main Gate for 30 mins for buggy to come.
Second time, we waited at our room for Buggy to pick up, and eventually we decided to just walk.
Third time, again we waited at the Main Gate for >20 mins for buggy under the hot sun (luckily the security guard offered us their chairs to sit)
Forth time, we waited at our room for buggy, and decided to walk to reception since we had to depart for ferry!

The worst is, we called for buggy pick-up and waited >30mins. Hence, we decided to just walk to the reception. My friend and I almost fainted to notice that, there was one buggy resting at the reception and no one bothered to drive the buggy for us!

The only plus point is the buggy staff is generally cheerful, helpful and polite.

To go outside of the facility (to the village), you have to pay additional RM50 per car (2-way)! Such a prestigious resort could have provided service to send guests to outside the property if required, not to mention that the food quality provided is sub-standard, and guests have to pay extra money if they want to opt for alternatives (out of Berjaya).

Berjaya has always known to be prestigious name in the industry, but Berjaya Tioman is far from a 4-star certified hotel. I would choose the budget homestay at Kampung Tekek over Berjaya considering the amount of money I had paid for the room!",2026-08-12T09:20:12.859Z
Berjaya Tioman Resort - Malaysia,,5.0,Quiet location with satisfying facilities. Right on the beach - convenient for swimming and others.,2026-08-12T08:56:36.170Z
Berjaya Tioman Resort - Malaysia,,5.0,"and the atmosphere felt relaxing right away. The staff were friendly and always willing to help, which made check-in and getting around very smooth. My room was comfortable and had a nice view, though the furnishings felt a little bit dated. Food at the restaurant was decent, with a few good local options, but the variety could be wider. Overall, it’s a great choice if you’re looking for a peaceful island escape rather than a luxury resort experience.",2026-08-12T07:16:51.812Z
Berjaya Tioman Resort - Malaysia,5/5,,"Resort superconsigliato. La spiaggia è magnifica, la location vicino Tekek perfetta. Vengono organizzate escursioni principalmente in mare verso le varie calette e le isole vicine. Bella piscina, begli chalet. Buona colazione, ottimo ristorante che serve cucina malese, ma anche thailandese ed indiana. Probabilmente per la struttura è giunto il momento di un opportuno restyling, ma tutto il personale, dalla reception, al ristorante, ai drivers mostrano una simpatia ed una efficienza davvero senza eguali, che fa dimenticare alcune lievi inefficienze. Voto massimo, 5 su 5!",2026-08-11T23:59:59.999Z
Berjaya Tioman Resort - Malaysia,,2.0,"So bad quality of everything! An aged resort , totally neglected on a very beautiful beach. Impossible to sleep on the bed, fridge, AC and fun with sound like airbus, zero service - they do not even replace the toiletries !
Breakfast with no options at all - everything bad quality.
It is a huge scam.",2026-08-11T09:26:21.261Z
Berjaya Tioman Resort - Malaysia,,2.0,"When we arrived the jetty, we waited 25 mins for the resort pick up. We were the last last guest at the jetty. The chalets are very old. Poor service at the resort’s restaurant. Requested for kids plate, one of the staff said they don’t have it. So my 21 months old baby use porcelain plate, thankfully he’s well behaved baby so he never break anything. Requested for ice, they told us the ice-making machine not working. 😏",2026-08-11T03:19:20.437Z
Berjaya Tioman Resort - Malaysia,,3.0,,2026-08-11T00:45:04.535Z
Berjaya Tioman Resort - Malaysia,,5.0,"Posto fantastico. Anche se sei in un’isola sperduta hai tantissime cose da fare e da vedere. Il resort è ottimo, pieno di attività ed eccezionale per il mare di fronte e le piscine.
Sembra di stare in paradiso.
Grazie ad Alia e Adam per essere stati tanto gentili durante il check-out.",2026-08-11T00:01:09.599Z
Berjaya Tioman Resort - Malaysia,,5.0,,2026-08-10T23:56:53.351Z
Sipadan Kapalai Dive Resort,,5.0,"This is a perfect five-star resort for divers. The highly professional dive masters turn even strong currents into an exhilarating rollercoaster experience. Every aspect of the service is carefully tailored with divers in mind.

One of the highlights is the house reef diving, where you can freely enjoy dives with your buddy every evening—it’s truly unforgettable. Being able to fully immerse yourself in the emerald-colored sea was an incredible experience.

Although getting there can be a bit long and inconvenient, it is absolutely worth the journey.",2026-04-13T13:03:09.527Z
Sipadan Kapalai Dive Resort,,5.0,,2026-04-09T06:52:23.798Z
Sipadan Kapalai Dive Resort,,5.0,"The resort is beautiful and the dive center extremely organized and well staffed. The room was spacious and with all necessary comfort. the views and the setting were really magical with rays and turtles strolling underneath. The resort is really revolving around the diving activity and as expected, the diving sites were incredible, peaking with the Sipadan dives where we got to see the big threes. The only negative in the resort was the repair work on the walkway that was happening outside our bungalow. The dive center should also invest into a Nitrox offer that would be ideal for the type of dives.",2026-04-06T08:00:33.200Z
Sipadan Kapalai Dive Resort,,5.0,Is just WOW..Beautiful gorgeous sea...omg so many sea turtles..beautiful!! I need go back there again..no words can describe how beautiful the sea is...pls go n enjoy this beautiful place😍❤️,2026-03-24T15:22:47.507Z
Sipadan Kapalai Dive Resort,,5.0,,2026-03-22T05:56:12.249Z
Sipadan Kapalai Dive Resort,,5.0,Sebenarnya Teroterial Indonesia🇮🇩,2026-03-11T01:22:34.569Z
Sipadan Kapalai Dive Resort,,5.0,,2026-03-08T17:03:19.963Z
Sipadan Kapalai Dive Resort,,3.0,"I definitely don't recommend this place. I've been there for 5 days on my honeymoon in July 23. The infrastructure is low quality and needs refurbishing, it was packed with noisy and misbehaving people, the food was horrible, and the staff was too young and untrained. The dives are ok, but Sipadan is 40 minutes away, back and forth, by boat. The video shows people jumping to the water from the stairs and near the bungalows, but they expressly forbid swimming everywhere around the resort apart from a small area near the diving centre, which was packed with kids jumping and people screaming.
The whole experience was a 2,5 out of 5, fortunately we travelled other places for the rest of our honeymoon.",2026-03-07T09:32:26.962Z
Sipadan Kapalai Dive Resort,,5.0,,2026-03-01T05:14:47.688Z
Sipadan Kapalai Dive Resort,3.7/5,,Beautiful and nice,2026-02-25T23:59:59.999Z
The Taaras Beach & Spa Resort,,5.0,"5 stars resort, 5 stars amenities, 5 stars friendly staffs. Some staffs are well-trained is expected, but ALL STAFFS are super friendly, this it totally unexpected!!

Stayed 4D3N, in May. (No filtered photo, shoot by iPhone)",2026-05-27T23:56:04.669Z
The Taaras Beach & Spa Resort,,5.0,"Great premium hotel. Even the vacation trainee did outstanding explanation about turtle conservation. Xing, showed his passion and impressed all of us, including the kids. Truely grateful!",2026-05-27T17:33:26.151Z
The Taaras Beach & Spa Resort,5/5,,Amazing stay with friends. Everything was perfect!,2026-05-23T23:59:59.999Z
The Taaras Beach & Spa Resort,,5.0,"I had a wonderful stay at The Taraas Resort and truly enjoyed the warm hospitality throughout. Our visit happened to fall on Mother’s Day, and the resort went the extra mile by surprising all the mothers with a delicious cake, a small gesture that meant a lot and made the day even more special.

The resort itself is beautiful and well-kept. The premises are spotless, the facilities are all in excellent condition, and the private beach is a real highlight, peaceful, clean, and perfect for relaxing. The food exceeded expectations as well, with a wide variety of meals to choose from every day.

What really stood out was the service. The staff are genuinely friendly and attentive. A special mention goes to Shaiful from the F&B team, who was incredibly helpful and always served with a smile. I also want to thank Bryan, the guest officer, who was on duty 24/7 via WhatsApp; it gave me great peace of mind knowing that any request or question could be answered instantly, no matter the time.

Overall, I felt completely comfortable and thoroughly enjoyed my stay.",2026-05-20T08:47:18.998Z
The Taaras Beach & Spa Resort,4.5/5,,Good hotel and always good service and smiles,2026-05-19T23:59:59.999Z
The Taaras Beach & Spa Resort,,5.0,"After exploring quite a bit of Redang, we genuinely think The Taaras Beach & Spa Resort has the best location and beach on the island 🤍 The water is crystal clear, the sand is soft and white, and the whole bay honestly feels like paradise.

We do think the Garden Suites could be maintained a bit better, but the Cliff Bay Suites with the bathtub and ocean view are absolutely beautiful and completely worth it if you want the full experience. Waking up to that view every morning was honestly one of the highlights of the stay, so if you come here, we would really recommend splurging a little for those rooms ☀️

What also made the experience so special was the service. We had constant support through WhatsApp during the whole stay, which made everything feel so smooth and easy. Bryan was genuinely amazing, always incredibly responsive, kind, helpful, and ready to assist with absolutely everything. Thank you so much for making our stay so memorable 🤍",2026-05-18T08:19:53.972Z
The Taaras Beach & Spa Resort,,5.0,,2026-05-18T03:24:45.184Z
The Taaras Beach & Spa Resort,,5.0,,2026-05-15T09:56:32.814Z
The Taaras Beach & Spa Resort,,5.0,Nice.,2026-05-12T15:13:56.227Z
The Taaras Beach & Spa Resort,,5.0,"I went for coral and turtle talk by Mr.Xing, he is a passionate speaker, and a knowledgeable biologist, super friendly and kind. He gave us a lot of information about turtle, do stop by turtle conservation office before ur snorkelling trip to gain ur information on turtle that you will see later😁",2026-05-12T05:25:28.415Z
Berjaya Tioman Resort - Malaysia,,5.0,"Alia was really helpful during our check in and check out process. The resort has a wide range of food for their all day dining menu - I’d recommend their peach cobbler, mango lassi and strawberry smoothie! We went diving here and it was smooth. Plenty of activities to do here! We also had a few shots while riding the ATV by the beach. Great place for families!",2026-08-10T04:09:55.152Z
Berjaya Tioman Resort - Malaysia,,5.0,Superb location!,2026-08-10T03:56:23.388Z
Berjaya Tioman Resort - Malaysia,,5.0,"One of the best resorts in Tioman. Good spread of buffet and alacarte. Rooms are nice but maybe need a bit of upgrading. Overall, a nice stay.",2026-08-10T03:55:50.891Z
Berjaya Tioman Resort - Malaysia,,5.0,,2026-08-10T03:55:28.285Z
Berjaya Tioman Resort - Malaysia,,5.0,nice and convenient,2026-08-10T03:55:26.801Z
Berjaya Tioman Resort - Malaysia,,4.0,,2026-08-10T03:54:37.366Z
Berjaya Tioman Resort - Malaysia,,5.0,,2026-08-10T03:53:48.994Z
Berjaya Tioman Resort - Malaysia,,1.0,"Very disappointing experience — not worth the money

I stayed at Berjaya Tioman Resort about 3 years ago and had a completely different experience. Back then, the resort had a great atmosphere with activities like fire shows, open-air movies, live singing, good rooms, and much better service. That experience made me want to come back.

Unfortunately, this time the resort has declined significantly.

There are hardly any activities, the food quality is very disappointing, and the overall service is poor. The room was also in bad condition, with wooden parts coming out and visible signs of poor maintenance. The staff were not very helpful or attentive either.

What used to feel like a nice resort experience now feels poorly maintained and lacking in basic service standards. Considering the price, I expected much better.

I would not recommend Berjaya Tioman Resort at the current price. It is simply not worth the money, especially when compared with the experience they offered a few years ago.",2026-08-10T03:06:47.187Z
Berjaya Tioman Resort - Malaysia,2/5,,"Very disappointing experience — not worth the money||I stayed at Berjaya Tioman Resort about 3 years ago and had a completely different experience. Back then, the resort had a great atmosphere with activities like fire shows, open-air movies, live singing, good rooms, and much better service. That experience made me want to come back.||Unfortunately, this time the resort has declined significantly.||There are hardly any activities, the food quality is very disappointing, and the overall service is poor. The room was also in bad condition, with wooden parts coming out and visible signs of poor maintenance. The staff were not very helpful or attentive either.||What used to feel like a nice resort experience now feels poorly maintained and lacking in basic service standards. Considering the price, I expected much better.||I would not recommend Berjaya Tioman Resort at the current price. It is simply not worth the money, especially when compared with the experience they offered a few years ago.",2026-08-09T23:59:59.999Z
Berjaya Tioman Resort - Malaysia,,2.0,bad attitudes and bad shuttle bus Services. The reception will charge extra fee even have paid online if you don't prove it.,2026-08-09T08:24:00.904Z
Sipadan Kapalai Dive Resort,4.5/5,,Nice view and big roo,2026-02-08T23:59:59.999Z
Sipadan Kapalai Dive Resort,,5.0,雖然說是水面間隔，但是曬曬太陽也是很舒服的,2026-01-28T12:34:17.862Z
Sipadan Kapalai Dive Resort,,5.0,,2026-01-26T07:13:10.011Z
Sipadan Kapalai Dive Resort,,5.0,Unforgettable experience,2026-01-22T08:17:50.619Z
Sipadan Kapalai Dive Resort,,4.0,"入住 Sipadan Kapalai Dive Resort 之後，最大感覺係「真正離開咗日常生活」。整個度假村建喺海上，四面環海，環境非常安靜，日出同日落都好靚，夜晚只聽到海聲，對放鬆心情同減壓好有幫助。

潛水係最大亮點。Kapalai 附近潛點微距生物非常多，潛導專業又有耐性，會細心帶你睇生物，就算唔係資深潛水員都覺得安心同享受。整體安排唔趕，節奏好舒服。

房間係水上屋，唔算豪華但乾淨企理，冷氣夠、床好瞓。WiFi 唔太穩定，但反而令人放低手機，專心休息。

餐飲選擇唔算多，但食物新鮮，潛水完食會特別滿足。
整體嚟講，呢度唔適合想玩樂或夜生活嘅人，但如果你係為潛水同真正放鬆而嚟，Kapalai 係一個好值得體驗嘅地方。

⸻

English

Staying at Sipadan Kapalai Dive Resort truly felt like disconnecting from everyday life. The resort is built over the sea, surrounded by water in every direction, with a very peaceful atmosphere. Sunrises and sunsets are beautiful, and at night you only hear the sound of the ocean — perfect for relaxing and relieving stress.

Diving is definitely the highlight. The nearby dive sites around Kapalai are rich in macro marine life, and the dive guides are professional and patient, always taking time to point out small creatures. Even for non-expert divers, the experience feels safe and enjoyable. The schedule is well-paced and not rushed.

The water villas are simple but comfortable, clean, with good air conditioning and comfortable beds. WiFi is limited, but that actually helps you unplug and fully relax.

Food options are not extensive, but meals are fresh and satisfying, especially after diving.
Overall, this is not a resort for nightlife or entertainment, but if you come for diving and true relaxation, Sipadan Kapalai is absolutely worth it.",2026-01-17T10:28:22.852Z
Sipadan Kapalai Dive Resort,,5.0,,2026-01-16T11:09:47.883Z
Sipadan Kapalai Dive Resort,,5.0,,2026-01-15T08:26:30.214Z
Sipadan Kapalai Dive Resort,,5.0,"Sipadan Kapalai Dive Resort was truly one of the most unforgettable travel experiences of my life. If you love the ocean, nature, and marine life, this place is an absolute dream come true. Everything about the resort — from the location to the scenery to the water activities — feels like a once-in-a-lifetime experience.

The moment you arrive, you’ll be amazed by how beautiful Kapalai is. The waters are unbelievably clear, with stunning shades of blue and turquoise that you usually only see in photos. The resort sits on stilts above the sea, and the whole environment feels peaceful, private, and close to nature. Waking up to the sound of the ocean and seeing the sunrise over the water is something I will never forget.

What made this trip extra special for me is that I managed to snorkel and dive for the first time here. It was such a memorable and exciting experience! I was a bit nervous at the beginning, but the team guided me well and made me feel safe and confident. Snorkeling in Kapalai was already amazing — the visibility is so clear that you can see colourful fish, coral, and marine life easily, even near the resort area. It felt like entering a totally different world under the sea.

And the diving experience… wow. It was truly breathtaking. For a first-timer, this was the perfect place because the water is calm, crystal clear, and filled with marine life. I felt so excited and amazed seeing the underwater scenery up close — it’s something you cannot describe fully with words. It’s one of those experiences that stays with you forever.

The resort itself is also very comfortable and well managed. The rooms are clean, cosy, and relaxing, and the overall atmosphere is calm and peaceful — perfect for a full getaway from busy city life. The staff are friendly, professional, and helpful, and they really make you feel taken care of. Meals were enjoyable as well, and it’s nice to dine while enjoying the beautiful sea view around you.

Overall, Sipadan Kapalai Dive Resort is a place I would highly recommend to anyone. Even if you’ve never snorkeled or dived before (like me), this is the perfect location to try — it’s safe, exciting, and absolutely unforgettable. The clear waters, stunning marine life, and peaceful environment make it a must-visit. Definitely one of the best and most memorable trips I’ve ever had, and I would love to come back again!",2026-01-12T07:16:51.604Z
Sipadan Kapalai Dive Resort,5/5,,"Very good, we enjoy every moment there.",2025-12-29T23:59:59.999Z
Sipadan Kapalai Dive Resort,,5.0,,2025-12-24T09:04:58.807Z
The Taaras Beach & Spa Resort,,1.0,"You don’t need to read every review to understand the problem. The Taaras Beach & Spa Resort feels closer to a barely 1-star hostel than a luxury resort, with service that is almost nonexistent.

The price is completely unjustifiable for the experience delivered. The rooms were dirty, smelled bad, and felt neglected, almost as if no proper cleaning or maintenance had been done for a long time. For a resort charging premium prices, that is unacceptable.

Staff attitude was lazy, careless, and unhelpful. If food runs out, it simply runs out, with no proper solution, apology, or accountability. The whole experience felt poorly managed, disorganized, and frustrating.

At times, it honestly felt like a “Hunger Games” version of hospitality, where guests are left to fend for themselves.

Beautiful location, maybe. But service, cleanliness, value, and basic guest care? Extremely disappointing. I would not recommend it.",2026-05-12T03:24:31.866Z
The Taaras Beach & Spa Resort,,5.0,"We spent our anniversary at The Taaras Beach & Spa Resort and had an amazing experience overall. This was already our fifth stay at this beautiful resort, which says a lot about how much we enjoy this special place.

The location is truly a gem — the bay is stunning, the beach remains one of the most beautiful in Malaysia, and the staff are exceptionally friendly and welcoming. We will definitely return again.

That said, there are a few areas that deserve attention and improvement.

The general condition of the resort shows signs of aging and a major renovation is becoming necessary. The old roofing with visible discoloration gives parts of the resort an outdated feeling. The pool area also needs refurbishment, especially the bridge near the pool, which looks worn and old. A general revamp would greatly elevate the overall luxury experience.

The location alone cannot guarantee long-term success if maintenance and modernization are not prioritized. Considering the room rates range between RM2,500 and RM4,500 per night — making Taaras one of the most expensive resorts in Malaysia — guest expectations are naturally very high.

For these prices, I expected more attention to detail, especially regarding food and beverage quality. Breakfast should include genuinely fresh-squeezed orange juice, not artificial juice labeled as “fresh.” Small upgrades can make a huge difference in perceived luxury. Offering Prosecco at breakfast, as commonly found in many European 5-star hotels, would also elevate the experience significantly. If the resort wants to compete in the “Champions League” of luxury hospitality, serving cordial drinks at breakfast should be reconsidered.

Ratings:
• Rooms (excluding Garden Suite): 9/10
• Breakfast: 7/10
• Beach: 9.5/10
• Facilities: 9/10
• Staff Friendliness: 9.5/10
• Italian Restaurant: 9.5/10
• Asian Restaurant: 7/10
• Cove Restaurant: 8/10

Overall, I would rate the resort 8/10. There is still plenty of room for improvement, and I truly hope to see a major revamp in the coming years because this property has the potential to be among the very best luxury beach resorts in the region.

Special thanks for their tremendous hospitality:

Mr Bryan
Mr Nazri
Ms Siti
Mr Saiful (extra ⭐️)
Mr Fadzli
Mr Dino",2026-05-09T05:49:34.555Z
The Taaras Beach & Spa Resort,,5.0,Nice,2026-05-09T03:19:53.618Z
The Taaras Beach & Spa Resort,5/5,,Taaras是热浪岛上唯一的一家五星酒店，综合体验非常好，服务也很周到。我在岛上一共待了四天三晚，入住的处处细节都让人很舒服。|酒店有很多会中文的工作人员，美玲、Cara Cheong在我们整个行程中提供了很大的中文帮助。我们意外受伤，需要去岛上医院问诊时，酒店方面全程陪护，美玲也一路陪护我们完成问诊流程，帮我们翻译沟通，引导办理全部就医事宜。|另外，在餐厅遇到的Saiful也非常有趣，我们在Taaras的一顿饭都有他的陪伴，他还特意为我们的生日晚餐准备了惊喜。离别之际特别让人感动，他也是我在这里结识的最有趣的朋友。在Taaras度过的这些日子，是一次让我十分难忘的海岛假日，有机会我一定会再来！,2026-05-05T23:59:59.999Z
The Taaras Beach & Spa Resort,5/5,,Très bel endroit.  Plage magnifique. |Très bon hôtel avec d'excellents services et un personnel professionnel et adorable. |Merci beaucoup pour ce séjour !,2026-05-05T23:59:59.999Z
The Taaras Beach & Spa Resort,,1.0,"I would give this hotel 0 stars if I could. Do not waste your time and money going here.

We booked a cliff suite for two nights. I’ll start with the positives - the view is nice and the water is blue and clear. The staff are friendly.

Now for the negatives:

We arrived to a chaotic reception and waited for a few hours for our room (257) to be ready. After we were told by the reception desk that our room wasn’t ready we gathered our belongings in the reception where we were immediately pounced on by the spa manager who handed each of us a treatment menu and stood over us while we looked at it. After we declined, we waited on sun loungers on the beach. There is a buzzer to the bar to order drinks - we buzzed and someone came after about 20 minutes. No urgency, definitely no luxury. Sitting by the pool wasn’t an option as there wasn’t anywhere inviting to sit. Even if there was, the loungers face into the main hotel restaurant (why?) and the pool is not nice to look at.

When our room was ready we went back through to reception - which was still chaotic and loud - we were loaded onto a buggy with other families and taken to our room. It felt more like a cattle lorry than a 5* resort buggy. The reception staff also informed us that we would need to turn on the hot water 10-15 minutes before using the shower, which was surprising for a resort of this alleged ‘quality’.

Upon entering our room we were hit by a really foul smell. There were hairs on the floor and in the sink, and stains on the pillows and bed sheets. We told the reception desk that we were going for lunch and requested that housekeeping return to the room.

We ate lunch at the Asean restaurant. We both ordered king prawn fried rice which arrived without the prawns and was clearly cooked in dirty old oil. This cost £25. We didn’t return. There were screens all around the restaurant and in reception advertising activities turtle hatching (which wasn’t really what I wanted to watch while eating) - very tacky.

We went back to our room which had been re-cleaned but still had a foul smell. Everything looks tired and dirty. We saw monkeys riffling through (clean) bed sheets and towels, so it’s no wonder. Our towels had brown marks on them and need replacing desperately. The water pressure in the room was terrible, and the air con units urgently require replacing (along with everything else). It’s hard to articulate but it really just felt like a budget hotel.

At this stage we informed the front desk that we would be checking out the following morning and we made new travel arrangements. They offered to upgrade our room but we had seen enough (I think we had booked the most superior room type anyway) so politely declined. We ate dinner at a restaurant just outside the resort called Aima Grill Fish Restaurant (unconnected to the hotel) which was far better than the food we ate at lunchtime. We skipped breakfast and left the next morning. We have never left a hotel early before. They offered to refund the second night - I’ll update this review if the refund doesn’t end up materialising.

Although the view from our room was nice, having been on the beach we had seen quite a lot of rubbish both in the sand and the sea. In particular we noticed that the staff who stand near the towel counter leave their cigarette butts in the sand (when there is a bin close by) which explains why they are all over the beach. There is also a problem with sand flies - other people were covered in bites and there were notices about the sand flies on the beach and in our room.

Everything is either old, tired, broken or a combination of these things. I’m not entirely sure where the money is spent (our 2N stay cost nearly RM5800) but it is most certainly not on the hotel, hygiene or the guest experience. It is so gross.

At best this is a 2* resort masquerading as a luxury hotel. It is a complete rip off and we will never return or recommend it to anyone.",2026-05-05T09:24:38.097Z
The Taaras Beach & Spa Resort,,5.0,worth  the  money,2026-05-05T05:50:27.641Z
The Taaras Beach & Spa Resort,,4.0,"1. Must praise all the staffs. They are excellent from house keeping to receptions to all the restaurants / cafes and recreations team . Keep up the good work.
2. Welcome drinks and snacks are wonderful surprise. Beautiful kept beach. Thumbs up.
3. Lobby and games foyer, badly ventilated even there were two air cooler placed. But not turn on and no water filled. Mahjong provided have missing tiles.
4. Showers provided at wash area around the swimming pool and beach are horrible. Water trickle and can't have a proper wash from the top only can wash feet using the tap below it.
5. Breakfast buffet range can be better.",2026-05-05T05:04:24.382Z
The Taaras Beach & Spa Resort,5/5,,海景还不错，这次住的花园房有客厅比较大，餐厅只有印度菜比较好吃其他一般、没吃到啥让人印象深刻的菜，员工微笑服务做的比较好，但客房服务很一般，有需求打电话给客房服务响应速度很慢很慢…宾客体验主管Bryan人很好，只要跟Bryan说都可以处理的很快，全靠Bryan加的分。,2026-05-04T23:59:59.999Z
The Taaras Beach & Spa Resort,5/5,,独享一片沙滩，位置绝佳，沙滩边就有餐厅，客房设施稍旧但也不影响体验，房间外有很多猴子，蜥蜴，会提醒注意猴子会抢东西哈哈哈哈。环境好服务热情周到，贴心细致，入住体验极佳。负责接待我们的哈姆丹工作人员友善耐心，随叫随到，服务超暖心。,2026-05-03T23:59:59.999Z
Berjaya Tioman Resort - Malaysia,,2.0,"This photo really represents this hotel, it’s in need of some restoration and all the facilities need a face lift. On the downside, the pool bar had no sprits, they had run out of gin, vodka and only had whisky and beer. There is no pool snacks either so if you have kids, not ideal. The house keeping forgot to give us fresh towels despite asking. Food in restaurant is below average. However, very beautiful surroundings and boat trips are good. Whole place needs a massive makeover",2026-08-09T05:29:38.689Z
Berjaya Tioman Resort - Malaysia,,4.0,,2026-08-09T02:46:32.070Z
Berjaya Tioman Resort - Malaysia,,5.0,A cool place to rejuvenate to recharge energy!,2026-08-09T02:06:34.300Z
Berjaya Tioman Resort - Malaysia,,3.0,,2026-08-09T01:46:27.316Z
Berjaya Tioman Resort - Malaysia,,4.0,"Overall the staff were friendly and attentive !
Beautiful beach, clean fine sand.  The sea turtle sanctuary (40 minutes walk from resort ) is good !

Want to call out the yoga instructor, Mei.  Mei is experienced, she pays attention to our posture and guide us through.  One of my most enjoyable activities in the resort.  Photo taken by Mei !",2026-08-08T04:48:43.259Z
Berjaya Tioman Resort - Malaysia,,2.0,,2026-08-08T03:20:31.333Z
Berjaya Tioman Resort - Malaysia,,1.0,"i admit that the scenery is beautiful.
BUT
We got bite by the bed bugs (i have provide my photos to proof this). The beds cleanliness really not good at all. Please improve your bed cleanliness and the bathroom really dirty with a lot of insect under the vanity sink i am really speechless. Please upgrade the interior room maintenance as well!

And for the services of the buggy car really very very bad services! We have told to waited for awhile so many times, and getting more people waiting too, and lastly waited until 25 minutes+- and still not come to pick us up. After that we walk to the reception and saw all of them (car) is just there. What is the purpose that we stay here without any comfortable nor convenient services to customer?",2026-08-06T07:48:52.333Z
Berjaya Tioman Resort - Malaysia,,5.0,"We had an absolutely wonderful stay at Berjaya and couldn't have asked for a better holiday experience.

From the moment we arrived, we were delighted to be upgraded to a beach view room. Waking up to those stunning views every day made our stay even more special. The beds were exceptionally comfortable, ensuring we had a great night's sleep after each day's activities.

The service from the housekeeping team was outstanding. When we mentioned a damp smell in the room, they responded immediately and changed the sheets and comforter without hesitation. Their promptness and attention to detail were truly appreciated.

The activities were a definite highlight of our trip. The snorkeling excursions were fantastic, and swimming alongside black tip sharks was an unforgettable experience. We also loved visiting the turtle conservatory. Everything was so well organized that we were able to see and do far more in a short period than we ever could have managed on our own.

A very special thank you to Melvin, who went above and beyond to ensure we had the best possible experience. He was incredibly accommodating, attentive, and generous with his time, making sure every aspect of our stay was enjoyable and memorable.

Overall, this was an extremely memorable holiday filled with amazing experiences, excellent service, and wonderful hospitality. Thank you very much, Berjaya, for making our trip so special. We look forward to returning in the future! 🌴🐢🏖️",2026-08-03T09:42:09.720Z
Berjaya Tioman Resort - Malaysia,,3.0,"Le Resort est un établissement qui a sans doute connu de très belles années, mais qui, aujourd’hui, souffre d’un manque d’entretien visible. Les infrastructures sportives donnent l’impression d’être progressivement abandonnées. Même des activités simples comme le ping-pong sont facturées, ce qui est assez surprenant pour un resort.

Le restaurant propose des tarifs plus chers et moins raisonnables par rapport au coût de la vie en Malaisie. Le service montre rapidement ses limites : dès qu’il y a plus de trois ou quatre commandes en même temps, l’attente s’allonge considérablement. Le personnel reste courtois et poli, mais il est assez réservé et les échanges sont plutôt limités.

Nous avions un bungalow avec une magnifique vue sur la mer, ce qui est un vrai point fort. En revanche, l’intérieur mériterait une rénovation, notamment la salle de bain, dont la baignoire semblait dater d’une autre époque. C’est d’autant plus regrettable que d’autres chalets, visiblement plus modernes et mieux entretenus, étaient fermés durant notre séjour.

Heureusement, le cadre naturel rattrape en grande partie ces défauts. La mer est magnifique, la plage est superbe et très agréable, offrant un environnement idéal pour se détendre.
Avec un meilleur entretien des installations et une modernisation des hébergements, ce resort pourrait retrouver tout son potentiel.

⚠️ En dehors du resort un resto aussi coûteux que celui du resort !  Préférez celui du resort …",2026-07-31T03:53:46.976Z
Berjaya Tioman Resort - Malaysia,,3.0,"Unser Zimmer war klein und abgewohnt, lag dafür aber direkt am Strand. Es gab auch modernere Zimmer in der gleichen Preisklasse, die aber weit ab von Allem lagen.  Das Personal ist freundlich aber auch reserviert. Man hat nicht unbedingt das Gefühl, dass der Servicegedanke verinnerlicht wurde. Das Frühstück ist reichlich und gut. Das Restaurant ansonsten Max. Durchschnitt und deutlich teurer als wir es bisher in Malaysia erlebt haben. Sicherlich ist das kein 4* Ressort, maximal 3*.",2026-07-30T05:18:19.589Z
Sipadan Kapalai Dive Resort,,1.0,Restaurant Worker Very Bad Service ，We ask something to them anthing also dunow and just reject us if dunow dont work lah，Managenmt pls take reposible it was very spoild mood which the restaurant side service 👎🏻👎🏻and smoked duck salad only salad ………,2025-12-08T07:12:46.934Z
Sipadan Kapalai Dive Resort,,5.0,Thank you very much,2025-12-08T02:13:47.398Z
Sipadan Kapalai Dive Resort,,5.0,"Resor ini menghadirkan pengalaman menginap yang sangat unik dengan suasana laut yang begitu dekat dan menenangkan. Akomodasinya berdiri di atas air, memberikan pemandangan jernih yang memukau dari setiap sudut. Kamar tertata rapi dan nyaman, sementara area sekitar terasa damai dengan angin laut yang lembut. Pelayanan staf ramah dan membantu, sangat mendukung aktivitas menyelam maupun sekadar bersantai menikmati ketenangan alam.",2025-12-07T08:00:07.523Z
Sipadan Kapalai Dive Resort,4.2/5,,"Love the mapping of the resort, nearby distance and everything is nice. However, the food is no good. 85% of tourists from china. The food were still Malay style..hope the management can do something about it. Overall the stay is good. Keep it up. Good job",2025-11-28T23:59:59.999Z
Sipadan Kapalai Dive Resort,,1.0,como puedo contactar oara hacer una reserva en vuestro resort?,2025-11-24T12:49:15.404Z
Sipadan Kapalai Dive Resort,,5.0,,2025-11-24T05:18:26.331Z
Sipadan Kapalai Dive Resort,,5.0,,2025-11-14T09:51:50.577Z
Sipadan Kapalai Dive Resort,,4.0,"房間挺大的室內有吧檯區、衣櫃，及戶外陽台，浴缸及室外淋浴區，入住2天其中一天下大雨室內有好些區域漏水嚴重，希望未來能修繕的更好，畢竟是老牌渡假村了。其實整體服務很好，還可以幾乎隨時享用點心跟咖啡茶飲。
我們有付費去划獨木舟下水後才知道可活動範圍很小，透明獨木舟的材質很軟，有種令人心驚的感覺，不推薦。
潛水中心的浮潛區下水就有魚群，水下的生物群很豐富，第一晚就可及距離觀察燕魟跟大海龜，海蛇也很肥美。
總體是個令人感到放鬆愉悅的渡假村。在不同的角度可以欣賞早晨的日出及傍晚的日落。",2025-11-14T07:49:07.302Z
Sipadan Kapalai Dive Resort,,3.0,Food is not good since so higher price for the resort .,2025-11-11T00:51:16.552Z
Sipadan Kapalai Dive Resort,,5.0,,2025-11-05T22:14:04.231Z
The Taaras Beach & Spa Resort,,5.0,A nice holiday getaway for healing and relaxing. That is why I repeat for third times.The fire show by the beach on Saturday night was good to watch. There was a prayer mat and 'Kiblat' signage in my room (Garden Suite) which I appreciate so much. Thank you The Taaras Beach and Spa Resort Redang Island.,2026-05-03T18:07:00.407Z
The Taaras Beach & Spa Resort,,5.0,"Amazing beach getaway. We had a great time, and it was so peaceful after playing on the beach and seeing turtles.",2026-05-03T14:43:38.391Z
The Taaras Beach & Spa Resort,,1.0,"The service is no service, we wait for transportation to bring us back from the port to the resort after snorkeling over 45minutes. The BBQ night was booked, which means they should know how many pax, but the food is not enough and they do not add on immediately after finished. Very bad services due to lack of staff. This resort is not cheap at all, it's expensive. Should hire more staffs to enhance the service. More staffs please!",2026-05-03T01:51:20.824Z
The Taaras Beach & Spa Resort,,2.0,"Bad arrangement for transportation, took us a very long time (close to 45minutes waiting at the pier despite boat crew called to ask for vehicle 10minutes before we arrive the pier after snorkelling excursion) go back to the resort. Information from the staff were not uniform, some told us different time for the activities and various gathering place. Experienced the wrong timing being told for BBQ night buffet too, started at 7pm but told us 8pm, we were there around 7:45pm and most of the bbq were empty where we required to wait for the refill that takes forever. The price we pay doesn't justify the quality of the service 🙂‍↔️

Rooms are clean and well maintained, that is the only good point about this place.",2026-05-02T14:54:28.509Z
The Taaras Beach & Spa Resort,5/5,,Alhamdulillah. Service terbaik dari The Taaras terutamanya Encik Hamdan. Reply whatsapp sangat laju jika ada apa2 keperluan🤲🏻. Tidak lupa juga kepada Encik Saiful yang melayani kami dari first sampai hari akhir kami di sini. 😁,2026-05-01T23:59:59.999Z
The Taaras Beach & Spa Resort,,5.0,Assolutamente SPETTACOLARE! il posto è magico con una spiaggia di sabbia bianchissima e mare stupendo! Le camere grandi e pulite. Il personale sempre sorridente e gentile. Massima disponibilità. Il nostro referente Bryan molto professionale e sempre di aiuto per ogni richiesta. Il cibo è vario e tendenzialmente speziato come la cucina locale. Ci ritorneremo!,2026-04-27T08:15:34.590Z
The Taaras Beach & Spa Resort,5/5,,这个澡很安静，海水很清澈房间虽然设备老了点，但是空间还可以还挺干净，这个xing兄弟服务特别好，会中文推荐大家跟他联系，让他做我们的向导下次还会找他。,2026-04-25T23:59:59.999Z
The Taaras Beach & Spa Resort,,5.0,"I had a lovely stay at The Taaras Beach & Spa Resort. The staff hospitality was truly outstanding—from check-in all the way to check-out, everyone was warm, attentive, and welcoming.

We really appreciated the early check-in, which was superb, especially since we were quite tired travelling with a child. It made a big difference and allowed us to settle in comfortably.

The beach is absolutely amazing—clean, beautiful, and very serene. I also really loved the room; it was comfortable and perfect for a relaxing getaway.

That said, there are a couple of areas for improvement. The shallow pool could use some maintenance, and Room 127 had an intermittent unpleasant smell coming from the toilet flushing system in the evening but not really bothering

Overall, it was still a wonderful experience, and I’d definitely consider coming back.",2026-04-25T09:22:45.623Z
The Taaras Beach & Spa Resort,5/5,,"Superschönes Hotel, perfekter Service. Wunderschöner Strand. Feines Essen. Einfach einmalig. Sehr nette Angestellte, besonders Bryan, welcher uns tolle Ausflüge organisiert hat, war super. Auch viele Kellner/innen waren sehr toll. Werden sicher wiederkommen. Die Schildkröten muss man unbedingt schützen. Super schöne Ferien.",2026-04-24T23:59:59.999Z
The Taaras Beach & Spa Resort,5/5,,非常好的一次休假和放松，无论住宿，环境，服务，态度都是天花板级别的存在。尤其感谢这里的服务管家哈姆丹，更是服务没得说。,2026-04-23T23:59:59.999Z
Berjaya Tioman Resort - Malaysia,,1.0,"Let's just say the best part of this resort is the buggy team. Friendly, cheerful, and always welcoming. Everything else, especially the resort itself, is unfortunately underwhelming.",2026-07-29T23:44:49.111Z
Berjaya Tioman Resort - Malaysia,,3.0,"Period: 16th - 18th July 2026
The Good
1. Helpful and courteous staff
2. Good location - nestled between the sea and hills.

The Bad
3. Food was not up to mark. Being a Malaysian, I was disappointed with their local fare - nasi goreng and nasi lemak are basic Malaysian dishes that you should be able to do well.
4. Hotel rooms and surrounding buildings look jaded and not well maintained. If you are charging customers a premium, then some of that should be re-invested into the upkeep and maintenance of the resort.
5. The main road within the resort compound stretching across ~ 300 metres is not sheltered (not landscaped accordingly) and leaves you at the mercy of the elements.
6. The ""complimentary"" snorkelling trip was supposed to be at Pulau Renggis (as informed by the staff at the recreational centre). We were instead shuttled to the ""marine park"" at the nearby jetty. There was very little to see. So, it was a huge disappointment.

Advice to future visitors
7. Dine at the restaurant right outside the main gate, beyond the small bridge. Alcohol is also cheaper there - duty free rates.
8. PLEASE DO NOT rent your motorcycles from the 3rd party operators outside the resort. They will try to con you by accusing you of dropping their bike or breaking something.",2026-07-27T07:21:21.449Z
Berjaya Tioman Resort - Malaysia,1/5,,"Wij zijn hier zes nachten geweest. Na dag drie ben je wel gewend aan alle imperfecties. Maar zuur is het wel. Dit resort zou eigenlijk voor een paar maanden dicht moeten om gerenoveerd te worden. |Ik heb de dag van aankomst een e-mail gestuurd naar het management maar nog geen reactie op gekregen. |De locatie is overigens perfect, je loopt de zee in en je kan snorkelen. |Alle andere accommodaties waren uitverkocht helaas. |Het schijnt dat de beach villa’s gerenoveerd zijn maar waren niet beschikbaar voor drie personen. |Het restaurant is ondermaats voor Maleisische begrippen, heel veel zaken zijn uitverkocht (geen witte wijn te verkrijgen en veel cocktails die op de kaart staan ook niet)|Het personeel doet zijn best maar hier mag echt eens naar het management gekeken worden.",2026-07-26T23:59:59.999Z
Berjaya Tioman Resort - Malaysia,,5.0,We enjoyed our stay very much. The staff is amazing and we absolutely loved the daily yoga classes of instructor Mei right next to the sound of the waves and the birds.,2026-07-26T23:40:23.755Z
Berjaya Tioman Resort - Malaysia,,3.0,"Overall the room is clean, but the things here are quite old. There is only 2 plugs in the whole room which i think is insufficient, so if you’re planning to come over, do bring an extension wire on your own if needed. Fridge is quite old and dirty. The buggy service is quite efficient. If you’re planning to come for the water activities, do bring your own towel as the resort doesn’t allow to bring it out of the room. The buffet food needed to be improve, not a 4-star resort standard, buffet food options are too limited, but they will change the menu daily so you wouldn’t eat the same food. I’ve ordered the ala carte menu, it tastes much better than the buffet. The games room doesn’t have aircond, while the gym room does have aircond. We were sweating while playing in the games room. The cocktails and bar closed quite early, even the gift shop opens until 10pm but the pool bar already closed. If you want to enjoy the pool bar, it’s from 11am - 7pm only.",2026-07-26T01:56:35.372Z
Berjaya Tioman Resort - Malaysia,,5.0,,2026-07-25T13:10:12.156Z
Berjaya Tioman Resort - Malaysia,,1.0,"I was quite disappointed with family stay. While the berjaya resort located at a beautiful location, the buildings and rooms are very old and show significant signs of ageing. Considering the premium price charged, I expected the facilities to be much better maintained or renovated.

Another disappointment was the dining. Agoda's booking page only included breakfast, which I didn't notice when making the reservation. As a result, I had to pay extra for lunch (RM65++ plus 10% SST) and dinner (RM80++ plus 10% SST), making the overall stay much more expensive than expected.

Compared to many newer resorts that offer more modern facilities, better value, and more competitive meal packages, I don't feel this resort justifies its pricing. Overall, the experience did not meet my expectations, and I left feeling disappointed.

P/s: we also experienced frequent power outages throughout our stay, which was quite inconvenient and further affected our sleep and overall experience.",2026-07-24T09:32:06.012Z
Berjaya Tioman Resort - Malaysia,,4.0,"Lovely place if you are into snorkeling and diving
Food was ok
Wish there were more vegetarian protein food
Chinese vegetarian would be great
Bar wasn’t equipped at all
It will be great if there were live music in the evenings
The yoga instructor Mei was wonderful
Overall it was a pleasant experience but amenities can be improved
Front office staff, buggy drivers and the spa center people were wonderful
Felt with the price we paid, we could have had more … more vegetarian food, a fully equipped bar and live music would be a bonus",2026-07-24T04:42:08.751Z
Berjaya Tioman Resort - Malaysia,,3.0,"We stayed here for 3 nights. It has been many years since we were last here. It was a disappointing stay; the room and facilities were old & jaded, bed was uncomfortable, linen old, beach bar looks worn out. Food at restaurant was poor, breakfast was min standard though big enough range. Good points - sprawling facility, friendly staff, beautiful beach, easy access to town though location is away from Tekek center. So all in all, not a value for the room price. Not many other choices though.",2026-07-24T02:44:45.919Z
Berjaya Tioman Resort - Malaysia,,1.0,"The snorkeling experience was extremely disappointing.

We booked a private boat and informed the hotel in advance that we would be bringing young children. The hotel assured us that each boat only had a captain, but that the captain was experienced and would provide assistance. For safety reasons, we also paid extra to have an additional instructor accompany us.

However, throughout the entire snorkeling trip, the instructor only gave a brief explanation on how to wear the mask and use the snorkel. Beyond that, there was no further guidance at all. For example, there was no safety briefing for first-time snorkelers, no explanation of proper breathing techniques, and no advice on what to do in case of difficulties or emergencies.

Even more disappointing, the captain did not say a single word throughout the trip. He never entered the water and did not provide any assistance. Some members of our group had never snorkeled before and were left to figure everything out on their own.

Compared with the snorkeling experiences we have had elsewhere, the service here was far below the expected standard and was extremely disappointing.",2026-07-23T05:49:06.367Z
Sipadan Kapalai Dive Resort,,5.0,One of the best resort in Malaysia 🇲🇾,2025-11-03T14:49:35.288Z
Sipadan Kapalai Dive Resort,,5.0,Una experencia unica. Fantastico. Entre de tortugas gigante y peces exoticos. Recomendable💯. Personal muy amable y buena comida.,2025-11-01T09:32:40.443Z
Sipadan Kapalai Dive Resort,,5.0,"FUIMOS PARA 3 NOCHES ,ES UN RESORT MUY DETALLOSO BONITO ,Y UNA ATENCION 10,LO RECOMIENDO .NATURALEZA  INCREIBLE.",2025-11-01T09:28:35.237Z
Sipadan Kapalai Dive Resort,,5.0,,2025-10-27T02:46:10.296Z
Sipadan Kapalai Dive Resort,,5.0,Saya nak pergi ke sini lagiii seronok gila 😍hotel dia selesa sangatt dekat ngan pantai 👍🏻,2025-10-25T11:41:32.238Z
Sipadan Kapalai Dive Resort,,1.0,Everything fine. Except the worker’s service attitude. It is bad,2025-10-23T05:13:04.389Z
Sipadan Kapalai Dive Resort,4.2/5,,We enjoyed our 3D2N stay at here. The sea is incredibly clean.,2025-10-14T23:59:59.999Z
Sipadan Kapalai Dive Resort,,4.0,非常舒服的渡假村，在資源取得不易的海中間能有這樣的設施很不容易，隨處可見海洋生物，海龜、魟魚、梭魚、海蛇等等，唯一美中不足就是熱水不是很穩定，有時候會洗到冷水,2025-10-09T00:08:45.289Z
Sipadan Kapalai Dive Resort,,5.0,Mukemmeldi ❤️ okyanusun ortasinda su uzeri villada canlilari dogal ortaminda gozlemleyerek konaklamak mukemmeldi. Aksam oldugunda vatoz kaplumbaga gibi canlilar resmen dans ediyor 🥲,2025-10-05T14:39:05.054Z
Sipadan Kapalai Dive Resort,,5.0,,2025-09-26T23:23:53.364Z
Berjaya Tioman Resort - Malaysia,,5.0,"外观以前古代的建筑风格 4.0
里面的氛围一般比较旧的 4.0
服务还行 4.5
地理位置很好 4.8
酒店吃的方便，我最多可以打3.8分
这个是我个人的看法
跟着我的脚步 你不会迷路😂",2026-07-22T05:24:16.565Z
Berjaya Tioman Resort - Malaysia,,3.0,"Generally ok. Just the Support and Service is to be improved. Asked about the ferry and how to get from the ferry to the hotel. But they told me that is the guests problem! The pool definitely is very old, so the picture on the Website are quite misleading. + there are quite often no towels at the pool. (No sorry, no let me habe a look....) Regularily the For the most things there you have to pay extra. The food is quite expensive compared to the average and quality ( and f.ex. the mango lassi, is just ice cream blended with ice. Not a mango lassi. If youre looking for a nice experience just get a nice appartment at the sea and dont go to the resort bajaya!",2026-07-22T03:44:47.143Z
Berjaya Tioman Resort - Malaysia,,5.0,,2026-07-21T05:57:09.602Z
Berjaya Tioman Resort - Malaysia,,5.0,Suasana yang tenang views yang cantik makanan layanan yangmemuaskan👍,2026-07-19T15:48:10.050Z
Berjaya Tioman Resort - Malaysia,,5.0,"Amazing accomodations, AADD is the best restaurants",2026-07-17T09:48:32.759Z
Berjaya Tioman Resort - Malaysia,,5.0,"The sun is nice and sweet, less oily, although the sand are slightly saltier than seawater, strongly recommended.

I wet my pants throughout the whole stay, you’ll know how good it is 👍🏻👍🏻",2026-07-16T12:05:36.586Z
Berjaya Tioman Resort - Malaysia,,5.0,コテージから海岸へダイレクトへ行けます,2026-07-14T19:22:13.722Z
Berjaya Tioman Resort - Malaysia,,5.0,,2026-07-13T14:00:15.632Z
Berjaya Tioman Resort - Malaysia,,1.0,"I don’t usually leave reviews, but this resort really earned one.

For a place that charges premium prices, I wasn’t expecting to sleep on a bed with its own crater. The mattress was so badly sagging that we had to ask the staff for an extra duvet just to make it somewhat bearable. Apparently, that’s the solution.

Now, let’s talk about the food. We ordered the steak and lamb rack, both around RM99 each. Honestly, I’ve had RM20+ lamb chops from food courts that tasted much better. The lamb had an unpleasant smell, the meat was poor quality, and the entire meal was nowhere near worth the price. It felt like paying RM99 for disappointment.

We then mentioned it to the chef, who seemed completely unfazed. I understand he may not have the authority to remove it from the bill, so  I believe the responsibility falls on the management.

The only thing that exceeded expectations was the buggy service. The buggy staff were friendly, helpful, and honestly the highlight of the entire stay.

Overall, this resort did not live up to its pricing or expectations, and I wouldn’t recommend it based on my experience.",2026-07-12T13:38:26.126Z
Berjaya Tioman Resort - Malaysia,,5.0,"Best resort in tioman! Loved the hospitality, snorkelling, resort and kayaking! Many thanks to Alia for upgrading our room and ensuring we had a wonderful stay!",2026-07-12T04:06:57.432Z
The Taaras Beach & Spa Resort,5/5,,Paradisiaque 🤍🤍|L’hôtel est juste magnifique et le personnel au top ❤️merci à Hamdan rajab pour tout 🙏,2026-04-23T23:59:59.999Z
The Taaras Beach & Spa Resort,,4.0,,2026-04-21T23:30:10.720Z
The Taaras Beach & Spa Resort,4.7/5,,"Stayed here for 3 days and booked the Cliff Bay Suite for my husband’s birthday, honestly it was such a memorable experience.From the start, everything felt well taken care of. A manager, Mei Ling was assigned to assist us, which made things very smooth. We arrived early and they kindly offered early check-in at 12PM-ish, so I could settle in and even continue working from the room, perfect little “work from hotel” moment.We were welcomed with tea, and when we entered the room, the aircond was already turned on, super cooling and refreshing after the journey. They also prepared a birthday cake with a sweet message on the table, which made the surprise feel complete.The room itself was beautiful, we got one of the highest floors, and the view was just amazing. Waking up to that ocean view really hits different.Amenities were top tier. They provided L’Occitane for shower, shampoo, and lotion, didn’t even need to use my own. Requested a refill the next day and they sent it over quickly in the morning, very efficient.The private beach is stunning and not crowded at all, which I really appreciated. Plenty of activities available too, free kayak, outdoor gym, and they can arrange dinner setups and snorkeling trips for you.Transport was also seamless, they picked us up from Kampung Redang jetty and sent us back during checkout, so everything felt hassle-free.Breakfast was great overall, quality and taste were there, but the variety was slightly limited. I was expecting a bit more selection, but still a very enjoyable spread.Overall, the views, service, and experience were just beautiful. Definitely a place I would come back to again when visiting Redang 🤍",2026-04-19T23:59:59.999Z
The Taaras Beach & Spa Resort,,5.0,"An amazing resort. Beautiful view, clean beach, delicious food and the most wonderful team. Special shout out to the team at The Cove. Super friendly and always goes the extra mile. Love them!!!",2026-04-19T12:30:10.374Z
The Taaras Beach & Spa Resort,5/5,,"Selve stedet er af høj kvalitet, vi boede i en Garden Suite, som er et hus, hvor man enten har hele stueetagen eller hele første sal. Vi boede på første sal, med et fantastisk kik til strand og vand, mellem husene i forreste række. Vi nød meget at side der i fred og ro og kikke ud på vandet med en kaffe eller en drink.|Personalet var meget åbne, venlige og gjorde deres yderste for at hjælpe med at vi følte vi fik den perfekte ferie. |Vi fik tildelt Bryan Nicholas, som vores personlige hjælper (Guest experience executive), og han var ekstrem hjælpsom med alt hvad vi fandt på af spørgsmål og opgaver.|Vi kan kun tale pænt om alle i personalet, som alle sprang til og gjorde hvad de kunne for at vi fik den bedste oplevelse.||Vi var på 2 ture mens vi var der. En tur ud på havet og opleve solnedgangen, samt en tur ud for at bade/snorkling med havskildpadder. Begge dele kan varmt anbefales.||Vi spiste både i strandbaren, på den store restaurant samt den ""eksklusive"" - alle 3 steder med en god oplevelse og venlig omsorgsfuld betjening.",2026-04-18T23:59:59.999Z
The Taaras Beach & Spa Resort,,4.0,جميل جدا,2026-04-18T23:48:29.818Z
The Taaras Beach & Spa Resort,,5.0,"Ny anmeldelse 2026.04:
Selve stedet er af høj kvalitet, vi boede i en Garden Suite, som er et hus, hvor man enten har hele stueetagen eller hele første sal. Vi boede på første sal, med et fantastisk kik til strand og vand, mellem husene i forreste række. Vi nød meget at side der i fred og ro og kikke ud på vandet med en kaffe eller en drink.
Personalet var meget åbne, venlige og gjorde deres yderste for at hjælpe med at vi følte vi fik den perfekte ferie.
Vi fik tildelt Bryan Nicholas, som vores personlige hjælper (Guest experience executive), og han var ekstrem hjælpsom med alt hvad vi fandt på af spørgsmål og opgaver.
Vi kan kun tale pænt om alle i personalet, som alle sprang til og gjorde hvad de kunne for at vi fik den bedste oplevelse.

Vi var på 2 ture mens vi var der. En tur ud på havet og opleve solnedgangen, samt en tur ud for at bade/snorkling med havskildpadder. Begge dele kan varmt anbefales.

Vi spiste både i strandbaren, på den store restaurant samt den ""eksklusive"" - alle 3 steder med en god oplevelse og venlig omsorgsfuld betjening.
Fra 2024.04:Noget af den flotteste strand jeg har oplevet.
Fantastisk personale
Lækker mad",2026-04-18T05:53:04.620Z
The Taaras Beach & Spa Resort,5/5,,"Un très bon moment passé dans cet hôtel. Des gens très accueillants et souriants. Bryan Nicholas, le gérant d'expériences de l'hôtel était là pour toutes nos demandes via un WhatsApp. Il était très réactif et efficace. Merci à lui.||Quelques service payants qui pour moi devrait être gratuit dans un 5 étoiles, mais c'est un détail.||Pour le transfert par bateau, regarder sur internet cela vous coûtera beaucoup moins cher que celui proposé par l'hôtel.",2026-04-17T23:59:59.999Z
The Taaras Beach & Spa Resort,,5.0,Our stay Taaras was incredible. The staff is incredibly friendly and we felt very welcome. I would highly recommend trying the yoga classes. The instructor Amanda is very knowledgeable and truly sweet. She teaches classes tailored to all levels. Thank you Amanda and all the lovely staff 🧡,2026-04-16T06:43:58.179Z
The Taaras Beach & Spa Resort,,5.0,"Pristine turquoise water, white sandy beach with warmth hospitality and delicious food...we love it!! InsyaALLAH we will be back. The kayaking was superb!! Great job to Taraas Team",2026-04-16T01:51:13.058Z
Sipadan Kapalai Dive Resort,,5.0,another nice place to explore...,2025-09-25T03:21:21.432Z
Sipadan Kapalai Dive Resort,,5.0,"everything is okay, but there is no line (nevermind coz we just want to healing). staff is very friendly",2025-09-24T02:39:34.827Z
Sipadan Kapalai Dive Resort,,4.0,,2025-09-20T11:51:34.493Z
Sipadan Kapalai Dive Resort,,5.0,A luxurious escape vacation island in the middle of the sea.,2025-09-14T01:03:45.651Z
Sipadan Kapalai Dive Resort,4/5,,"Had a relaxing 4D3N surrounded with awesome view and lots of turtles and fish could be seen from the chalet.  Resort staff are welcoming, approachable and helpful.  Food provided was pleasantly prepared.  However, the public toilet need thorough cleaning & refurbishment, wifi to be made available, more lighting along all the walkways at night.",2025-09-13T23:59:59.999Z
Sipadan Kapalai Dive Resort,,5.0,Can see turtles right from your room,2025-09-11T03:24:55.103Z
Sipadan Kapalai Dive Resort,3.7/5,,"nobody answer the hotel phone and there is no way to reach this hotel accept through Trip. Not user friendly. we have made some wrong booking due to flight schedule issue. have tried to call many times to modify our date of stay but nobody answer our call. finally trip replied we cannot modify the date. this is very bad management as it is no last minute change, at least 5 days before the actual date. we have to scramble to reschedule our flight. very bad experience.",2025-09-10T23:59:59.999Z
Sipadan Kapalai Dive Resort,4/5,,"Loved being so close to nature—it was such a refreshing experience! The staff were extremely helpful and genuinely friendly, which made my stay even more enjoyable. The only thing that could be improved is the food, but overall, it was a wonderful escape.",2025-09-02T23:59:59.999Z
Sipadan Kapalai Dive Resort,,5.0,,2025-08-29T12:21:16.798Z
Sipadan Kapalai Dive Resort,,5.0,,2025-08-27T11:31:29.462Z
Berjaya Tioman Resort - Malaysia,,5.0,"I love it here, will return again in future",2026-07-11T13:27:16.603Z
Berjaya Tioman Resort - Malaysia,,5.0,"Stayed for a few days and nothing can describe my experience other than joy and satisfaction. The staffs are very thoughtful and helpful, the foods are excellent and the room and resort itself are comfortable and a treat to eyes",2026-07-10T10:28:23.662Z
Berjaya Tioman Resort - Malaysia,,5.0,,2026-07-10T10:10:59.845Z
Berjaya Tioman Resort - Malaysia,,5.0,"hemos estado aquí 5 días y nos ha encantado. estancia muy agradable y tranquila. el hotel ofrece una gran variedad de actividades desde buceo hasta excursiones por la jungla con guía muy profesional, experto en serpientes. Nadia y Alia han sido muy acogedoras y amables con nosotros. muchas gracias por vuestros servicios y ayuda! volveremos!",2026-07-10T02:23:19.182Z
Berjaya Tioman Resort - Malaysia,,5.0,"Saya puas hati sangat menginap kat sini. Resort bersih, bilik selesa pastu suasana tenang. Staf semua mesra dan layanan memang terbaik. Makanan pun sedap, servis cepat dan memuaskan. Memang tempat yang sesuai untuk bercuti. Insya-Allah akan datang lagi!",2026-07-09T12:15:32.498Z
Berjaya Tioman Resort - Malaysia,,5.0,"It's been a while since I last came here. The resort has a peaceful and relaxing atmosphere. The room are clean and spacious. The food was good too. The view was beautiful. I enjoy watching the sunset. The staff was friendly and helpful too. We had a great time here.

Thank you for the great experience. We had a really wonderful stay and would love to come back again.",2026-07-09T11:49:08.347Z
Berjaya Tioman Resort - Malaysia,,5.0,"First time here with my friend and we loved our time at Berjaya Tioman. I love the lush forest view from the resort. The beach is well-kept especially the sunset view is the most beautiful , we joined a snorkeling and saw so many colourful corals, fishes and turtles 🐢🐠🐬 Staff were friendly, always smilling and willing to help. Highly recommended resort with many activies to play, i would definitely love to come back again 😍😍",2026-07-09T09:14:25.729Z
Berjaya Tioman Resort - Malaysia,,4.0,,2026-07-09T04:01:24.219Z
Berjaya Tioman Resort - Malaysia,,5.0,"nice place ,🥰",2026-07-08T14:33:57.311Z
Berjaya Tioman Resort - Malaysia,,5.0,"staff friendly
nice place nice view
service tiptop
room view so nice
recomendation for healing",2026-07-08T14:21:27.567Z
The Taaras Beach & Spa Resort,,5.0,"A Breathtaking Paradise with Exceptional Service

Our stay at Taaras Beach Resort in Redang was truly unforgettable. What an experience.

First of all, the location is absolutely breathtaking. Surrounded by crystal-clear waters and lush nature, it feels like a hidden paradise. The villas are spacious, spotless, and incredibly comfortable, making it a perfect place to relax and unwind.

On the resort, you’ll find everything you need. There are several excellent restaurants, including a Nepalese and an Italian restaurant. The food was absolutely delicious. You can even order anything you like straight from your beach bed. Nothing is too much to ask for the staff.

What really made our stay exceptional, however, was the team. Everyone was kind, attentive, and always willing to go the extra mile to help. A special thank you to Bryan, who organized all our trips and tours during our stay. Everything was perfectly arranged and completely stress-free.

We would also like to express our gratitude to Eddy, the driver who has been working at the resort for over 30 years. He is such a warm and cheerful person, and he truly added something special to our holiday.

We sincerely hope to return to this beautiful resort again soon.

Khalid and Jane",2026-04-15T08:49:00.614Z
The Taaras Beach & Spa Resort,5/5,,"Amazing experience! Room is clean, food is nice, breath taking beachfront. Would love to come back",2026-04-13T23:59:59.999Z
The Taaras Beach & Spa Resort,,5.0,,2026-04-13T00:36:41.377Z
The Taaras Beach & Spa Resort,,5.0,,2026-04-12T13:03:37.084Z
The Taaras Beach & Spa Resort,,5.0,"Would like to give a shout out to Amanda, our yoga instructor for an amazing yoga session with the view of the ocean.",2026-04-12T09:17:01.582Z
The Taaras Beach & Spa Resort,5/5,,"WARNING!!! Once you have been to this hotel and spent time in the rooms and their amazing beach, ALL FUTURE HOLIDAYS WILL BE RUINED! It was the first time staying in a hotel with our 9 month old baby. We loved every single bit of it. The views from the hotel room was amazing we chose to stay in the cliff bay suite. The staff were so friendly and helpful Their buggy system was always on time. Housekeeping was amazing. I would highly recommend doing the turtle discovery snorkelling and the famous sandbank trip from the hotel. Food was amazing. The beach was maintained very well. Lots of activities communicated to you via WhatsApp. Bryan thank you so much for making our stay extra special And we hope to see you next year!",2026-04-10T23:59:59.999Z
The Taaras Beach & Spa Resort,,5.0,"Spent 4 nights here with my wife and 2 daughters, it was simply amazing.

It was a calming holiday where we could spend time with each other. The beach is really nice, with a turtle bay not too far away. The hotel provide a lot of facilities which you can use for entertainment.

The staff were attentive to detail and very helpful. One night, our food arrived a bit late and the bar man took it on himself to give all of us free drinks - we didnt even notice the delay.

The rooms are spacious and the amenities provided are what you would expect at a 5* hotel. Staff did a good job keeping it clean.

There are 2 restaurants and the beach bar where you can order food and drinks from. Menu is extensive and bar man is generous with the drinks - no complaints from me there.

Redang is an isolated island and there isn't much to do here other than snorkeling and diving. With that in mind Tmthe team at Taaras have created an amazing environment. We were never stuck for something to do.

Ps: they have a nice karaoke room, we only tried it on the last night.

Thank you yo everyone at Taaras for an amazing stay. We would be back soon.",2026-04-10T02:54:14.938Z
The Taaras Beach & Spa Resort,,5.0,"The yoga session with Teacher Amanda overlooking the beautiful ocean was very calming and relaxing. She was very patient with us and has a very good energy so the class was really fun and we really had such a wonderful time !

Thank you Amanda for guiding us through an amazing yoga class !",2026-04-08T02:16:59.863Z
The Taaras Beach & Spa Resort,,4.0,"The resort is set in a huge bay within the island and you have access to their private beach and clear sea water.  There are lots of resort activities you can do at a cost.  All rooms get 1 hour of kayaking per stay, per occupant.

There is a very wide range of room types, that are set in villas and complexes, which are located from the beach front right up into the hills overlooking the bay.  However, be aware that the most private rooms are in fact one of their cheapest offerings.  The garden suites, and if you want the most privacy possible, as for an upper level suite in a corner / end of row unit, away from heavy foot traffic.  To be honest and having stayed in many luxury resorts, I would say that this place is a little over priced, but there isn't a better resort on the island, so you are basically paying for their exclusivity, which they can charge as they deem fit as there's no direct competitor.

The staff were amazing, always willing to help with your needs and unlike many other hotels and resorts, they respond to any issues very promptly. You get assigned a personal concierge, who is but phone call or WhatsApp text away.

The restaurant food is quite pricey and overall reviews are average, but the convenience is still good.  There are plenty of good restaurants in the local area within a 10 minute walk and there is a supermarket , stocking all your essentials.

This is a child friendly resort and I saw lots of families here with young children.

I would highly recommend renting your own vehicle when coming from the mainland and you can leave it for a small fee at a car park on the Merang waterfront jetty. Driving in Malaysia is not as challenging as you may think, especially if coming from the UK, as they drive on the same side.",2026-04-05T06:53:21.081Z
The Taaras Beach & Spa Resort,,5.0,"Очень классный отель. Мы сняли самую можно сказать дешёвую 😁, минус соседей всех слышишь. Но так очень понравилось, убираются каждый день даже если не оставляешь табличку. Чисто, кухня вкусная, пляж рядом чистый. Рекомендую посетить семейным, парам и просто друзьям или одной. Не важно. Отличная гостиница, отличный сервис, работники всё очень приветливые.",2026-04-02T14:01:37.531Z
Sipadan Kapalai Dive Resort,5/5,,很漂亮！包了早午晚！可以浮潛⋯⋯只是天氣不好！員工態度也好！,2025-08-24T23:59:59.999Z
Sipadan Kapalai Dive Resort,4/5,,Cannot find Agent who arrange,2025-08-23T23:59:59.999Z
Sipadan Kapalai Dive Resort,,4.0,,2025-08-18T11:31:56.520Z
Sipadan Kapalai Dive Resort,,5.0,"日本人に遭遇しなかったので良かったです。
中国の観光客がほとんどでした。

ロケーション、サービスは最高なので、日本人にはあまり知られていない水上コテージでハネムーンできます！",2025-08-17T15:33:51.363Z
Sipadan Kapalai Dive Resort,,4.0,,2025-08-17T13:41:07.702Z
Sipadan Kapalai Dive Resort,4.5/5,,"Wonderfoul, but is unaceptable that there isnt signal or wifi in the room",2025-08-11T23:59:59.999Z
Sipadan Kapalai Dive Resort,,5.0,Amazing! Hope to come back when I return to Malaysia next tour,2025-08-08T06:00:01.351Z
Sipadan Kapalai Dive Resort,5/5,,環境超級美 超級舒服,2025-08-06T23:59:59.999Z
Sipadan Kapalai Dive Resort,4/5,,"Well run resort catering mostly to mainland Chinese customers. Quiet, clean, and with a smooth dive operation that mostly is busy with snorkeling and intro dives on the house reef. This means that core diving is not crowded. Boats are well setup and well maintained. Dive guides super competent, nice and safe. The diving itself is still great with a smorgasbord of big and small. Has a Maldives feel to it. If only the food was at par with the rest of the resort this surely would be a a top top destination. Malaysia has so much to offer, but it’s not reflected in the buffets. Neither in cooking or ingredient quality. In fact you see hard core budget choices in the sourcing of ingredients and it lets the resort down. It’s not that the food is bad, it’s just selected and cooked with what probably is a lack of vision in the F&B department.",2025-07-30T23:59:59.999Z
Sipadan Kapalai Dive Resort,,5.0,,2025-07-29T11:49:03.208Z
Berjaya Tioman Resort - Malaysia,,5.0,"Had a wonderful stay at Berjaya Tioman Resort. The room was clean and comfortable, the scenery was beautiful, and the staff were friendly and helpful throughout my stay. The peaceful atmosphere made it the perfect place to relax. Highly recommended, and I would definitely love to come back again!",2026-07-08T08:20:19.186Z
Berjaya Tioman Resort - Malaysia,,5.0,very nice view. staffs all around are very helpful and a very memorable stay.,2026-07-08T08:18:17.915Z
Berjaya Tioman Resort - Malaysia,,5.0,"Semua menarik. Resort ini sangat selesa, bersih dan kemas. Proses daftar masuk berjalan lancar, kakitangan sangat mesra dan sentiasa membantu. Bilik luas, katil empuk, dan semua kemudahan berfungsi dengan baik.Pengalaman menginap sangat memuaskan dan saya pasti akan kembali lagi. Sangat disyorkan kepada sesiapa yang mencari penginapan yang berkualiti.",2026-07-07T13:50:32.178Z
Berjaya Tioman Resort - Malaysia,,5.0,"Staff very kind,food delicious,room very comfortable, facilities good... recommend to all...many activities can do",2026-07-07T13:49:21.295Z
Berjaya Tioman Resort - Malaysia,,5.0,"We had a wonderful stay at Pulau Tioman Berjaya Resort. The resort is beautiful, the room was clean and comfortable, and the peaceful atmosphere made it the perfect place to relax. The staff were friendly and always ready to help.

A special thank you to Anis Adila at the reception. She was incredibly welcoming, polite, and professional throughout our stay. She made the checkin process smooth, answered all our questions with a smile, and made us feel genuinely well taken care of. Her excellent customer service really made a difference to our experience.

Overall, we had an amazing time and would definitely come back. Highly recommended for anyone looking for a relaxing getaway in Tioman !!!!",2026-07-07T11:33:03.953Z
Berjaya Tioman Resort - Malaysia,,5.0,"We had an enjoyable stay and the highlight was the yoga session by the beach with teacher Amanda. She is a wonderful teacher, very patient and passionate about Yoga. She is also very well versed in her knowledge. We learned a lot and she inspired us to take up yoga back home.",2026-07-06T07:20:27.198Z
Berjaya Tioman Resort - Malaysia,,5.0,"Wonderful, friendly service at the resort. The staff were helpful and genuinely happy to be there! I particularly appreciated Amanda Vashti's yoga sessions. She is a gifted teacher and it was lovely to do yoga by the sea. It was really nice to have had this option in the midst of the water-centric activities we did.",2026-07-03T10:14:22.811Z
Berjaya Tioman Resort - Malaysia,,5.0,,2026-06-30T03:43:14.056Z
Berjaya Tioman Resort - Malaysia,,5.0,"Exactly what I needed, calm and peaceful",2026-06-28T20:41:19.732Z
Berjaya Tioman Resort - Malaysia,,5.0,Saiful is great,2026-06-28T05:26:07.684Z
Sipadan Kapalai Dive Resort,,3.0,"Kapalai Resort, Sempona, Sabah, Malaysia

My friends and I stayed at Kapalai Resort for 4D3N in Dec 2023. The resort is entirely built on coral reefs and the accommodation is individual wooden chalet with ample privacy. I had a total of 9 dives around Mabul and Kapalai islands with 2 dives at nearby Sipadan island. Our best dives were at Sipadan Island where we saw tons of marine lives and a large school of Jacks. Snorkeling around Kapalai resort is accessible to many marine lives including the Hawksbill sea turtle. Sunset and sunrise were magnificent sights from the resort which provide great opportunity for photos shoot. The staffs on the resort are friendly and helpful and the amenities are adequate. However you may want to bring your own alcoholic drinks and snacks if you want to save some money. Meals are provided on the resort but limited to local dishes. However you have a choice to purchase seafood from the nearby Mabul island and the kitchen on the resort will be happy to cook them for  a small charge. We initially had a group of 4 but two of our friends had to cancel at the last minute due to medical and family emergencies. Kapalai resort could not offer a full refund but instead offered a change of date within 12 months from the initial date. Reason for rating 3 stars for service is because our booking was made through Kapalai Resort's agent Asia Dive Holidays (ADH) in KK and when we tried to reach ADH on WhatsApp to inform them of the emergency cancellation and refund, they were non-responsive and offered no assitance to us. We would not recommend Asia Dive Holidays for anyone looking at going to Kapalai resort or surrounding islands. We would also like Kapalai resort to review their partnership with Asia Dive Holidays and address the concerns we have regarding their unprofessionalism attitude and lousy customer service we received in our booking.",2025-07-23T00:27:08.704Z
Sipadan Kapalai Dive Resort,,5.0,"太喜欢这里的环境. 静静坐着听海风 让人可以放松一下.房间很大,食物也很多选择.",2025-07-20T18:55:03.351Z
Sipadan Kapalai Dive Resort,1.7/5,,"I1. **Overcrowded & Poor Dive Management**     - Some divers complain about too many people on boats, leading to chaotic dive experiences.     - Limited slots for Sipadan Island (which requires a permit), leading to disappointment.  2. **Outdated or Poorly Maintained Facilities**     - Rooms, bathrooms, or dive equipment may be old, broken, or not well-kept.     - Issues with air conditioning, water supply, or cleanliness.  -no comforter on bed3. **Unprofessional or Rude Staff**     - Some reviewers mention unfriendly or unhelpful staff, especially with last-minute changes or complaints.     - Poor communication regarding dive schedules or safety briefings.  4. **Food Quality & Limited Options**     - Complaints about repetitive, bland, or low-quality meals, especially for the price paid.     - Limited choices for vegetarians or those with dietary restrictions.  5. **High Prices for Mediocre Service**     - Some guests feel the resort is overpriced compared to other options in Mabul or Sipadan.     - Extra charges for equipment rental or unexpected fees.  6. **Environmental Concerns**     - Poor waste management or irresponsible diving practices harming coral reefs.",2025-07-17T23:59:59.999Z
Sipadan Kapalai Dive Resort,,5.0,"Room - spacious., have 1 queen size & 1 single for std room
Food - a lots. One of the chalet that provide lots of food.
View - masha ALLAH... So beautiful
Safety - have esscom that patrol daily basis of every chalet

Looking forward to come again",2025-07-17T05:51:00.678Z
Sipadan Kapalai Dive Resort,3.7/5,,有馬爾代夫feel ，沒有馬爾代夫服務，分分秒秒都是錢，我參加一個潛水套餐不包裝備，9潛一日去詩巴丹，但我住三晚但只可以我7潛，但要給九潛價錢，環境靚，水底世界有點失望，十多年前去詩巴丹，水超籃超清，現在好多微粒,2025-06-30T23:59:59.999Z
Sipadan Kapalai Dive Resort,,4.0,,2025-06-29T08:28:20.556Z
Sipadan Kapalai Dive Resort,,3.0,,2025-06-27T10:43:28.212Z
Sipadan Kapalai Dive Resort,,5.0,,2025-06-21T08:25:00.397Z
Sipadan Kapalai Dive Resort,,5.0,,2025-06-14T13:17:56.053Z
Sipadan Kapalai Dive Resort,,5.0,"Parfait ! Les chambres spacieuses avec une vue incroyable. Le highlight des 3 nuits passés la bas: les tortues géantes!!!!! Absolument fantastiques ainsi que la variété de poissons tropicaux. Pour la plongée l expérience avec Wendy était top! Nous recommandons!
Les repas étaient bons et le staff au top!
Merci",2025-06-13T11:20:50.994Z
The Taaras Beach & Spa Resort,,5.0,"We stayed for 3D2N at the Garden Suite. The experience was amazing right from the start at Redang Jetty till we returned. Overall it was great all around...the place, the beautiful and enchanted beach, super friendly staff and their wonderful service with the superb room.

The privacy of the beach is great and flat white soft sands with clear blue green color ocean. Really great and relaxing just to be at the beach.

Special mentioned to Mr Bryan and En Zaidi, for their wonderful and superb service,",2026-03-30T13:08:27.748Z
The Taaras Beach & Spa Resort,4.7/5,,坐落於馬來西亞熱浪島的私人海灣，這裡擁有粉末般的白沙與果凍色海浪。最驚艷的是在飯店前的海域就能輕鬆與海龜共游，隱私度極高且環境清幽。客房設計大氣，服務細膩，充滿度假儀式感。雖然交通轉乘略顯周折且島上物價較高，但為了這片絕美海景與靜謐，絕對是犒賞自己的避世首選！,2026-03-25T23:59:59.999Z
The Taaras Beach & Spa Resort,,5.0,,2026-03-23T06:59:13.292Z
The Taaras Beach & Spa Resort,5/5,,悬崖房的海景真的很美，整个度假村安静而且很私密，主管哈姆丹·拉贾布很负责，点赞👍,2026-03-14T23:59:59.999Z
The Taaras Beach & Spa Resort,,1.0,"Vine desde el otro lado de la isla, a traves del jungle trekking. Me encontré con unos huespedes que estaban alojados ahí y me invitaron a entrar con ellos al restaurante.
El guardia de seguridad no me dejó pasar, a pesar de venir acompañada de huespedes alojados y decirle que venia a consumir al restaurante.",2026-03-11T06:57:06.646Z
The Taaras Beach & Spa Resort,5/5,,"Море как на Сейшелах, это главное преимущество отеля, поэтому мы выбрали данное размещение. В самом отеле и на острове провели 5 ночей в начале марта, это как раз начало сезона. Погода отличная, без дождей, но в начале марта еще чувствуется небольшой ветер и море не такое спокойное как в сезон. ||Плюсы:|- кристально прозрачная и чистая вода|- белоснежный пляж с удобным пологим входом не чувствительный к приливам/отливам|- пляж приватный, кроме гостей отеля в бухте никого нет|- богатый подводный мир. Отличное место для дайвинга и сноклинга|- тишина, очень мало людей, в начале марта в отеле было 10-20 чел.|- огромные базовые номера в малайском стиле|- несколько ресторанов с разнообразной кухней, но цены высокие, в том числе на алкоголь, надо быть готовым к этому, так как место изолированное и опций больше нет для питания |- доброжелательный персонал, готовый помочь во всем. Отдельное спасибо нашему персональному менеджеру Hamdan Rajab||Минусы:|- отсутствие балкона в базовых номерах, несмотря на огромную площадь|- отсутствие европейских розеток в номерах и адаптеров|- завтраки однообразны и не соответствуют уровню 5*|- отсутствие ласт в аренду для снорклинга у домашнего рифа|- теннисному корту нужна реновация, мы выбрали данный отель в том числе из-за наличия корта.",2026-03-10T23:59:59.999Z
The Taaras Beach & Spa Resort,5/5,,"春节期间临时决定找个海岛度假，朋友推荐了热浪岛，因为封岛所以岛上人不多，只有这家度假酒店营业。景色无可挑剔，但是因为雨季风浪很大，酒店的海滩不太好玩，但是酒店会有其他活动，而且很适合孩子，并不无聊！酒店的员工都很友好，印象最深的是会说中文的xiang,小伙子特别尽职尽责，由于中国游客较多，所以基本都需要他帮忙翻译，然后在他不忙的时候还会主动过来问餐饮是否合口味，他还会调酒，无酒精鸡尾酒非常受孩子喜爱！了解到他还在实习阶段，并且对自己的职业有很好规划，希望他可以越来越好！对于热浪岛孩子们恋恋不舍， 暑假我们还会再来！",2026-03-10T23:59:59.999Z
The Taaras Beach & Spa Resort,,4.0,,2026-03-04T00:19:38.786Z
The Taaras Beach & Spa Resort,5/5,,"Un endroit juste incroyable, totalement paradisiaque 🤩.|L’accueil très chaleureux avec hamdan et hassni qui ce sont très bien occupés de moi et ma fille.|Et tout le reste du personnel. |C'est un endroit où je reviendrai c'est certain.",2026-03-03T23:59:59.999Z
The Taaras Beach & Spa Resort,5/5,,这次春节我去了热浪岛的TAARAS，真的很美，因为是淡季房价不高，我订了崖湾套房，从下飞机开始到（登嘉楼有TAARAS的贵宾休息室，需要提前联系）chick in一直都有工作人员帮助你安排（去码头以及坐酒店的船上岛），到酒店会有house keeper帮助你，我认识了EDDY.FAIQ.HASNI，他们的微笑和热情让我宾至如归，酒店里的餐厅其实味道很好的特别是意大利餐非常地道，没有预制都是新鲜的，酒店的海滩是私人海滩，每天我都会去椅子上躺着看海，游泳，睡午觉，旁边有救生员巡逻随时用不同颜色的旗子标明今天的安全系数，还有这个酒店对孩子超级超级的友好，有很多孩子玩耍的项目，有很多照顾孩子的人，而且有些是对孩子免费的，buggy和room service很及时，并没有有些酒店那种一个小时也没人管你，我预订了酒店的机场接送服务，非常nice，我很愿意再去，海风，海浪声，阳光，白沙滩，细砂，赤裸着脚踩在上面，让海水划过脚背，夕阳就照射在岩石上，你还能闻到餐厅里食物的味道|好吧，该说缺点了，酒店有一点点陈旧，但并不影响体验，早餐不算好吃，看上去很多但吃起来就只有几样，还有确实有猴子，我碰见了几只猴子去阳台（酒店有放假的老虎在路上吓猴子）也许有野生动物不算缺点。|我住了四天，很舒服，我想我会再去的，我是TIGER希望EDDY你能看到,2026-02-28T23:59:59.999Z
Berjaya Tioman Resort - Malaysia,,5.0,,2026-06-27T03:49:57.895Z
Berjaya Tioman Resort - Malaysia,5/5,,Best duduk sini main snooker tengok laut cari Hantu (tapi takda pun) Nazir Dan Syifa amat mantab,2026-06-24T23:59:59.999Z
Berjaya Tioman Resort - Malaysia,,5.0,A really good hospitality. Thank Berjaya Tioman Resort and PIC En Saiful for accomodating is during our three daya training in Tioman. The food was deliciois the staff very helpful and friendly. Grateful for the free trip to Marine Park.,2026-06-24T04:37:52.251Z
Berjaya Tioman Resort - Malaysia,,5.0,Best! Thank you provide us free package to Marine Park.. ♥️,2026-06-24T03:32:10.429Z
Berjaya Tioman Resort - Malaysia,,5.0,"Thanks to PIC, Saiful Zamri for the hospitality

Nice location near with kampung tekek

Nice room with android TV",2026-06-23T13:55:44.230Z
Berjaya Tioman Resort - Malaysia,,4.0,,2026-06-22T13:59:02.369Z
Berjaya Tioman Resort - Malaysia,4.2/5,,"Nice hotel, a little far from the center area but easily reachable with their shuttle or by renting a bike (just outside the hotel). Room is spacious and clean, although furniture was a bit outdated. We had some issues of toilet door breaking, and the staff promptly came to fix it. The breakfast was very good, especially the home made roti canai.",2026-06-21T23:59:59.999Z
Berjaya Tioman Resort - Malaysia,,5.0,"Nice view yang sangat cantik dan menenangkan di Berjaya Tioman. Sepanjang penginapan kami, semua staff sangat baik, mesra dan sentiasa membantu bila diperlukan. Servis yang diberikan memang terbaik dan membuatkan kami sekeluarga berasa selesa. Terima kasih kepada semua staff atas layanan yang sangat baik. Pasti akan datang lagi! Thank En Saiful. Sgt2 baik Menyambut kami sekeluarga.",2026-06-21T01:43:15.754Z
Berjaya Tioman Resort - Malaysia,,4.0,,2026-06-21T01:42:00.564Z
Berjaya Tioman Resort - Malaysia,4.2/5,,"at the end of tekek, great beach and also you can see baby sharks at the jetty. Renggis island is just opposite but not recommended to swim across the jetty due to boat traffic. Most activities at the resort requires payment including table tennis, paddle etc. can also step outside the resort to have dinner and book sea activities (similar operators, but cheaper outside the resort).",2026-06-20T23:59:59.999Z
Pulau Payar Marine Park,,1.0,"Unfortunately, this was one of the most disappointing marine parks I’ve visited. We came here for snorkeling and an introductory dive expecting a beautiful, protected marine environment, but instead, large parts of the experience genuinely felt like swimming in a landfill.

There was an unbelievable amount of plastic and other waste both in the water and along the beach. While swimming, it was almost impossible not to encounter plastic bottles, bags, and other pieces of trash, sometimes even getting caught in your hair. I understand that currents can bring large amounts of waste into the area and that this is not necessarily something the park can prevent. However, what I cannot understand is how there seems to be so little organized effort to regularly remove it, especially from a place designated as a marine park and visited by tour boats every day. Everyone behaved as if this were completely normal and simply an everyday occurrence.

A French tourist family eventually took it upon themselves to start cleaning the beach and filled what looked like around 30 baskets with garbage. Seeing visitors taking responsibility for cleaning a marine park while people working there (mostly tour guides/divers)
carried on as normal was honestly quite shocking.

As for the marine life, we did see plenty of fish, which was nice, but unfortunately, most of the coral appeared to be dead or severely damaged. Considering this is a protected marine park, I expected a much healthier and more vibrant underwater ecosystem.

I really hope more is done to protect and maintain this place. If currents regularly bring this much waste here, then regular cleanups, collecting floating waste with nets, and better coordination with the tour operators visiting every day seem desperately needed. A marine park should be a place where marine ecosystems are actively protected, not somewhere visitors have to swim through plastic waste.

It was genuinely sad to see.",2026-08-17T11:58:27.883Z
Pulau Payar Marine Park,,1.0,"Es war der absolute Horror!
Ich war noch nie so angeekelt in meinem Leben! Naturschutzgebiet?
Man schwimmt in einer Müllheide! Wahnsinn! Schön ist auch, dass sich niemand um den Ort kümmert und durch diese merkwürdigen Plattformen im Wasser die Tierwelt stirbt!
Normalerweise muss man mich aus dem Wasser ziehen, aber hier saß ich nur auf dem Boot rum weil es so widerlich war!
Schade, dass die Menschen so ein Paradies verkommen lassen!",2026-08-01T12:42:26.600Z
Pulau Payar Marine Park,,5.0,Shamsul nice cook and view good,2026-07-05T12:11:03.857Z
Pulau Payar Marine Park,,5.0,,2026-05-18T04:12:41.870Z
Pulau Payar Marine Park,,5.0,Tempat untuk free dive Dan snorkel,2026-04-26T04:18:54.838Z
Pulau Payar Marine Park,,4.0,"Pulau Payar Marine Park is a stunning tropical paradise, perfect for snorkeling and diving. The crystal-clear waters reveal vibrant coral reefs and a diverse array of colorful fish. It is an unforgettable destination for nature lovers and families!",2026-04-22T09:17:35.777Z
Pulau Payar Marine Park,,5.0,,2026-02-03T16:48:11.509Z
Pulau Payar Marine Park,,5.0,,2025-11-01T14:13:02.154Z
Pulau Payar Marine Park,,1.0,,2025-10-19T05:03:39.874Z
Pulau Payar Marine Park,,5.0,"""3D CVzion merujuk kepada gabungan konsep Computer Vision dengan elemen visualisasi tiga dimensi (3D) yang digunakan bagi menghasilkan persekitaran maya yang lebih realistik dan interaktif. Dalam konteks kajian Pemvisualan Kreatif Marin Laut menerusi Animasi 3D, 3D -CVzion berfungsi sebagai pendekatan kreatif untuk menterjemahkan data marin, seperti bentuk terumbu karang, spesies ikan, serta suasana dasar laut, ke dalam bentuk animasi yang lebih meyakinkan dan mudah difahami oleh khalayak.Subjek dan rujukan visual dalam kajian ini diperoleh secara langsung melalui aktiviti selaman di Pulau Payar. Melalui teknologi ini, pengalaman visual dapat ditingkatkan kerana penonton bukan sahaja melihat bentuk dan warna, tetapi juga dapat membayangkan kedalaman, perspektif, serta gerakan yang hampir menyerupai keadaan sebenar di bawah laut.""

Manual untuk akses 3D -CVzion :
1.Buka kamera telefon pintar anda dan imbas kod QR yang disediakan.

2.Setelah berjaya diimbas, anda akan dibawa ke laman sesawang. Tekan butang Launch untuk membuka aplikasi.

3.Apabila paparan dibuka, logo 3D-CVzion akan muncul. Tekan logo tersebut untuk masuk ke halaman AR.

4.Gunakan kamera telefon pintar anda untuk mengimbas trigger image (contoh: gambar yang dipaparkan) dan nikmati pengalaman animasi 3D marin secara interaktif.

5.Selepas selesai, anda boleh kembali ke halaman informasi subjek untuk maklumat lanjut.",2025-09-07T18:49:09.613Z
Pulau Payar Marine Park,,5.0,"The best dive should be in this place , i did the dive with (ninety nine island diver) center , it was the best choice, and i already rated them but with different account , all the guys in this center is good , thanks alot",2025-08-06T03:13:39.321Z
Pulau Payar Marine Park,,5.0,My lifetime experience with Scuba Club Langkawi..,2025-08-01T14:10:21.106Z
Pulau Payar Marine Park,,5.0,,2025-07-21T17:32:36.772Z
Pulau Payar Marine Park,,5.0,,2025-07-02T02:25:50.594Z
Pulau Payar Marine Park,,5.0,"Merasai suasana dunia dasar laut yang mempersonakan di Pulau Payar, Langkawi adalah amat mengujakan. And pasti terpesona dengan kecantikan pantai Dan kawasan hutan yang Kaya dengan fauna yang terdapat disana. Rancanglah percutian ke sini.",2025-06-20T08:50:52.621Z
Pulau Payar Marine Park,,5.0,,2025-04-19T21:41:56.572Z
Pulau Payar Marine Park,,3.0,Pulau Payar Marine Park,2025-03-21T19:07:24.244Z
Pulau Payar Marine Park,,5.0,,2025-03-19T07:54:39.148Z
Pulau Payar Marine Park,,5.0,,2025-02-11T23:44:46.261Z
Pulau Payar Marine Park,,5.0,"We had a great experience at Pulau Payar. I was a little hesitant to go because I couldn’t find a lot of recent reviews. But I’m glad we booked a trip here. I imagine it’s a much better experience now that they limit the number of visitors per day to 100. That being the case, you need to book ahead of time to make sure you get a spot. (Bookings open around 1 month prior to scheduled visit.)

We did the “Intro Dive” package, which includes an assisted 30 minute scuba dive, limited depth, followed by snorkeling. As we had never scuba dived before (and had no certification), this was perfect for us to try out scuba. We really enjoyed it and have a good idea now if we want to pursue certification or not. A master diver will stay with you the whole time. After the dive, we were able to snorkel the rest of the time. I found the visibility to be pretty good and there were some nice coral formations and a good variety of fish. We saw a lot of colorful fish (parrot fish and others), some squid, an eel, and a few puffer fish (some really big ones too!) to name a few highlights.

Our day looked like this:
Met at the Scuba Club at 8:30am to register, try on gear, etc. Got on the boat a little after 9am and took the 1 hr-long, fast, bumpy, wet ride to Pulau Payar. Because we were doing the intro dive, we were on a boat with other scuba divers, while another boat took snorkelers only. So I can’t really comment on what the snorkelers in the other boat did. We went to a site off of the main island and did our dive. Then we snorkeled around while the others continued their dives. We had lunch on the boat (simple chicken and rice dish), then went to another site. After the divers got off the boat in deeper water, then boat took us to the shallower water for us to snorkel. There was a beach there also where we could relax. But most of the time we stayed in the water. After an hour or so, we got back on the boat and headed back to Langkawi. We arrived back, changed clothes and turned in our wet suits.

There’s limited places to change clothes. Either you have to use a small bathroom or a storage closet area. But it’s essential you change into dry clothes if you’re looking to take a Grab from there. In fact, they told us to walk away from the Scuba Club a little ways before ordering the Grab, otherwise they won’t pick you up because they assume you are wet.

Shout out to Hello Langkawi and staff members Maui (Aoi) and Nasi. They took good care of us.",2025-01-09T10:36:25.747Z
Sipadan Kapalai Dive Resort,,4.0,"Also erstmals, wir haben es genossen! Ja fie Klimaanlage ist zu schwach aber mit Ventilator geht es ganz gut. Nein es ist nicht wie in den Malediven, weil man nicht vom Gungalow ins Wasser kann, weil man nur sehr begrenzt Schnorcheln kann und die Anlage hald nicht überall perfekt verarbeitet ist.

Ja WLAN war nur im Lobbybereich und eSim empfang war im Zimmer eigentlich auch nicht gegeben, daher das Konzept mit Anrufen für ein Shuttle doch etwas fraglich. Ist wirklich ein riesen Minus das fehlende WLAN.

Es hat nur eine Bar beim Restaurant/Lobby Bereich. Das ist echt Schade, wunderschöne Plätzchen wo eigentlich nur das Bier oder der Wein fehlt!

Wir haben schöne Zeit verbracht und es auch genossen und uns erholt.",2025-06-12T07:23:34.224Z
Sipadan Kapalai Dive Resort,,4.0,,2025-06-10T01:34:38.889Z
Sipadan Kapalai Dive Resort,,4.0,,2025-06-09T04:47:53.194Z
Sipadan Kapalai Dive Resort,,5.0,Better than expected,2025-06-07T05:52:18.224Z
Sipadan Kapalai Dive Resort,,5.0,,2025-06-06T02:46:23.728Z
Sipadan Kapalai Dive Resort,,5.0,可以看到海龟 海蛇 海鸟 海星 各式各样的海鱼 海水非常清澈 景色也非常优美 令人陶醉 垃圾也是有看到有人负责整理 不过海滩的垃圾还是蛮多一下的🌚 不过可惜的是脚车租借要100🌚 不过酒店等工作人员还是非常友善的 buggy也是几乎随叫随到那种（除了入住退房的高峰期）更让我惊喜的是房间还配备了浴缸 并且每天的食物各式各样 让人回味无穷,2025-06-06T00:52:17.860Z
Sipadan Kapalai Dive Resort,,5.0,"Superb service, very accommodating staff.
Our villa was great except it was just soo hot in the day time, AC plus fan couldn’t help. I think they need to seal the tiny holes that comes with the structure or install a bigger AC unit.

Food is amazing and they refill the food trays as soon as they can. Line can be a bit long but it moves.",2025-05-30T07:14:30.346Z
Sipadan Kapalai Dive Resort,,5.0,,2025-05-28T13:18:52.419Z
Sipadan Kapalai Dive Resort,4.7/5,,無與倫比的景觀，海水清澈見底，海洋生物豐富，酒店食物都係多元化，就係少了點娛樂設施，如果有SPA做就完美。沒有出海租船釣魚就會有點無了，在大早上及晚上的時候會見到上來路面閑逛的海🐍蛇，還是有點怕怕，其他都是很好，房間￼設施是有海水自然侵蝕的自然舊，是可以接受的推薦！￼,2025-05-22T23:59:59.999Z
Sipadan Kapalai Dive Resort,,5.0,先本那卡帕萊渡假村，有小馬爾地夫之稱.房間陽台可以看到海龜風景宜人，一輩子一定要來渡假,2025-05-22T13:28:26.665Z
The Taaras Beach & Spa Resort,,5.0,,2026-02-28T17:13:28.097Z
The Taaras Beach & Spa Resort,,2.0,"So, looks like this lady by the name of Anita Michael gives out generic comments to important feedback from guests. Probably an AI rendition sponsored by the Berjaya group. Who knows....because all the negative comments mentioned by other guests stand true and quite obviously this person has not been escalating the problems to the right channels. Or maybe she has and no one from the Berjaya group cares enough to resolve these problems.

Hamdan and his crew at the reception were amazing. There are some really good crew members in this resort. But clearly no one from the Berjaya group is stationed there to overlook day to day operations or bother to visit the resort to see how things are holding up

No one at the beach area is available to help with setting up the sun beds. They are always dirty. When you do ask for help, the beach crew do not respond or do not care to respond

The toilet reeks and the maintenance crew can only perfume the toilets so the issue doesn't occur again. Aircond was leaking, wifi was not working at one point. Windows can't close properly. The team did their best to fix all these issues, Hamdan made sure of it. But it is clear that Berjaya group themselves do not bother releasing the budget for better repairs and maintenance.

What once was a grand resort is now quite an embarrassment for the Berjaya Group. I went during the low season, but even then I felt like I paid a huge price for such poor facilities.

The restaurant uses sub par ingredients for their meals yet this resort charges an arm and a leg for meals. These prices are what you would expect to see at the Intercontinental or Regent ,(for much better quality)

Fact remains Berjaya is a local Malaysian business chain. I want to support local businesses but when a Malaysian company treats its customers like this, makes you wonder if it's worth supporting them. This is why I prefer to stick to international hotel chains, at least they keep up to the quality.

Redang Island itself is beautiful. But perhaps the next time I go there, I will stay at the Laguna. Why pay premium prices for Berjaya's lack of care? It's like a middle finger for those who bothered staying at their resort.

To Hamdan and his crew, you guys are amazing.",2026-02-27T09:56:47.325Z
The Taaras Beach & Spa Resort,,5.0,"4th time already, everything perfect",2026-02-27T02:31:13.143Z
The Taaras Beach & Spa Resort,5/5,,The resort and room was amazing the staff are simply wonderful they was so helpful I would recommend for anyone travelling to Redang the views was spectacular. 10 out of 10 .i will definitely return.Danny,2026-02-20T23:59:59.999Z
The Taaras Beach & Spa Resort,,3.0,"While the Taraas has the beautiful beach and location, the room badly needs an upgrading for such a steep price. The bathroom is quite smelly and you can tell it has not been refurbished for a while. We are saw lots of garbages at the west end side of the beach. The food is nothing ordinary except for the roti canai and char kuayteow. In addition, punctuality is non existant. We ended up waiting at the jetty twice and also we were late to take a boat back to mainland upon checkout as priority was given to the guests leaving to the airport.",2026-02-17T04:32:09.365Z
The Taaras Beach & Spa Resort,5/5,,📍The Taaras Beach & Spa Resort（レダン島）レビュー||マレーシア・レダン島にある|The Taaras Beach & Spa Resort に宿泊してきました🏝️✨||結論から言うと、|✔️ 海の透明度がレベチ|✔️ リゾート感ガチ強い|✔️ のんびりステイしたい人に最高||って感じの“ご褒美系リゾート”でした🤍||まずビーチが本当に綺麗で、|エメラルドブルーの海と白砂のコントラストが完璧すぎる…！||朝は静かで、写真もめちゃくちゃ撮りやすい📸|（リール勢にはかなり推せるロケーション）||お部屋も広めで清潔感◎|バルコニーからの景色がリゾート感満点で、|着いてすぐテンション上がりました🌴✨||スタッフさんも親切で、|空港からのボート移動〜チェックインまでスムーズ。||そして何より、|**人が多すぎない“隠れ家感”**が最高ポイント。||✔️ カップル旅行|✔️ 女子旅|✔️ のんびりリフレッシュ旅||このあたりの目的ならかなり相性いいと思います💭||レダン島自体がまだ日本人少なめなので、|「人と被らない海外リゾート行きたい」人には特におすすめ🤍||特に好きなスタッフさんは|Hamdan Rajabさんがとても親切で色々と滞在中に手伝ってくださったのと、Sarahさんが、シュノーケリングで沢山お魚を教えてくれたおかげでとっても楽しかったです！！||オフシーズンでも楽しめるのでぜひ行ってみてください✨||またゆっくり来たいと思えるリゾートでした🏝️✨,2026-02-16T23:59:59.999Z
The Taaras Beach & Spa Resort,,5.0,"We stayed in the Cliff Bay Suite during our 4D3N stay and the room was absolutely spectacular. The view was stunning and truly one of the highlights of the trip.

A huge shoutout to the resort staff, the service was exceptional. Everyone genuinely went above and beyond at their respective stations, and you could really feel the warmth and dedication in their service.

We also did diving at the resort, and my partner completed her Open Water certification here. Our lead diver, Aiman, was incredibly patient, calm, and experienced throughout the entire process. From start to finish, he made the experience feel safe and enjoyable.

The only downside for us was the restaurant food. Given the premium pricing, we were expecting a higher standard in terms of taste and quality.

Overall, it was a wonderful experience, and we would definitely return mainly because of the amazing, friendly staff who truly made our stay memorable.",2026-02-13T10:30:34.023Z
The Taaras Beach & Spa Resort,,5.0,,2026-02-12T13:39:57.809Z
The Taaras Beach & Spa Resort,,5.0,The coffee making by Hakim was superb also love the cookies. Will repeat again when i'm coming to taaras.,2026-02-12T09:26:39.935Z
The Taaras Beach & Spa Resort,,5.0,,2026-02-11T05:33:23.742Z
Berjaya Tioman Resort - Malaysia,3.2/5,,"Room was run down. TV channels are limited, some channel no sound. Toilet door not able to close. Shower was very bad, shower head keep bending down. Even with the shower curtain, the whole toilet get wet. Mosquito issue. BF was not up to standard. Not worth the money.",2026-06-20T23:59:59.999Z
Berjaya Tioman Resort - Malaysia,,2.0,"The room has many things not working. The safe doesnt work so we have to carry our valuables with us. The lounge is broken. The bedsite light is falling off the hinge. We have trouble closing the bathroom and main door.

When I ordered food from the pool side the poor waitress who was been very helpful was harassed by the supervisor on the phone for not making us pay immediately as apparently we cant sign to our room. We are staying here for a week. Its not that we are going to run away",2026-06-18T02:28:40.952Z
Berjaya Tioman Resort - Malaysia,,5.0,very comfortable and cozy living. Special thanks to alia and effa as the receptionist for their patience and help with making our stay a lot more smooth and enjoyable. Highly recommended resort with many activities and games to play with family and friends. Hope to come back again.,2026-06-17T04:25:57.510Z
Berjaya Tioman Resort - Malaysia,,5.0,very nice and well organised,2026-06-17T04:15:33.020Z
Berjaya Tioman Resort - Malaysia,3.5/5,,The facilities is dated and needs upkeeping. The room are similar. Attention to detail in the restaurant would go a long way. The receptionist and buggy drivers are helpful. Breakfast spread is decen.,2026-06-16T23:59:59.999Z
Berjaya Tioman Resort - Malaysia,,3.0,,2026-06-13T10:04:46.196Z
Berjaya Tioman Resort - Malaysia,,1.0,"20260613 Saturday.
Today we took the Star Voyager to Tioman Island. Since we weren't prepared for any water activities, we decided to revisit some old memories at Berjaya Tioman Resort, where we stayed many years ago. A simple 30-minute walk from the terminal for a coffee and dessert sounded like a great idea.
But the adventure ended at the security post. Apparently, entering the resort requires an RM50 fee per person — even if you're just there for a coffee. Company policy, they said. 😄
So our most expensive ""maybe coffee"" ever ended before we even saw the menu. Well played, Berjaya. ☕💸😂",2026-06-13T02:34:04.962Z
Berjaya Tioman Resort - Malaysia,4.7/5,,Location by the beach was excellent and free pick up from jetty was great.  Staff very welcoming and friendly and food in restaurant taste and service was quick.  Only slight negative was the cabin accommodation which was clean and perfectly ok for a short stay but could do with some renovation and TLC.,2026-06-12T23:59:59.999Z
Berjaya Tioman Resort - Malaysia,,1.0,"Expensive, dirty and run down",2026-06-12T08:06:35.436Z
Berjaya Tioman Resort - Malaysia,,5.0,"Excellent!!!!!!!
I am super happy with the stayed
I am happy with hospitality of Captain Loovi and Encik Saiful. Many Тнαик уσυ(•ᴗ•)♥️тнαик уσυ(•ᴗ•)♥️
Also indeed super happy with the Room by the sea. It’s really awesome. Terima Kasih sangat sangat Encik Rixal and  Encik Haiziey. All of best and keep it up Team cheers cheers cheers",2026-06-12T04:12:18.539Z
Pulau Payar Marine Park,,5.0,The water was so clear you can easily enjoy snorkeling and swimming with the fish.,2025-01-02T10:33:14.465Z
Pulau Payar Marine Park,,5.0,Beautiful park with lots of wishes,2024-12-30T15:41:22.788Z
Pulau Payar Marine Park,,5.0,"Went there for charity event , nice place n private..you can see many type of fish direct n clear, limited visitor.",2024-12-20T16:35:12.414Z
Pulau Payar Marine Park,,5.0,,2024-04-09T21:14:54.975Z
Pulau Payar Marine Park,,5.0,"Even at low visibility, still enjoy the scuba diving.

1st day Dive site: Coral garden, KM Nyireh
2nd day: Boiler, Bawah Jetty.",2024-02-18T23:16:55.436Z
Pulau Payar Marine Park,,5.0,Tempat yang menarik untuk dive dan juga snorkeling,2024-01-23T04:28:04.125Z
Pulau Payar Marine Park,,5.0,,2024-01-09T00:14:08.486Z
Pulau Payar Marine Park,,5.0,,2024-01-03T10:16:39.684Z
Pulau Payar Marine Park,,5.0,,2024-01-02T07:15:05.638Z
Pulau Payar Marine Park,,5.0,,2023-11-24T12:05:31.885Z
Sipadan Kapalai Dive Resort,4/5,,"Hemos pasado unos días estupendos de buceo con un gran equipo, los barcos están bien y los guias son extraordinarios, no le pongo 5 estrellas porque a la hora de la comida se llena de gente asíatica que arrasan con todo a primerísima hora y ya no se reponen muchas cosas, sobre todo la fruta más especial, hemos disfrutado todo excepto las horas de comer y cenar. Si haces un buceo nocturno tienes que avisar porque te quedas sin nada de cena a pesar de llegar antes del horario de cierre. El desayuno es también bastante flojo no hay yogur por ejemplo, el pan es malísimo y el único queso que ponen es penoso.",2025-05-19T23:59:59.999Z
Sipadan Kapalai Dive Resort,,5.0,渡假村遊客較少，安靜清幽。海水清澈見底，隨處可見魟魚、海星、與各式熱帶魚，有耐心點的話可以見到滿多次海龜的。水上屋的缺點是中午悶熱，房間的空調也無法降溫，只好到餐廳或其他地方活動，此外房間沒有娛樂設備，適合看書與發呆。工作人員大都熱情有禮貌，服務態度也很積極。食物就一般，畢竟是偏遠的沙洲地帶。,2025-05-17T08:52:53.101Z
Sipadan Kapalai Dive Resort,3/5,,"The location and setting of this hotel is wonderful as it is all over the sea and a long way from land. The water is clear and shallow and there is loads of sea life all around so it’s like one big aquarium all the time. Unfortunately that’s where the good news ends, the hotel is dated and needs some updating and repair. The shower does not have hot water and there is a hot water switch is impossible to know whether it is on or off and you have to wait 15 minutes to get any hot water. Even then there is no guarantee that you will get any. There are no phones in the room so you need to call a landline number, which is the main office on the resort to order a golf buggy to get transported to the main parts of the resort. A buggy is necessary as the distances are quite long and the Sun is very hot with no shade. The rooms are large so it is difficult to get them fully the air-conditioned, which is necessary as it’s very hot here. The food is for the Chinese which I understand makes up 80% of the guests. Even then it is not a good standard in my opinion. I went with Malaysian friends and they said the same and they love Chinese food. There is no entertainment other than diving or snorkelling sad the worry about snorkelling is that there are plenty of sea snakes. We saw eight over the two days and most of them are by the steps that go into the water. The staff said they are not dangerous, but it is still a concern as they are seriously poisonous. I would recommend this location to divers although I did not visit any of the dive sites but the people I spoke to said they were good. Other than that this place will not keep you entertained for more than a couple of days at most.",2025-05-10T23:59:59.999Z
Sipadan Kapalai Dive Resort,,5.0,非常非常放鬆又讓人可以放空的一家渡假村，海景真的無價，讓我們住在這2天，天天看海，怎麼都看不膩，我們房間外有超多隻海龜在那游來游去，從沒如此近距離的看過海龜，魟魚也超多的，房間網路訊號不太穩定，我是買網卡，要上網要去到櫃台附近訊號才會強，房間沒電視，真的就是讓人好好去渡假休息，不是去用3C產品的！,2025-04-17T07:14:25.257Z
Sipadan Kapalai Dive Resort,,2.0,"海景很美 很放鬆
房間蠻大的，但冷氣很小一台，機型也比較老舊，基本上白天待在房間裡會覺得悶熱。
島上的消費都可以記在房號上掛帳，活動只有浮潛跟水肺。
另外有配合的半日遊行程，廣告布條上寫的是要報名請到櫃檯報房號，結果事實上是，你要自己加微信聯絡，並且只能支付現金或使用支付寶…一個人一場的費用是250令吉，無法掛帳也沒有其他的解決方案，如果要想要參加半日遊行程，記得多帶點現金來！！！

這裡沒有免費的WiFi ，想要網路的話要跟櫃檯購買，自己有購買當地網路的話，房間的訊號也會不太穩定。

進出有高爾夫球車接送，但你需要先有一台可以打電話的手機，房間裡是沒有電話的。如果沒有剛好遇到高爾夫球車經過你房門前，你就需要自己走出來最外面用餐

每間房間插座規格不一定，有些房間是馬來西亞當地標準插座，有些是國際插座🔌這就要碰碰運氣了。",2025-04-03T05:19:40.933Z
Sipadan Kapalai Dive Resort,4/5,,"This is our second visit and we love everything about the resort. Staff is great, rooms are really nice and the tub is great for warming up after a dive. The dive center is top notch with great guides (good evening karaoke too!) Food is fine, but could improve. The big thing that bothered us both times was the staff at the Semporna jetty. This group is awful. They are not friendly, don't communicate with guests and generally ignore anyone who is going to the resort. Even worse on our return from the resort they let the van leave for the airport without us. No checking of guests or even letting us know what was happening and we were sitting in the reception area!",2025-03-29T23:59:59.999Z
Sipadan Kapalai Dive Resort,,4.0,,2025-03-25T01:46:36.774Z
Sipadan Kapalai Dive Resort,5/5,,Good for snorkeling and a relaxing holiday,2025-03-22T23:59:59.999Z
Sipadan Kapalai Dive Resort,,4.0,"Great diving, every dive was good with some being amazing!  Terrible food with a buffet of complete chaos as, people push, budge the line and reach over top of each other to make sure they got their share which was ridiculous cause there was plenty of food for all!  The rooms were large, clean, had AC and really nice views.  The staff were all friendly and the dive master/guide I had was excellent and made the diving really fun!",2025-03-21T03:58:39.680Z
Sipadan Kapalai Dive Resort,5/5,,My expectations were low when booking this due to previous average reviews. But I was pleasantly surprised. This place is stunning! It looks like it may have had a recent reno as well? |The food was great. The people are great. The diving is great. No complaints here at all! We saw turtles around the overwater villas everyday as well as so many schools of fish. Highly recommend this place!,2025-03-19T23:59:59.999Z
Berjaya Tioman Resort - Malaysia,,4.0,"Wonderful service and beautiful spacious room! Breakfast was a good Malaysian spread too. The ala cart menu could use an upgrade though.

The hotel connects to the beach. We through enjoyed our time here with the family.

The hotel also provided complementary rides to the main gate and jetty their buggy service.

The staff were all ever helpful and friendly. Would we recommend this resort? Yes! It is very family friendly with lots of facilities like game room, pool, gym and more!",2026-06-12T04:12:03.166Z
Berjaya Tioman Resort - Malaysia,,5.0,Family friendly hotel,2026-06-09T03:57:34.547Z
Berjaya Tioman Resort - Malaysia,4/5,,Convenient and amazing view of sunset,2026-06-08T23:59:59.999Z
Berjaya Tioman Resort - Malaysia,,3.0,"I had mixed feelings about my stay at Berjaya Tioman.

First, I would like to thank the front desk staff and buggy service team. They were friendly, welcoming, and always willing to help. They proactively informed us about the activities available at the resort, which made us feel valued as guests.

I would also like to compliment the diving team. The staff were professional, patient, and provided detailed explanations throughout the activities. Their friendliness and attention to detail made the diving experience enjoyable and comfortable, especially for guests who may be less experienced.

Unfortunately, the restaurant service was a completely different experience. The attitude of several restaurant staff members was disappointing. When we ordered lunch and coffee, the way they spoke to us came across as rude and lacking basic courtesy. What was more disappointing was that this was not a one-time incident. Throughout our four-day stay, neither my family nor I encountered friendly or pleasant service at the restaurant.

For a resort of this standard, guests should not have to feel uncomfortable when dining. I sincerely hope the management will look into this matter and provide better customer service training for the restaurant team. The friendliness of the front desk, buggy service, and diving staff deserves recognition, but the poor attitude at the restaurant significantly affected our overall experience.",2026-06-07T15:02:30.735Z
Berjaya Tioman Resort - Malaysia,,3.0,"love the environment, buggy's driver and room service attitude all very nice and kind.facilities all quiet old but still have to charge everything, even table tennis. some workers attitude very disappointing, so bad, treating guest like we owe them money! Saturday morning, one of the workers were chopping tree right beside my room at 8 am, next morning at 7 am they were cutting grass. had to call the reception to ask them to stop. Why are these duty done in the early morning when guests are resting especially during school holidays and weekends? Tot this is a resort to rest and relax?",2026-06-07T14:35:50.708Z
Berjaya Tioman Resort - Malaysia,4.2/5,,"Excellent location where hotel provide buggy services from room to any location inside the resort. Staff were all friendly and helpful with our needs. Delivering of items when we requesting also very timely. Reception counter also provide snorkelling, diving, and other water sports booking with reasonable charges. Renting of equipment also available if needed.  However, the sofa appeared to be a bit dusty below the cushion. Ants were seen inside the toilet sink. Otherwise the experience will be even more better.",2026-06-06T23:59:59.999Z
Berjaya Tioman Resort - Malaysia,4.2/5,,Great sea view and beaches. Private and serene,2026-06-06T23:59:59.999Z
Berjaya Tioman Resort - Malaysia,3/5,,Good hotel with lot of facility,2026-06-06T23:59:59.999Z
Berjaya Tioman Resort - Malaysia,,1.0,"Purposely located so that you need to pay extra to the hotel for transport to anywhere else beyond the resort. Facilities and rooms were mediocre for the price. Staff were absurdly rude, reception rolled their eyes and gave us an annoyed look when we asked to use the luggage room for 30 minutes. The staff at breakfast just told me 'No' without looking at me and ignored my follow up questions when I asked is this where I order roti canai.. at the roti canai station. Turns out the station would just keep cooking roti canai for anyone to take, but a short explanation/response would have been appreciated. What kind of service is this?

*Note that the diving prices are superbly inflated, with the cost of a refresher dive being more than 2x that of a normal dive. Straight up fleecing people who haven't dived in awhile because they need to take the refresher before going on any dives.

Absolutely would not recommend.",2026-06-06T15:01:20.897Z
Berjaya Tioman Resort - Malaysia,,5.0,"Overall good place , Ayura spa , trip C around the island",2026-06-06T11:13:14.978Z
Pulau Payar Marine Park,,1.0,"Tried to contact them, but both the phone number and the website are not for the park itself, but some shady tour operator. They refused to give me contact information to the park itself. I think they created a false listing and are just farming the reviews to get customers. Shady.",2023-10-28T01:38:45.125Z
Pulau Payar Marine Park,,5.0,,2023-09-27T13:12:39.297Z
Pulau Payar Marine Park,,5.0,"Ferry started from Langkawi and almost for 1 hour we travelled via sea, the first sight of the greenish water made my day and from then it was visual treat.
This was my first Snorkeling, and I was able to experience the beauty of green sea, coral, starfish, small whales & colorful fishes that came around us.

Worth to visit.
Thanks to my trip coordinator who asked me to skip island Hopping for this.",2023-08-30T06:49:11.657Z
Pulau Payar Marine Park,,5.0,"2012年頃。
人も比較的少なく、穴場感。
シュノーケル用具しか持参していなかったのが、とても残念。",2023-08-03T10:28:08.469Z
Pulau Payar Marine Park,,2.0,,2023-08-03T04:41:14.809Z
Pulau Payar Marine Park,,5.0,Great to have Ninety Nine Divers to organize your trip there.,2023-06-29T12:26:03.456Z
Pulau Payar Marine Park,,4.0,มีอาหารจานด่วนและเครื่องดื่มหลากหลาย,2023-05-02T11:46:13.904Z
Pulau Payar Marine Park,,1.0,Wrong point location,2023-04-18T13:42:39.082Z
Pulau Payar Marine Park,,5.0,,2023-03-20T02:25:08.842Z
Pulau Payar Marine Park,,5.0,Malaysia Always be me and husband Favourite holiday destination. Malaysia is truly Asian. Pulau Payar Marrine Park is one of the most beautiful beach to visit⛱️  I am 100001 highly recommended you all please please go there. When there for our honey. The best place to be. I enjoy my scuba diving experience there. Very romantic island to be.,2023-03-19T18:29:12.055Z
The Taaras Beach & Spa Resort,5/5,,"Un hôtel paradisiaque, une chambre spectaculaire, l'accueil le personnel un grand merci au capitaine et son acolyte, sans qui cette aventure n'aurait pas eu lieu, merci à Riri, Eddy, Flazy et les autres membres du personnel ainsi qu'à Hamdan toujours disponible et attentionné. Mais le must c'est la plage,  sable blanc un océan à couper le souffle.",2026-02-08T23:59:59.999Z
The Taaras Beach & Spa Resort,,4.0,位置很好，设施相对老旧，但是价格比较贵，性价比一般。沙滩不错，适合冲浪，走很远都不深，适合小小盆友玩。接送船还是收费的，130马币一趟。感觉这个房价含接送差不多。如果住的山边的房间，特别要注意猴子，阳台门如果不锁，猴子会自己开门,2026-02-08T18:45:54.086Z
The Taaras Beach & Spa Resort,,5.0,,2026-02-04T08:59:54.941Z
The Taaras Beach & Spa Resort,5/5,,"⭐ *Excellent Stay at The Taaras!*⭐We had a lovely stay at The Taaras. The resort is beautiful, comfortable, and very relaxing.Special thanks to Hasni (Activities Desk), Hamdan Rajab (Guest Experience Executive), for their excellent service and warm hospitality. We would also like to thank Eddy (buggy/van driver) for his kind help in finding my lost spectacles, truly appreciate his support and effort.Overall, a wonderful experience and highly recommended. We would definitely come back again! ⭐⭐⭐⭐⭐",2026-02-03T23:59:59.999Z
The Taaras Beach & Spa Resort,,5.0,Got an upgrade to the cliff premier suite!! Monsoon season but still amazing waters!!! U got to join the yoga sess! Amazing views,2026-02-03T08:07:59.257Z
The Taaras Beach & Spa Resort,,5.0,,2026-02-02T12:51:54.724Z
The Taaras Beach & Spa Resort,5/5,,Самый лучший по персоналу это Hamdan всегда смеётся и много спрашивает если проблемы всегда все решает. Очень красивое место,2026-01-31T23:59:59.999Z
The Taaras Beach & Spa Resort,,5.0,"The restaurant is very good with a delicious selection of food. The staff are very friendly and helpful, making the dining experience more enjoyable. The view is also beautiful and calming. Very suitable for a vacation and relaxation",2026-01-28T06:09:30.753Z
The Taaras Beach & Spa Resort,5/5,,"Service terbaik, staff sangat mesra dan membantu. Aktiviti snorkeling memang best dan teratur. ||Terima kasih khas kepada Pn Hasni (Activities Desk) dan semua staff di Taaras atas layanan yang sangat baik. Highly recommended!",2026-01-26T23:59:59.999Z
The Taaras Beach & Spa Resort,,5.0,A very wonderful holiday at The Taaras,2026-01-24T02:56:23.654Z
Pulau Payar Marine Park,,1.0,Nothing here. Irrelevant location,2023-02-26T06:11:58.862Z
Pulau Payar Marine Park,,5.0,Must visit if come down to Langkawi .. famous for scuba and diving,2023-02-12T04:17:18.879Z
Pulau Payar Marine Park,,5.0,Wonderful place to visit in Langkawi. A must visit location.,2023-02-11T14:04:40.452Z
Pulau Payar Marine Park,,5.0,Sanctuary at its finest,2023-02-11T14:02:27.686Z
Pulau Payar Marine Park,,1.0,Wrong landmark..please remove this to avoid confusions,2023-02-09T13:48:06.181Z
Pulau Payar Marine Park,,5.0,,2023-02-08T22:03:39.627Z
Pulau Payar Marine Park,,5.0,Tempat ni mmg best sangat. Nak scuba diving ke atau menikmati keindahan ke. Mmg cantik la kalau nk outfit of the day. Air laut dia pun cantik sangat. Boleh nmpk dasar. 🥰🥰🥰,2023-01-27T03:41:13.045Z
Pulau Payar Marine Park,,5.0,"Located at Langkawi.
Must visit place.
The island gives a romantic feel and the beautiful scenery really perfect for snorkeling activities too!
Highly recommended",2023-01-27T03:17:03.988Z
Pulau Payar Marine Park,,5.0,"Definitely the place to go for an adventurous trip. An exotic marine park with lots of adventurous activities such as scuba diving, snorkelling (with gears provided) and so much more. They even provide packed lunch. ✨",2023-01-27T03:12:58.306Z
Pulau Payar Marine Park,,5.0,The view of the sea is very beautiful. I can learn to swim in this area. Pulau payar easy to access this area. Can photography with family or love.,2023-01-27T02:08:58.923Z
Berjaya Tioman Resort - Malaysia,,5.0,,2026-06-06T01:47:11.942Z
Berjaya Tioman Resort - Malaysia,3.5/5,,"Overall, everything was okay. However, it was quite strange that guests were not allowed to park their motorcycles inside the resort while the resort staff were allowed to do so. The resort is very large, and guests have to walk a considerable distance from the outside parking area.Although buggy services are provided, there are only two available, and the waiting time can be quite long. With so much available space within the resort, it would make sense to designate a parking area for guests' motorcycles. This would greatly improve convenience for guests.",2026-06-05T23:59:59.999Z
Berjaya Tioman Resort - Malaysia,,5.0,"Magnificent experience in celebrating our 2nd time here for our 20th anniversary ❤️ super friendly & accommodating staffs from reception, coffee house and land & sea recreation staffs especially Amira & Adli & the boatmen 🤩👍 we booked the sunset (31/5) & turtle trip (2/6) and both are very satisfactory 👍 a very pleasant & memorable experience for our anniversary celebration, thank you 💙 will definitely come again 🫰Our rooms 420 & 421 from 31/5-2/6.",2026-06-04T17:24:49.907Z
Berjaya Tioman Resort - Malaysia,,1.0,"For a 4 star hotel, the stay was disappointing. Hospitality is poor. Everything needs to be informed and repeated for any action to be taken. After we arrived on the port, we waited 15 mins for someone to pick us up. No one came. We had to call again for someone to come. They didn’t provide towels and floor mats for 2 rooms on the first night. I called housekeeping and waited for 20 mins but no one came (again…). Called the receptionist and someone finally came after 10 mins but they only brought 1 set.

The stay feels like a subscription service where I only paid for the base model but need to upgrade to unlock features. There’s a tennis court but rackets and balls are charged a fee by the hour. Same goes to other facilities on the resort ie. bicycles, pickleball etc. The buggy isn’t frequent enough. Just to get from the lobby to the entrance requires 15 mins of waiting at the lobby. They lock you into their service where restaurants and other amenities are far apart. To get out to the jetty, they offer a taxi service… for rm 50. When we checked out, another hidden fee was imposed for tax.

The rooms are old. No bidet, switches are broken, floorboards exposed. The stay isnt worth what we paid for. Will not come again",2026-06-02T05:29:09.169Z
Berjaya Tioman Resort - Malaysia,,1.0,"Not recommended for family with toddlers. The garden beach rooms are located at the back near the construction site. Need to use buggy to bring all the luggage. Room service really-really bad. Told us the room is ready but they did not provide towels inside. Called the receptions few times and wait for more than one hour only to receive it. Same goes to every single request e.g. bottle water or in room dining. Useless. Better to rent a bike and takeaway food from the outside then waiting their lousy service.

Beach is okay, not clear enough but can see fishes swimming around. Not many people.

Returned shuttle provided from jetty to hotel.

Really not worth the money. Choose another service provider if you want to come to Tioman.",2026-06-01T13:36:05.849Z
Berjaya Tioman Resort - Malaysia,1/5,,I would never advice,2026-05-30T23:59:59.999Z
Berjaya Tioman Resort - Malaysia,,5.0,休闲好地方,2026-05-30T16:14:59.354Z
Berjaya Tioman Resort - Malaysia,,4.0,"3 days 2 nights stay
My husband had a little mishap. Fell from motorcycle and suspected to dislocate his shoulder.  Management was so quick to respond to our medical situation,  providing transport to nearby klinik kesihatan and made the entire painful experience more bearable.
Totally appreciate Chef Law, the manager on duty that evening. He was super helpful & kind.
The rooms were quite aged & the towels and bedsheets were not smelling nice. Overall our stay was more than pleasant.
Service was good. They were quick to respond to any complaints regarding the rooms.
Special mention to receptionist Ms. Aliya who made our check in & check out a breeze. Thanks to all other staffs for being wonderful throughout our stay here.",2026-05-30T01:52:25.082Z
Berjaya Tioman Resort - Malaysia,,5.0,,2026-05-28T04:26:14.076Z
Berjaya Tioman Resort - Malaysia,5/5,,Clean and relax,2026-05-27T23:59:59.999Z
Sipadan Kapalai Dive Resort,,5.0,Estás en el medio de la Nada. Es una experiencia única. Las tortugas gigantes en la noche son bellísima. 💯 Recomendado,2025-03-15T23:07:24.743Z
Sipadan Kapalai Dive Resort,,5.0,You dont have to go to Maldive anymore,2025-03-06T00:09:31.364Z
Sipadan Kapalai Dive Resort,5/5,,早上司机准时到酒店来接我们到卡帕莱的专用码头，这个码头就在龙门客栈附近，坐9:30的船去卡帕莱岛。一上岛接待人员讲解了注意事项，我们吃了午餐后13:30就拿到了房间钥匙。第一天的房间为54号，第二天又换到了82号，两个房间的风景都不错，相对来说我们更喜欢82号一些，在这里能看到无比绚烂的日落。岛上还辟有给员工和军人住的一块区域，我们清晨在水上运动中心看到的在游泳的一群血气方刚的小伙子就是那些军人。其实这里不是一个岛，但有露出水面的沙滩。我们朝海里看，真地看到了一条游动的水蛇，甚至晚上还看到有一条大蛇顺着水上运动中心的阶梯爬到平台上睡觉，于是明白了这里的水屋为啥不像马尔代夫有阶梯直接通到海里。这里浮潜只能在水上运动中心附近划出的一片区域，我们发现有三种不同的鱼群，但比我们在诗巴丹看到的Jack鱼风暴和狼鱼风暴还是规模小了些。第二天我们还与另外两位客人500马币包船去了附近的马布岛，参观了那里的民居，但要进入岛上最豪华的那个度假村还要每人再花50马币，我们没进去参观。离开卡帕莱那天坐的是11点的船，前台还送了每人一块三明治作为午餐。回到卡帕莱的专用码头后，随后就被车送去了机场，非常完美！,2025-03-02T23:59:59.999Z
Sipadan Kapalai Dive Resort,,5.0,,2025-03-02T19:43:20.344Z
Sipadan Kapalai Dive Resort,,4.0,"went here to have lunch on our boat, didnt go to the resort.. looks expensive and luxurious",2025-02-26T03:52:10.632Z
Sipadan Kapalai Dive Resort,,5.0,"I just come for snorkeling. Kapalai is a wooden platform on a shallow sand bank in the middle of the ocean, and area around it just slope into the depth. if storm and thrill and money is not a problem to you, you can stay here.. i'd rather be on an island proper at least.",2025-02-21T10:22:01.776Z
Sipadan Kapalai Dive Resort,,5.0,,2025-02-01T05:01:56.322Z
Sipadan Kapalai Dive Resort,3.2/5,,環境很美，食物一般,2025-01-30T23:59:59.999Z
Sipadan Kapalai Dive Resort,,5.0,,2025-01-26T05:26:04.151Z
Sipadan Kapalai Dive Resort,,5.0,,2025-01-24T09:07:53.964Z
Pulau Payar Marine Park,,5.0,popular site for snorkelling and diving.,2023-01-26T15:12:36.237Z
Pulau Payar Marine Park,,5.0,👍🏼👍🏼,2023-01-26T15:07:27.653Z
Pulau Payar Marine Park,,5.0,Pleasant location,2023-01-26T14:55:28.595Z
Pulau Payar Marine Park,,5.0,Crystal clear water that left you in awe as if you imagining it. This ocean paradise is a heaven to scuba divers and snorkels. It will totally be an experience to live for.,2023-01-26T14:43:06.474Z
Pulau Payar Marine Park,,5.0,I have a best experience snorkeling here. Beautiful coral and the water very clean and clear,2023-01-26T14:28:19.958Z
Pulau Payar Marine Park,,5.0,Holiday trip with clear sea water to swin. The servis here is very friendly and the room is good the area look nature beautiful. There also other attractions nearby but i like the sea more,2023-01-26T14:21:58.706Z
Pulau Payar Marine Park,,5.0,Suitable place for relaxing alone or with family and friends. Can go for snorkelling. Nice scenery and the water is so soooo jernih. I can see the fish clearly.,2023-01-26T14:20:24.220Z
Pulau Payar Marine Park,,5.0,"Scuba drivers, this is the best option for great adventure. The scenery was mesmerizing with blowing sea breeze makes ur day better. Highly recommend for camping or picnic plans.",2023-01-26T14:17:58.589Z
Pulau Payar Marine Park,,5.0,A must visit place while having Langkawi vacation. This place was so underrated but still one of the best to stay some day,2023-01-26T14:17:19.275Z
Pulau Payar Marine Park,,5.0,The best place to visit in Langkawi,2023-01-26T14:16:54.383Z
The Taaras Beach & Spa Resort,,5.0,"Really enjoyed my time at The Taaras. Clean, comfortable, and welcoming with delicious food",2026-01-21T05:29:29.626Z
The Taaras Beach & Spa Resort,,5.0,,2026-01-17T16:57:29.969Z
The Taaras Beach & Spa Resort,,5.0,"Шикарный отель
Все что нужно есть. Пляж, ресторан. Магазин местный только и кафе несколько.

Из минусов нужно убирать пляж пока не много туристов и оперативно. Много мусора выбросило на берег.

Номера хорошие, но мебель нуждается в ремонте или замене.",2026-01-12T05:05:31.856Z
The Taaras Beach & Spa Resort,5/5,,"Personal sehr freundlich und zuvorkommend.|Gutes Service, Unterkunft top, Essen sehr gut. |Falls das Wetter mitspielt fehlt es an Nichts.|Bei Monsun würden wir jedoch nicht wieder kommen. |Zu hohe Wellen, Regen, Wind, etc.",2026-01-08T23:59:59.999Z
The Taaras Beach & Spa Resort,5/5,,"This resort war awesome. It has an amazing beach, nice facilities and lots to do",2026-01-06T23:59:59.999Z
The Taaras Beach & Spa Resort,,5.0,,2025-12-23T06:33:51.311Z
The Taaras Beach & Spa Resort,,5.0,,2025-12-06T04:13:59.589Z
The Taaras Beach & Spa Resort,,5.0,Wow what an experience. One of the most incredible secluded places. Shallow waters and warm plus the service was top notch. Picturesque!,2025-12-04T05:21:59.527Z
The Taaras Beach & Spa Resort,5/5,,"Going during the low season, we have the entire resort for ourselves. One of the best decisions, all the staff taking care of us with all our requests and providing a sort of complimentary things.",2025-11-30T23:59:59.999Z
The Taaras Beach & Spa Resort,5/5,,"Здравствуйте, хотим поделиться впечатлениями после посещения данного места. Мы с мужем отдыхали в ноябре, остров встретил нас фантастической красотой, нежнейшим песком, теплейшим морем, палящим солнцем и замечательным отелем Taaras, где мы провели наш незабываемый отпуск. Хотим обратить особое внимание на наш отель, без сомнений (а опыт у нас есть), он был великолепен: во- первых, практически все выполнено из натуральных материалов, во-вторых, расположен наш отель в самом живописном месте на острове, и конечно хочется сказать огромное спасибо всему персоналу: нашему менеджеру, 24/7 она была с нами на связи и вела организацию, за идеальную чистоту и уборку в номерах, благодарим девочек, которые делали свою работу на отлично, за прекрасный выбор блюд на завтрак и индивидуальный подход к каждому гостю, за внимание, дружелюбие и заботу. Еще раз огромное спасибо, мы обязательно вернемся к вам еще не один раз💖.",2025-11-14T23:59:59.999Z
Berjaya Tioman Resort - Malaysia,,5.0,,2026-05-25T00:55:16.428Z
Berjaya Tioman Resort - Malaysia,,1.0,"After much consideration, I would not recommend anyone to book with this resort. I regret to say that it is not worth the RM 600 - 700++ per night stay and definitely not up to the standards of a 4 star hotel.

When we arrived last weekend, housekeeping carts were left beside our chalets, upon calling the lobby I was told that housekeeping has some rooms to clean later on nearby there so they left them (??!)
I asked them to please remove them as there were now already two carts in front of our stairs and multiple plastic bags of dirty towels.

All of us that stayed there got really bad bites from bed bugs!! They have still not healed.

The swimming pool is green and dirty. I was told they clean it everyday at 8am but in the 4 days I stayed, nobody cleaned it. Even the tiles were green and full of algae. The pool bar is closed down and abandoned and full of bird poop.

The beach only has a few lounge chairs at the most end of the beach and surprisingly exactly that area is not being cleaned. When we saw one of the staff cleaning the other part of the beach (with no chairs and no people), we asked them to kindly also clean the lounging area since there were cigarette buds etc. everywhere. We did also pick up the trash (not ours) ourselves but tbh I expect that a resort would maintain this.

We had two power outages throughout the stay - about 30 minutes.

The breakfast was good for most of the stay except for one morning there was spoiled milk in the coffee machine and milk dispenser. The coffee machine was not cleaned properly (rinse mode). Instead the team just replaced the milk carton and made one run-through with the new milk 🤢

I booked the hotel as I loved my stay at Berjaya Langkawi (very well maintained) but am honestly so disappointed in this resort from the Berjaya brand. It was really not worth the money and the trouble.",2026-05-24T10:45:42.492Z
Berjaya Tioman Resort - Malaysia,,5.0,"I had an absolutely delightful stay at Berjaya Tioman Resort. The hotel staff, particularly Suk Ma, went above and beyond to make my arrangements and adjustments as requested. Their attentiveness and professionalism were truly commendable. I felt incredibly well taken care of throughout my stay. I highly recommend the hotel for their exceptional service and hospitality. Only thing to suggest to make some arrangment fot insects although I understand its in the middle of a green area.

Overall a great vacation and a great hotel facilities.",2026-05-24T06:02:02.400Z
Berjaya Tioman Resort - Malaysia,,4.0,Wir haben uns wohl gefühlt. Man sollte Badeschuhe mitnehmen! Der Pool ist nicht sauber!,2026-05-20T14:47:33.003Z
Berjaya Tioman Resort - Malaysia,,5.0,,2026-05-18T06:45:38.477Z
Berjaya Tioman Resort - Malaysia,5/5,,"Service, facilities and foods are good. The places are great for the holidays and healing ✨",2026-05-17T23:59:59.999Z
Berjaya Tioman Resort - Malaysia,,5.0,unforgettable experience,2026-05-16T15:25:49.261Z
Berjaya Tioman Resort - Malaysia,,4.0,"Hospitality is the best! Room a bit old but clean. Ac working well and buggy service all the time! I tried the snorkeling trip, the best!",2026-05-16T06:58:26.837Z
Berjaya Tioman Resort - Malaysia,,5.0,"Stayed at Berjaya Tioman Resort for 3 days and 2 nights and honestly it was such an amazing experience. The view was absolutely beautiful, the rooms were very comfortable, the food was great, and all the staff there were very friendly and welcoming throughout our stay.

A special thank you to Aidil from the land & sea activities team who was super helpful throughout our stay. He answered all our questions and really went above and beyond to help with everything we needed.

Also thank you to our snorkelling guide, Afiq, who was such a nice and patient person. He taught us so many things about snorkelling and even helped us search for one of our missing snorkelling devices.

The buggy boys were all very efficient and friendly, and the receptionists were great as well. We also had a lovely experience with Chef Tom from the breakfast buffet — he was very friendly and we had such a good conversation with him during breakfast.

Overall, this was one of the best resorts I’ve stayed at and I would definitely come back again!",2026-05-15T03:16:32.861Z
Berjaya Tioman Resort - Malaysia,5/5,,Amazing service,2026-05-14T23:59:59.999Z
Sipadan Kapalai Dive Resort,,5.0,"Jedno z najpiękniejszych miejsc w jakim byliśmy. Nie do końca można się zgodzić z opiniami innych. W naszym domku 2 osobowym była klimatyzacja i dodatkowo 2 wiatraki. Jest jedno główne miejsce do snurkowania, dodatkowo 2-3 inne miejsca gdzie można snurkować jeśli nie ma odpływu (inaczej ludzie zdeptaliby rafę koralową). Jedzenie było pyszne, duży wybór. Obsługa miła i pomocna. Faktycznie internet działa słabo i nie ma telewizora ale nie sądzę, aby w takich okolicznościach było to konieczne. Polecamy!",2025-01-18T08:37:15.338Z
Sipadan Kapalai Dive Resort,,1.0,,2025-01-09T08:15:12.750Z
Sipadan Kapalai Dive Resort,0.5/5,,"難以置信酒店服務衛生環境這樣差😞1，酒店房間殘舊，2，衛生環境非常差，毛巾灰色的，沒洗過感覺，地板全是塵，冷氣機壞的，廁所板爛的，冰箱沒有電3，酒店木地板全部是攔&鬆脫了螺絲的，所以人和車走過都會發出聲音，請看視頻😞4,酒店房間沒有電話，酒店不提供Wi-Fi的，叫車找服務生都需要自己走出大堂，重點他們不一定回應你的訴求😤5.本來來一個清靜環境享受大自然，但每天早上六點多就不停給外面嘈吵的木地板聲吵醒￼😤😤😤6.總結：國內的民宿質素都比他們高￼😂",2025-01-04T23:59:59.999Z
Sipadan Kapalai Dive Resort,,1.0,,2024-12-28T11:25:58.726Z
Sipadan Kapalai Dive Resort,5/5,,"Resort on water, love every bit of it. Food is good too.",2024-12-25T23:59:59.999Z
Sipadan Kapalai Dive Resort,,5.0,,2024-11-20T23:42:23.972Z
Sipadan Kapalai Dive Resort,,3.0,,2024-11-11T08:48:41.724Z
Sipadan Kapalai Dive Resort,,5.0,,2024-11-11T05:32:10.913Z
Sipadan Kapalai Dive Resort,,4.0,去附近浮潛，沒入住,2024-11-09T06:33:08.404Z
Sipadan Kapalai Dive Resort,5/5,,This resort is built in the Coral Reef it's a dream destination|I was in awe|There is quite a lot of travel to get here|Semporna is the port from where you get the speedboat.. Approx 90 mins across the sea. Our crossing was quite rough waves but the captain was quite skilled to get us there safely|Once at the dock you get up onto the decking... Slitted platforms above the sea|And welcomed to a large hall area which is the dining room.|Welcome juice and flannels|This was quite a wait and I thought the staff did not provide enough information to us.. We felt we were hanging around.. None of the staff communicated with the guests for nearly an hour... And they were waiting for other guests arriving before a welcome type meeting and Information about the resort|We were also waiting for the accommodation to be cleaned.. They did not tell us|Lunch started a big buffet style meal with a Lot of choice... Everything was fully inclusive and extras had to be charged to your accommodation number|We were left to explore and once the rooms were ready a golf buggy transported us to our room... Which was amazing|See photos|Large wooden rooms with private facilities and terrace all private with a view to the ocean an coral reef|Amazing|Good air conditioning and fans|Kettle and water and tea bags|Toiletries and towels|Extremely well sized and comfortable|Dive centre for scuba and snorkeling .. All well organised|Enjoyed this tremendously|I rent a go pro camera great service and footage transferred|Meal times at|Set times throughout the stay and can be busy|But it was all good varied choices for all tastes|Lots of seating and relaxing areas to enjoy the Coral and ocean|Staff very friendly|,2024-11-02T23:59:59.999Z
Pulau Payar Marine Park,,5.0,"Calm.. nature calling. Easy to access, they have resort/rooms to stay too. You can also do snorkeling here.
First time went here Langkawi with my classmates, for fieldwork. But I came again, duo travel with my cousin because I love Langkawi so much. Pulau Payar is one of our checklist and it's worth it to come here !",2023-01-26T14:15:58.539Z
Pulau Payar Marine Park,,5.0,A fun and adventourous for me. Can bring kids here. Very enjoy to scuba. Very fresh air and water,2023-01-26T14:12:31.201Z
Pulau Payar Marine Park,,5.0,the water here is very clear. went for snorkeling and you can see the fishnand coral in the bottom of the sea,2023-01-26T14:11:43.572Z
Pulau Payar Marine Park,,4.0,"A really great Marine Park, a must go place. There are many water activities available such as scuba diving, snorkelling, diving and more.Those who want to vacation with family and friends are highly encouraged to visit this island",2023-01-26T14:09:59.605Z
Pulau Payar Marine Park,,4.0,Nice place ever,2023-01-26T14:09:43.237Z
Pulau Payar Marine Park,,5.0,"Looking for island that is not overrated but the quality is tip top? You should visit this place. Great for family gatherings, snorkelling and of course the fantastic view!",2023-01-26T14:09:38.151Z
Pulau Payar Marine Park,,5.0,"One of my snorkeling and diving bucket list, and I have achieved this list! the water is clean. ab lot of fishes swimming around when snorkeling",2023-01-26T14:09:16.467Z
Pulau Payar Marine Park,,5.0,Nice,2023-01-26T14:08:48.469Z
Pulau Payar Marine Park,,5.0,"Tempat paling sesuai utk tenangkan fikiran & healing. Bagi yang pencinta alam sekitar,tempat ini sangat sesuai.Bersih & laut biru & berangin❤️❤️❤️",2023-01-26T14:07:28.131Z
Pulau Payar Marine Park,,5.0,Pulau yg cantik di langkawi,2023-01-26T14:07:05.330Z
Berjaya Tioman Resort - Malaysia,,5.0,Delighful stay here! Staff was friendly & helpful esp staff named Amira at Land & Sea Activities counter. Joined the island hoping cause of her marketing skills! 😘,2026-05-13T06:05:32.436Z
Berjaya Tioman Resort - Malaysia,,5.0,"great service by amira, she did a great job in promoting the snorkelling activities to us",2026-05-13T06:05:01.584Z
Berjaya Tioman Resort - Malaysia,4.2/5,,"Family-friendly with excellent and helpful service from day one of check-in. The team responds promptly to every request and ensures all your needs are well taken care of.This was my daughter’s first island trip, and she truly enjoyed the wonderful hospitality, memorable experience, and lovely birthday cake surprise.They also provide punctual pick-up and drop-off service between the jetty and hotel, with helpful ferry time reminders to ensure we didn’t miss our departure.",2026-05-11T23:59:59.999Z
Berjaya Tioman Resort - Malaysia,5/5,,Everything was nice. Super helpful stuff… Beautifil area .,2026-05-11T23:59:59.999Z
Berjaya Tioman Resort - Malaysia,,5.0,"Quite a beautiful resort, but expensive. You can snorkel from the beach. Nice swimming pool.",2026-05-09T15:44:31.315Z
Berjaya Tioman Resort - Malaysia,,5.0,"Excellent service from very warm and  helpful.staff. We enjoyed coral island tour with Mubin who went the extra mile to bring us to see Dolphins. He also helped to look after a toddler and encouraged those who were  first timers in snorkelling. We got to see Dolphins because of him. Hotel staff, Aidil was very kind and helpful. Amirah, an intern, is warm.and friendly. She is doing well despite having just completed  the first month of her internship.",2026-05-09T13:04:05.440Z
Berjaya Tioman Resort - Malaysia,5/5,,Nice place to visit,2026-05-08T23:59:59.999Z
Berjaya Tioman Resort - Malaysia,5/5,,One of the best vacay highly recommended,2026-05-05T23:59:59.999Z
Berjaya Tioman Resort - Malaysia,,5.0,,2026-05-05T01:55:30.298Z
Berjaya Tioman Resort - Malaysia,5/5,,Its a very chill and relax places.  Very helpful staff who helped me to resolve my problems during my stay.,2026-05-04T23:59:59.999Z
The Taaras Beach & Spa Resort,,5.0,,2025-11-14T04:47:30.835Z
The Taaras Beach & Spa Resort,,5.0,يجنن المكان والطبيعه كل شي روعه,2025-11-05T09:18:46.253Z
The Taaras Beach & Spa Resort,,5.0,The employees are so attentive. The beach is splendid.,2025-11-04T17:27:10.090Z
The Taaras Beach & Spa Resort,,4.0,,2025-10-28T12:10:20.242Z
The Taaras Beach & Spa Resort,,4.0,"Overall it's a great resort. Food was okay, not extraordinary. Chin, Maria both entertained with beautiful love singing at night. Jessica, Putri, Sophia and yanti were polite and friendly.",2025-10-27T08:19:59.279Z
The Taaras Beach & Spa Resort,5/5,,"Great experience, wonderful service, just too expensive:)",2025-10-11T23:59:59.999Z
The Taaras Beach & Spa Resort,,4.0,,2025-10-04T13:45:04.059Z
The Taaras Beach & Spa Resort,,5.0,"It may depend on the season, but the seawater looked as clear as in the Maldives.
The view from the room was breathtaking.
I really enjoyed snorkeling walks with the children—we even saw a turtle.",2025-10-03T10:02:43.061Z
The Taaras Beach & Spa Resort,,5.0,,2025-09-28T02:37:52.253Z
The Taaras Beach & Spa Resort,,5.0,"We stayed at Taaras Beach & Spa Resort for 3D2N. We arrived early aroind 12.30pm and they allowed us for early check in aa the room was ready.
Their staff were very friendly and helpful.
Starting from information requisition to booking to managing our stay till our departure at the jetty was very smooth and well managed.",2025-09-26T13:57:07.591Z
Sipadan Kapalai Dive Resort,,3.0,"A place of remorse,haha",2024-11-01T22:59:06.885Z
Sipadan Kapalai Dive Resort,,5.0,Good.,2024-10-30T04:19:14.213Z
Sipadan Kapalai Dive Resort,,5.0,,2024-10-27T19:52:07.446Z
Sipadan Kapalai Dive Resort,,5.0,Superb just like Maldives,2024-10-24T02:01:56.344Z
Sipadan Kapalai Dive Resort,,5.0,,2024-10-17T03:23:46.245Z
Sipadan Kapalai Dive Resort,4.7/5,,The sea was so clear. Sea turtles can be seen from the balcony every night. very nice diving coaches. Highly recommended.,2024-10-16T23:59:59.999Z
Sipadan Kapalai Dive Resort,5/5,,風景真的是太美了，島上的每一處隨手一拍就能出片，人生有幸非常值得去的一個海島，島上有部隊也非常的安全，希望下次有機會再帶着家人一起去,2024-10-01T23:59:59.999Z
Sipadan Kapalai Dive Resort,,5.0,,2024-09-28T06:29:46.392Z
Sipadan Kapalai Dive Resort,,5.0,,2024-09-19T03:08:58.240Z
Sipadan Kapalai Dive Resort,,5.0,My bucket lists with my loved ones,2024-09-17T08:36:33.671Z
Sipadan Kapalai Dive Resort,2/5,,"The location is sensational, over water bungalows where you dive straight into crystal clear waters for snorkelling.||There are lots of cons though, many of which are directly due to poor management decisions. I agree with other reviews that the food is barely edible, the buffet is drenched in oil, has limited options and mainly focuses on Chinese cuisine (which is strange for a resort in Malaysia). While some rules are for guests enjoyment, there are oppressive restrictions on when and where you can go snorkeling, which is outrageously hypocritical when hundreds of day visitors can snorkel directly outside the bungalows. There is no privacy. There is also no value given to the environment and protection of the precious water life, we saw visitors harassing the turtles and not giving them distance and space to even breath.||So we had some nice moments, but it’s not worth the price and hassle.",2024-09-11T23:59:59.999Z
Sipadan Kapalai Dive Resort,,2.0,Don’t stay here unless you’re a diver. It won’t meet your (Western) expectations and you won’t enjoy it,2024-09-04T04:24:01.747Z
Sipadan Kapalai Dive Resort,,3.0,,2024-09-02T06:15:33.360Z
Sipadan Kapalai Dive Resort,,5.0,paradise middle in the sea,2024-08-27T05:13:57.548Z
Sipadan Kapalai Dive Resort,,5.0,"The best resort in semporna,  everything is prefect.. must go there enjoy and relax 😌 😉",2024-08-22T05:25:45.311Z
Sipadan Kapalai Dive Resort,,1.0,600 € per night for a 3 star hotel in a remote location? Are you insane??,2024-08-20T18:46:53.010Z
Sipadan Kapalai Dive Resort,,1.0,"I am here at the Kapalai Resort for 3 days 2 night stay. I am disappointed with some of items listed below:
1. Air conditioning: The only one air conditioner is working but because of the room space is large, I am sweating in the room the whole day. The room designing is not practical. The room should have at least 2 air conditioner.
2. I was force to buy wifi data because there is no wifi supply by Kapalai resort. What a ridiculous step taken by Kapalai Resort just to sell wifi data to customers?",2024-08-20T08:45:01.849Z
Sipadan Kapalai Dive Resort,,1.0,"地点很漂亮，仅此而已。
1. 房间 - 房间很大，可是空调只有一小个，呆在房间里面太热，会一直流汗，信号也没有，去前台询问只会得到“请购买网络”的回复。厕所没门没帘，除了情侣之外，普通家庭很难一起在洗澡时间呆在里面。电视机也没有
2. 海景绝美，可是允许住客浮潜的地方竟然比开放给外来客的地方还小。只要一上午，你就没地方游了，白白浪费了这边的海景
3. 没信号没网络真的很不方便，房间距离餐厅很远，完全没办法叫车。想象一下你得走将近500米，在没遮棚的情况下暴晒15-20 分钟走路。
4. 没遮棚，整个resort 是没遮棚的，就连从office 去到餐馆都是没遮棚，下雨是没办法走过的
5. 客服 糟糕至极，这样的价钱不应该是这样的客服，员工基本爱理不理，有什么都得自己解决
6.食物 没什么特别可取之处，吃得饱就好

这么美的景色，真的浪费了，有在找海景房的，可以选择mabul",2024-08-20T08:43:15.357Z
Sipadan Kapalai Dive Resort,3/5,,"Abbiamo soggiornato per due notti nel bungalow numero 58 e ci sono stati subito problemi all'arrivo: non c'erano le tende e su mia richiesta sono state messe delle tende non adatte; non si poteva inoltre usare la vasca e quindi la doccia andava fatta all'esterno, all'aperto, come conseguenza ho riportato parecchie punture di zanzare. Il cibo è adatto alla clientela cinese ma, alla fine, qualcosa si riusciva a mangiare. La location e l'isola sono spettacolari poiché sembra un acquario a cielo aperto.",2024-08-09T23:59:59.999Z
Sipadan Kapalai Dive Resort,,4.0,,2024-08-04T04:32:46.176Z
Sipadan Kapalai Dive Resort,1.5/5,,"the transfer boat from Tawau Airport to the property is troublesome. The booking includes an airport pickup and boat transfer to the property but only at a fixed time per day. You need to be in Tawau Airport no later than 10:00am local time to use the pre-booked service. The time is very tricky and has very limited airline and easy to miss then they charge $321.26 to re-arrange pick up from Tawau Airport.Based on research, 1.5hr bus from Tawau Airport to port is RM25 (Malaysia currency, about $5.56) per person. Then 45min boat transfer to the property. The boat condition is super ugly which might not permit to carry passengers in United States. The boat condition like a multi-hand used fishing boat you can buy from cralist for less than $3000. However, the total charge is $321.26 for such transport services.After arriving in hotel, the hotel service is also very poor which I think it can not match a motel in United States. No phone in the room to connect to the front desk: you need use you own cell phone to call front desk and usually the signal is too poor to make a phone call. No enough shower towel either and hot water run out quickly during shower. What’s more, you need to pay extra to purchase internet. Price is ok but slow which can not make stable video conference which is super unfriendly for people need to work while traveling",2024-08-03T23:59:59.999Z
Sipadan Kapalai Dive Resort,,5.0,,2024-07-30T00:24:06.992Z
Sipadan Kapalai Dive Resort,,5.0,,2024-07-29T11:34:06.001Z
Sipadan Kapalai Dive Resort,,5.0,"Most amazing place for diving. fantastic Dive team and service team. Only problem is that it is now more a Chinese tourist hotspot of non divers, than a true divers paradise like it used to be. Special thanks to Dive master Wie for some amazing dives at Sipadan and around Kapalai.",2024-07-19T03:54:41.637Z
Sipadan Kapalai Dive Resort,4.5/5,,環境十分美,2024-07-17T23:59:59.999Z
Sipadan Kapalai Dive Resort,,3.0,"We did snorkeling there but it was nothing special. I would prefer other island for snorkeling, not resort islands.",2024-07-10T06:11:03.148Z
Sipadan Kapalai Dive Resort,,5.0,,2024-07-09T09:48:53.268Z
Sipadan Kapalai Dive Resort,,5.0,,2024-07-02T05:59:08.850Z
Sipadan Kapalai Dive Resort,,5.0,,2024-06-27T06:59:11.948Z
Sipadan Kapalai Dive Resort,2/5,,"Kapalai honestly is more for diver to stay as kapalai have a big diving centre and mainly for relax without other activity.||~Kapalai no WiFi in the room||~Kapalai no telephone service and no mobile network in the room. Even they provide buggy service but is useless because no signal for you to call the buggy service.||~Kapalai no TV in the room. The room just for sleeping.||~Kapalai no Spa and massage service ||- Kapalai no gym service.||- Kapalai always encounter electric circuits trip in the room especially at night. ||~Kapalai snorkeling is not including in the package, need to pay separately||- Kapalai The socket in the room mostly not function. ||~Kapalai during night is very dark at the hallway while walking to the room. Need torch light if walking alone in the hallway.||~Kapalai no hot water in the room. The hot water is useless because even on for 30 minutes still cold water.||* But the only good thing in Kapalai is you can see sea turtles everyday even beside your room if you are lucky.||* Kapalai have better privacy as they only serve in house guest and no outsider visitor allowed in Kapalai.",2024-06-23T23:59:59.999Z
Berjaya Tioman Resort - Malaysia,,5.0,"Me and my family went here for five nights and there was so much to do and soo good staff, good food for people with diet (celiakic)🥰😊🍉✈️✈️🏖🦀🍇🍉🍌🍋‍🟩🥭🐒",2026-05-03T13:57:47.757Z
Berjaya Tioman Resort - Malaysia,,5.0,Tempat menarik ..kemudahan lengkap staf semua sgt membantu dan peramah ..sgt sesuai dtg dgn keluarga..makanan semua sedap dan byk pilihan ..,2026-05-03T06:30:01.309Z
Berjaya Tioman Resort - Malaysia,,5.0,,2026-05-03T06:23:42.087Z
Berjaya Tioman Resort - Malaysia,,5.0,great experience. rooms is a bit run down. but still acceptable,2026-05-03T04:43:56.583Z
Berjaya Tioman Resort - Malaysia,,5.0,Great service and amenities,2026-05-03T04:34:45.519Z
Berjaya Tioman Resort - Malaysia,,5.0,,2026-05-03T02:46:40.060Z
Berjaya Tioman Resort - Malaysia,,5.0,"Very convenient and nice environment. Shuttle service is good. Food is good toooooooo, we had our breakfast lunch and dinner all in the resort itself.",2026-05-03T01:53:10.859Z
Berjaya Tioman Resort - Malaysia,,5.0,,2026-05-03T00:45:32.706Z
Berjaya Tioman Resort - Malaysia,,5.0,,2026-05-03T00:28:00.501Z
Berjaya Tioman Resort - Malaysia,,5.0,Great service and great staff... highly recommended,2026-05-02T23:43:01.757Z
Sipadan Kapalai Dive Resort,,5.0,舒服放鬆好的環境 天然水族館,2024-06-17T04:08:06.478Z
Sipadan Kapalai Dive Resort,,2.0,"Undoubtedly great view, but that’s it.

This spot has tons of dead coral, plastic bottle and trash are visible throughout during our stay for 3 days.

Please note that this hotel has absolutely nothing to offer other than scuba diving.

Food are bad, really bad
Rooms are bad for the price, hotel owner milk every single cent out of it without upgrading it facilities. Faulty balcony door, damaged soap dispenser, leaking mini fridge, Terrible room amenities.

Uses plastic bottle instead of water dispenser. Such facilities should promote green practice, not environment friendly at all despite being located in Sabah ocean conservation park.

I believe this place could have alot more sea turtle.

Conclusion : this place is definitely overrated, but it’s a great experience to be able to jog on the wooden deck in the middle of ocean.",2024-06-14T23:11:49.280Z
Sipadan Kapalai Dive Resort,5/5,,"Stayed at the resort for my dive trip. From pick up at the airport till transfer to the airport on the last day, the service was reasonably good from the different staff. The accomodation was tidy and importantly, well maintained. Food spread was good and there were ample places for eating. Nice surroundings. Good place for those who want to lay back and enjoy tranquility.",2024-06-07T23:59:59.999Z
Sipadan Kapalai Dive Resort,3.2/5,,島上沒有太多的娛樂設施、兩天住一晚都夠了、訂需要最少兩晚起、水屋比較大、設施有點成舊了、水屋而且沒有直接下水的地方、雖然酒店的自助餐每天不重複、但是沒有別的選擇、想要出去吃海鮮、需要自己500馬幣包船出去買,2024-06-07T23:59:59.999Z
Sipadan Kapalai Dive Resort,,5.0,,2024-06-01T05:15:49.536Z
Sipadan Kapalai Dive Resort,,1.0,,2024-05-24T15:25:40.489Z
Sipadan Kapalai Dive Resort,,5.0,,2024-05-24T08:46:19.747Z
Sipadan Kapalai Dive Resort,,5.0,,2024-05-22T12:35:49.403Z
Sipadan Kapalai Dive Resort,3/5,,"L’hotel è molto bello, ma un po’ datato, le camere sono pulite e il panorama è mozzafiato. Purtroppo il ristorante è di qualità veramente bassa e c’è poca scelta per vegetariani/vegani, per cui spesso ci sono le stesse cose del giorno/giorni prima. Il diving centre è ok, nulla di più. La nostra guida faceva dei briefing molto sbrigativi e poco informativi. Sott’acqua andava molto veloce e non si curava molto dei subacquei con lui. Per fortuna c’erano sempre due guide e il nostro gruppo era abbastanza omogeneo e con esperienza. Le immersioni a Sipadan sono bellissime, ma Mabul non è niente di che. Bisognerebbe sempre cercare di andare a Sipadan, ma giustamente danno la possibilità a tutti di andare quindi alternano l’una e l’altra. Lo snorkeling intorno al resort si può fare solo in aree circoscritte..||Il personale dell’hotel e del diving è stato sempre molto gentile e disponibile. ||In generale, la cura dell’ambiente ci è sembrata poco attenta, essendo un resort completamente sull’acqua, si dovrebbero evitare mozziconi in acqua e bottiglie di plastica lasciate al caso. Indicano che se si spreca cibo del buffet possono dare una sovrapprezzo, ma in pratica non controllava nessuno. E di cibo sprecato, purtroppo, ne abbiamo visto tanto. Il Wifi (a pagamento) è stato inutilizzabile perché non c’è campo, ma se avete un buon roaming funziona un po’ ovunque.",2024-05-18T23:59:59.999Z
Sipadan Kapalai Dive Resort,,3.0,,2024-05-10T09:41:11.973Z
The Taaras Beach & Spa Resort,,5.0,,2025-09-26T03:55:10.851Z
The Taaras Beach & Spa Resort,5/5,,Super expérience! Tout le personnel étaient aux petits soins pour nous et en particulier hamdan ! Je recommande fortement !,2025-09-24T23:59:59.999Z
The Taaras Beach & Spa Resort,,5.0,"Our experience at Taaras Resort was absolutely superb, largely thanks to the incredibly friendly and helpful Adam. He went above and beyond to assist us with everything we wanted to explore, making our trip truly unforgettable. From the turtle snorkeling to the stunning Redang exploration, it wouldn't have been the same without his guidance. We are so grateful to have met Adam during our stay, and we can’t thank him enough for making our time there special. We hope to return soon!",2025-09-20T07:15:58.480Z
The Taaras Beach & Spa Resort,4/5,,"Adorámos os nossos dias no Taaras, num cenário espetacular. Infelizmente o quarto que havíamos marcado estaria a precisar de alguma manutenção, nomeadamente quanto ao isolamento das janelas e quartos, pelo que tivemos várias lagartixas e animais a entrarem no quarto de dormir. Com a troca de quarto, e o upgrade que nos deram, ficámos bastante satisfeitos.||Uma sugestão de melhoria: poderia haver alguma música ao vivo e mais atividade para quem queira tomar um café ou beber um copo ao final da noite.",2025-09-19T23:59:59.999Z
The Taaras Beach & Spa Resort,,4.0,✅️😍👌🫰🤝✌️👍,2025-09-18T08:05:03.830Z
The Taaras Beach & Spa Resort,4/5,,"Bonne expérience dans cet hôtel, avec quelques défauts.|L'hôtel était propre, la piscine et la plage étaient propres.|Le personnel très sympathique, et les repas étaient bons.|Pour les défauts : les services sont très chers..|Et surtout, nous avions 1 heure de kayak gratuite, mais nous ne voulions pas laisser notre enfant de 9 mois à des baby sitters, nous avons donc demandé s'il était possible qu'on profite d'un autre service à la place. Et la réponse fut non de manière catégorique.|Nous ne trouvons pas cela normal sachant que nous avions payé plus de 1700 euros pour 5 nuits..",2025-09-17T23:59:59.999Z
The Taaras Beach & Spa Resort,,3.0,"​I recently stayed at The Taaras and unfortunately, my experience was quite disappointing, especially considering the price of over $400 USD per night. The resort did not meet my expectations.
​The property feels very old, especially the room. While it was spacious, the furniture was outdated, the bed was uncomfortable, and the bathroom had an unpleasant smell.
​On the positive side, the beach was beautiful and the staff was generally friendly and cordial. However, I had a very unpleasant experience at the pier where a security guard rudely took the hotel towels from my hand as I was taking them onto a private boat. This kind of attitude is unacceptable, especially given the high cost of the stay.
​Another major issue was the cleanliness; the sun loungers on the beach were dirty and there were a lot of flies and mosquitoes everywhere.
​Overall, I feel this resort is overpriced for what you get.",2025-09-12T19:01:56.504Z
The Taaras Beach & Spa Resort,,5.0,,2025-09-12T18:25:37.861Z
The Taaras Beach & Spa Resort,,5.0,Very great 👍,2025-09-09T11:17:58.316Z
The Taaras Beach & Spa Resort,,5.0,"I had a truly wonderful stay at The Taaras. The resort itself is breathtaking, but what made my experience unforgettable was the people. A very special thank you to Mr. Azmi for his outstanding hospitality – he was attentive, professional, and always made me feel genuinely welcomed throughout my stay. His warmth and dedication truly reflect the high standards of The Taaras. I would also like to thank Irfan for his kind help to bring us watch the turtle. The Taaras is not only a stunning getaway but also a place where guests are treated with sincere care. I truly enjoyed every moment here and will surely come again. Thank you for the great experience.",2025-09-09T04:20:28.645Z
Pulau Payar Marine Park,,5.0,Really great place for snorkelling 👍🏻🌳,2023-01-26T14:07:03.962Z
Pulau Payar Marine Park,,5.0,beautiful and peaceful marine park🙂👍,2023-01-26T14:06:55.828Z
Pulau Payar Marine Park,,5.0,"love it adventure vibes! If island hoping us in your list or not, you still have to do this by taking a day trip to this exotic marine park.",2023-01-26T14:06:46.497Z
Pulau Payar Marine Park,,5.0,very nice place to snorkeling.,2023-01-26T14:06:42.341Z
Pulau Payar Marine Park,,5.0,I will never forget the activities I experienced here❤️❤️ The scenery such a pleasure to my eyes.. Everything is amazing 🌹🌹🌹,2023-01-26T14:05:53.358Z
Pulau Payar Marine Park,,5.0,A must visit place and best experience ever. Surely will repeat!,2023-01-26T14:05:41.625Z
Pulau Payar Marine Park,,5.0,Want to somewhere like Phuket come to this Island you won’t be regret!!!,2023-01-26T14:05:29.375Z
Pulau Payar Marine Park,,5.0,Best for travel & vacation place,2023-01-26T14:05:25.394Z
Pulau Payar Marine Park,,5.0,Good snorkelling experience,2023-01-26T14:05:20.307Z
Pulau Payar Marine Park,,5.0,The best place and nice view..highly recommend!,2023-01-26T14:04:42.467Z
Berjaya Tioman Resort - Malaysia,,5.0,Good place for team bonding,2026-05-02T23:41:53.760Z
Berjaya Tioman Resort - Malaysia,,5.0,Clean rooms and great location! Will be back real soon :)),2026-05-02T23:37:30.019Z
Berjaya Tioman Resort - Malaysia,,5.0,Great experience. Rooms are tidy and reception is good.,2026-05-02T23:29:03.573Z
Berjaya Tioman Resort - Malaysia,,4.0,,2026-05-02T23:24:26.172Z
Berjaya Tioman Resort - Malaysia,,4.0,"Resort cantik, complete dgn segala fasiliti.. cuma, keadaan bilik agak rundown utk harga premium yg ditawarkan.. kena improve sikit.. tp still lg selesa utk di pulau..

Sesuai utk buat training, ada dewan disediakan.. makanan sedap..",2026-05-02T21:49:42.824Z
Berjaya Tioman Resort - Malaysia,,5.0,,2026-05-02T12:38:27.089Z
Berjaya Tioman Resort - Malaysia,,5.0,,2026-05-02T07:36:42.135Z
Berjaya Tioman Resort - Malaysia,,5.0,,2026-05-02T07:36:34.456Z
Berjaya Tioman Resort - Malaysia,,4.0,Good services from Berjaya Tioman. Will come back soon,2026-05-02T03:36:13.570Z
Berjaya Tioman Resort - Malaysia,,5.0,,2026-05-02T01:11:52.597Z
Sipadan Kapalai Dive Resort,,5.0,,2024-05-05T07:32:07.028Z
Sipadan Kapalai Dive Resort,,5.0,,2024-05-02T10:24:46.935Z
Sipadan Kapalai Dive Resort,5/5,,Ein Tsuchtesort mit tolen standardisierten Abläufen. Das Tauchcenter ist super funktioninal mit einem super netten Team.  Das künstliche Hausriff ist top und es gibt jederzeit etwas zu sehen . Schlafkomfort in Villa 19 top . Das essen ist ok und die Menschen super nett,2024-04-20T23:59:59.999Z
Sipadan Kapalai Dive Resort,,5.0,"Wonderful resort that provides great service. Fishes, star fishes and turtles can be seen easily in the water.",2024-04-09T11:06:20.970Z
Sipadan Kapalai Dive Resort,,5.0,,2024-04-06T03:43:06.172Z
Sipadan Kapalai Dive Resort,,5.0,"The only word to define this place is… PARADISE. Oh my gosh! It is unbelievable, it seems unreal. And especially the service provided are high standards, much better than what you can expect. The rooms are fantastically cleaned and designed. This is a VERY HIGH RECOMMENDATION",2024-04-03T10:31:25.853Z
Sipadan Kapalai Dive Resort,,1.0,"customer service MIKO, very bad attitude and bad service‼️",2024-03-30T01:06:39.429Z
Sipadan Kapalai Dive Resort,,5.0,讚,2024-03-26T10:21:12.209Z
Sipadan Kapalai Dive Resort,,5.0,,2024-03-20T07:58:55.892Z
Sipadan Kapalai Dive Resort,,5.0,"很美的地方～村內到處都有可以下水的浮潛台，海洋生態保護的很好。
交通不容易，餐食內容一定會比較簡單，這不是缺點，簡單也是一種體驗。",2024-03-20T00:02:07.199Z
The Taaras Beach & Spa Resort,,3.0,房間一般，價位偏高，同等價位在有更多地方的度假選擇,2025-09-07T03:06:04.553Z
The Taaras Beach & Spa Resort,,4.0,,2025-09-06T15:17:18.827Z
The Taaras Beach & Spa Resort,,5.0,I must say about the food and beverage restaurant manager en Rizal. Look for him regards to your meal. En saiful at hotel buffet. Florina at front desk.,2025-09-06T13:43:39.704Z
The Taaras Beach & Spa Resort,,2.0,"Overall Impression
Except for the view, everything else fell far below expectations. I paid nearly RM6,000 for 2 nights, but the stay was nowhere near worth the price. This is not a 5-star resort—it is closer to 3-star. The property relies solely on its location while neglecting service, facilities, and maintenance. Unfortunately, other guests have raised similar issues in past reviews, and it is clear that no real improvements have been made.

Ratings
•	Price/Value: 2/5
•	Scenery & Location: 4/5
•	Facilities: 2/5
•	Access: 2/5
•	Service Quality: 2/5
•	Dining: 1/5
•	Cleanliness: 3/5

Beach & Location
The white sand beach was beautiful, clean, and well maintained. The view from the Cliff Bayview Suite was stunning. On this point alone, the resort deserves 5/5.

Room & Facilities
The suite was poorly maintained: TVs did not work, the air conditioner was broken, the floors felt gritty, and the bed mattress was uncomfortably hard. Bathwater was yellowish and cloudy, and tap water had a strong unpleasant smell. In-room dining dishes were left in the hallway for over two days. The bathroom amenities (L’Occitane) had an overly strong, chemical scent.
There were also two large flies inside the room, which gave a very unclean.This did not feel like a 5-star resort.

Check-in / Check-out & Service
While early check-in was allowed, overall service was unfriendly and mechanical. The welcome drink was handed out carelessly. The check-in process was rushed, with no explanation of facilities or activities. At check-out, staff simply processed the paperwork with no smile, no feedback, and no hospitality.

Dining
Breakfast was poor: hot dishes were already cold, the selection was limited, and seasoning was extreme. Complimentary soft drinks were only high-sugar choices (Fanta, A&W, Coke). Overall, the food quality was closer to 3-star level.

Activities
The snorkeling tour was disappointing: many corals were bleached, fish variety was low, and the sea was overcrowded with tours from the nearby public beach.

Other Issues
Wi-Fi did not work. Hot water took over 15 minutes to arrive and quickly turned cold. Guests had to set up their own sun loungers and collect towels from the counter. No complimentary water was provided.

Access
The resort is difficult to reach: 1-hour flight from Kuala Lumpur to Kuala Terengganu, another 1-hour drive to the jetty, and then a 40-minute boat ride. For international travelers, it is a long journey with little reward.

Please do not respond with a generic template reply. What matters is genuine improvement. As long as repeated guest concerns remain unaddressed, this resort will continue to disappoint.",2025-09-06T11:47:19.309Z
The Taaras Beach & Spa Resort,,1.0,The staff is amazing except the room is outdated. Resort should do something on it.,2025-09-04T10:37:06.747Z
The Taaras Beach & Spa Resort,,5.0,,2025-09-03T14:03:30.405Z
The Taaras Beach & Spa Resort,,5.0,"I had the pleasure of staying at The Taaras Spa & Resort for five days, and it truly felt like an escape to paradise. The location is breathtaking, nestled in a stunning natural setting that immediately makes you feel relaxed and at peace.

The services provided were excellent — from the sunbeds and umbrellas on the beach to the wide range of activities and excursions, everything was well organized and enjoyable. The breakfast buffet was rich and offered a great selection of international options, while lunch and dinner at the resort’s various restaurants were consistently delicious.

What really stood out to me was the service: the staff were exceptional — attentive, kind, and always eager to make guests feel comfortable. The cleanliness of the rooms was also impressive and contributed to an overall sense of care and attention to detail.
If I had to mention one drawback, it would be that the rooms feel a little dated and could benefit from some modernization. That said, this is a minor issue compared to all the positives.

Overall, it’s a wonderful destination for anyone seeking relaxation, great service, and unforgettable experiences. I would definitely recommend it and would love to return.",2025-09-02T03:46:21.849Z
The Taaras Beach & Spa Resort,,2.0,"The Taaras Resort has a beautiful beach and friendly staff, but overall, it doesn’t meet 5-star expectations. The room felt ordinary, several items didn’t function properly, and cleanliness was below standard — stains on the toilet bowl, pillowcases, and towels.

The pricing is unreasonable for the quality provided. Food is overpriced and not particularly good; even the BBQ was underwhelming and wasn’t by the beach as expected. Private snorkelling and fishing trips are also charged at steep rates.

While the location is lovely, the experience as a whole feels far from 5-star value.",2025-09-01T14:40:21.271Z
The Taaras Beach & Spa Resort,1/5,,"Please don’t stay in this hotel , The food here is awful — you leave the restaurant still hungry. The rooms are outdated and badly need renovation. This hotel is definitely not worth the money you pay. The manager of the hotel ( the wamen wearing in yellow ) was so rude !",2025-08-31T23:59:59.999Z
The Taaras Beach & Spa Resort,,5.0,Best yoga in the world with the wonderful Bruce!,2025-08-31T11:45:17.631Z
Berjaya Tioman Resort - Malaysia,,5.0,"The resort located here in Tioman is very tranquil, and peaceful. The views are amazing and breathtaking. Although the sun gave me serious sunburns, it still doesn't beat the very amazing moments I have gathered here in this resort. Also, a female staff, named Jasper, is very engaging and friendly towards the staff. Though, she can't really communicate on Malay fluently, she tries her best to make every guest feel at home when arriving to the resort, and gives us a very heart-warming feel during my stay at the resort. I really loved my time during my stay here at the resort, and hope to return sooner for my next vacation! ❤️🫰",2026-05-01T14:34:33.146Z
Berjaya Tioman Resort - Malaysia,,5.0,,2026-04-30T06:01:27.481Z
Berjaya Tioman Resort - Malaysia,,5.0,,2026-04-29T10:43:37.666Z
Berjaya Tioman Resort - Malaysia,,5.0,The places is really nice and cozy. Suitable for family trip even for 1 days.. the facilities are nice and the staffs hospitality is at the best..,2026-04-28T05:48:16.631Z
Berjaya Tioman Resort - Malaysia,,5.0,,2026-04-27T03:45:10.952Z
Berjaya Tioman Resort - Malaysia,,5.0,"I stayed 5 nights in a beachfront suite in April 2026.   It was just a few metres from the beach, and the main swimming pool was not much further.",2026-04-26T07:56:52.046Z
Berjaya Tioman Resort - Malaysia,,5.0,Overall is good. Nice environment and scenery. Just that the bed might be a bit short for tall people 😂,2026-04-26T05:32:55.433Z
Berjaya Tioman Resort - Malaysia,,5.0,"Resort is huge (covering a long stretch of beach) and quiet. Great place for a relaxing vacation. Food was surprisingly good, and also reasonably priced. Service is outstanding, all staffs were extremely friendly and eager to help out.",2026-04-26T02:09:29.499Z
Berjaya Tioman Resort - Malaysia,,5.0,"Really enjoyed my stay at Berjaya Tioman Resort. The breakfast was consistently excellent, and all the staff were incredibly friendly and welcoming throughout.

Special shout-out to the yoga instructor, Shamini, for her patience and valuable guidance—truly appreciated!",2026-04-25T03:02:19.119Z
Berjaya Tioman Resort - Malaysia,,5.0,Very comfortable experience with good customer-oriented service.,2026-04-25T02:49:48.102Z
Pulau Payar Marine Park,,5.0,"Very good environment, good for travel here",2023-01-26T14:04:42.036Z
Pulau Payar Marine Park,,5.0,Wonderful place,2023-01-26T14:04:18.923Z
Pulau Payar Marine Park,,5.0,Nice place and view,2023-01-26T14:04:03.347Z
Pulau Payar Marine Park,,5.0,My goshhhhh the scenery was worth watching and so BEAUTIFUL and MAGICALLLLL...SO stressed freee and peaceful 😀 enjoy with family so so mush,2023-01-26T14:04:01.985Z
Pulau Payar Marine Park,,5.0,Go to list for marine outdoor activities for family bonding…,2023-01-26T14:03:58.895Z
Pulau Payar Marine Park,,5.0,"Beautiful place with nice view. Very suitable for honeymoon. And for those who love diving and snorkelling, this is the right place",2023-01-26T14:03:56.662Z
Pulau Payar Marine Park,,5.0,nice view,2023-01-26T14:02:38.442Z
Pulau Payar Marine Park,,4.0,😍😍😍😍😍😍😍😍,2023-01-26T14:02:36.638Z
Pulau Payar Marine Park,,5.0,Awesome,2023-01-26T14:01:49.566Z
Pulau Payar Marine Park,,5.0,"It was Unforgettable and mesmerizing place.
The Island is 42 Km away from Langkawei and took 1 hr to reach there in speedboat.
Ninety nine Island diver gave the slots for 2 pax in the last minute in peak time and costed 280 RM. If not I would have been missed this wonderful place.
You will not disappointed and will enter the world of water.
(———-THE WAY OF WATER ————)",2023-01-26T00:04:52.890Z
Sipadan Kapalai Dive Resort,,5.0,Super good ! Thank you to all the staff，you are so nice!,2024-03-18T12:24:38.310Z
Sipadan Kapalai Dive Resort,,5.0,"We came as part of the excursion with Halo Halo, This was one of the stops and it was highlight of the day! The snorkelling was first rate! There were thousands of colorful tropical fish of all colours and sizes and the highlights were several giant sea turtles and a massive barracuda. The experience here was unforgettable!",2024-03-18T00:16:32.971Z
Sipadan Kapalai Dive Resort,,4.0,"A great holiday vacation.
Awesome local malay food that we enjoyed!
A great shout out to the Dive Master - Rodel. We enjoyed his guide in the Discovery Scuba Dive. He is so experienced  and he made us feel very safe in each of the dives..We had 4 dives at different locations around the resort.
Each dive was an eye opener. At the last dive, we saw close to 20 turtles !!! Sipadan is truly an amazing place even for beginners like us.

However, on the day when we checked out it was pouring. I was disaapointed that the bugy that came to pick us from the chalet was not covered. We were all drenched by the time we reach the front office to proceed with check out. I hope management can take note on this.
Lastly, more conservation work is  needed. Many plastic pollutants were seen.",2024-03-16T14:41:16.507Z
Sipadan Kapalai Dive Resort,,1.0,,2024-03-12T21:43:13.908Z
Sipadan Kapalai Dive Resort,,5.0,"Il resort è Incredibile, le camere sono molto belle, la nostra era la n 52.
Il transfert lo puoi fissare direttamente con loro, la mattina o il pomeriggio.
La maggioranza del turismo è asiatico, spesso ho notato che sono poco rispettosi dell’ambiente e lo staff con difficoltà fa rispettare le regole. Lo snorkelling lo puoi fare solo in determinati spazi, ci sono correnti molto forti.",2024-03-10T12:36:20.622Z
Sipadan Kapalai Dive Resort,,5.0,beutyfull place,2024-02-21T01:28:32.461Z
Sipadan Kapalai Dive Resort,,5.0,,2024-02-17T11:54:55.522Z
Sipadan Kapalai Dive Resort,1.2/5,,態度服務食物，非常差，，去到這間酒店像落了地獄一樣，從來沒有看過要搶嘢食混亂的場面，食物差得不知怎樣形容，收這樣的價錢給我們吃的東西像豬潲一樣太差太差！酒店房間衛生很差，連電話也沒有找不到服務員，毛巾很臭，連沐浴露洗頭水也沒有，還有把我的㣔李箱弄壞、而且還不認錯,2024-02-16T23:59:59.999Z
Sipadan Kapalai Dive Resort,,5.0,,2024-02-05T10:02:00.519Z
Sipadan Kapalai Dive Resort,,4.0,,2024-01-20T05:55:35.908Z
Berjaya Tioman Resort - Malaysia,,5.0,,2026-04-25T02:47:49.915Z
Berjaya Tioman Resort - Malaysia,,5.0,,2026-04-25T02:47:31.991Z
Berjaya Tioman Resort - Malaysia,,5.0,"Very nice resort, the staff is super friendly and helpful.
Very calm location with clear blue water and very clean beach on one side and luxurious jungle on the other
The staff at the dive center is also super nice and the dives spots are great, plenty of sharks, turtles and colorful fishes !",2026-04-24T04:20:10.429Z
Berjaya Tioman Resort - Malaysia,,5.0,,2026-04-24T04:17:37.108Z
Berjaya Tioman Resort - Malaysia,,5.0,Мы отдыхали здесь неделю. Отличное место. Сервис очень хороший. Мы жили в бунгало с видом на море. Завтраки шикарные. Все очень понравилось.,2026-04-24T03:31:38.480Z
Berjaya Tioman Resort - Malaysia,,5.0,"Thanks to Jasper, Nadia, Wawa, Alyeah and the whole team. Everything was great❤️.",2026-04-24T03:06:48.315Z
Berjaya Tioman Resort - Malaysia,,4.0,,2026-04-23T02:57:47.439Z
Berjaya Tioman Resort - Malaysia,,5.0,All goods here,2026-04-22T02:50:37.657Z
Berjaya Tioman Resort - Malaysia,,5.0,,2026-04-21T03:19:39.774Z
Berjaya Tioman Resort - Malaysia,,4.0,,2026-04-20T12:08:18.452Z
Pulau Payar Marine Park,,5.0,Great island! I could do a lot of water sports activities like snorkeling and scuba diving! Scenery are great especially the sunset. Love this place!,2023-01-19T03:06:32.337Z
Pulau Payar Marine Park,,5.0,I love the view of crystal clear water. Snorkeling is a must when you come here. The fishes & corals here are well protected & conserved.,2023-01-18T16:04:55.134Z
Pulau Payar Marine Park,,5.0,Best for snorkeling 🤿!,2023-01-18T15:26:55.218Z
Pulau Payar Marine Park,,5.0,Exotic marine park with ferry ride. Mind relaxing park,2023-01-18T15:22:57.614Z
Pulau Payar Marine Park,,5.0,"Siapa yang p Langkawi tu, try la mai dekat Pulau ni, mmg lawa sangat2 view diaa, air pun jernih , byk aktiviti laut boleh buat, nk snorkeling ka dive semua ada, view bwh laut dia mmg cantik masyaAllah, rugi kalau xmai kat pulau ni,",2023-01-18T14:42:31.913Z
Pulau Payar Marine Park,,5.0,"a must visit beach when island hoping.
beatiful beach and clear water. snorkeling and scuba diving can be done here.",2023-01-18T14:36:39.281Z
Pulau Payar Marine Park,,5.0,"Planning a short vacation to Langkawi, friend suggest this beautiful place. The sea water is clear, suitable for diving here. Registration smooth and efficient👍🏻👍🏻 It's a good place to relax with family and love.",2023-01-18T14:30:11.313Z
Pulau Payar Marine Park,,5.0,Good introduction to diving,2023-01-18T14:27:33.197Z
Pulau Payar Marine Park,,5.0,Great place for island hopping,2023-01-18T14:27:23.342Z
Pulau Payar Marine Park,,5.0,A must visit place when you come to Langkawi! Magnificent view!,2023-01-18T14:26:09.123Z
Sipadan Kapalai Dive Resort,1.7/5,,環境一絕，垃圾房間,2024-01-03T23:59:59.999Z
Sipadan Kapalai Dive Resort,,5.0,Snorkeling d kawasan Kapalai air deras dan xnampak sangat ikan. Private island.,2024-01-03T07:23:15.709Z
Sipadan Kapalai Dive Resort,,4.0,A resort with good access to dive exploration in the local area.,2023-12-30T12:40:28.192Z
Sipadan Kapalai Dive Resort,,4.0,"I recently had the pleasure of staying at Sipadan Kapalai Dive Resort, and I must say, the views are truly unparalleled. The resort's location offers a unique and stunning perspective that is truly one of a kind. The staff at the resort are incredibly friendly, making the overall experience warm and welcoming.

However, there are a few areas that could use some improvement. The dining experience, for instance, needs some attention. The food choice can be improved, and the timing of the meals can be a bit inconvenient as it tends to cause lines. Perhaps an adjustment to the dining schedule could alleviate this issue and enhance the overall dining experience.

Additionally, the air conditioning in the rooms could be improved. Adding plaster ceiling to the tall roofs might help distribute the cool air more effectively, ensuring a more comfortable stay.

Despite these minor issues, I must emphasize that overall, my experience at Sipadan Kapalai Dive Resort was fantastic.",2023-12-30T08:36:06.710Z
Sipadan Kapalai Dive Resort,4.5/5,,"Love the dive center, rich sea creatures around the diving/ snorkeling spots.Friendly staffs",2023-12-29T23:59:59.999Z
Sipadan Kapalai Dive Resort,,4.0,"The resort is very good in my opinion, but has some areas for improvement. The best thing about it would be the dive center and service, it’s high quality with good locations and nice staff, only bad thing is that there was no nitrox but that’s fine. The food is also very tasty(many options too), and the location is beautiful.

The main areas of improvement in my experience would be the internet and the rooms themselves as there was virtually no internet connectivity outside of the reception, and the cell service wasn’t the best. The rooms can also get a bit hot during midday.

Overall though it is no where near as bad as many of the reviews that i’ve seen on it are and is a great option if you are a diver. I don’t really see why you would come here otherwise though? The main selling point is the diving(which was good), and aside from that there isn’t too much to do aside from swimming or enjoying the scenic location.",2023-12-26T10:25:42.007Z
Sipadan Kapalai Dive Resort,,5.0,,2023-12-22T13:16:43.729Z
Sipadan Kapalai Dive Resort,,2.0,"We stayed for three nights. The facilities in our room were fairly old, the hanging chair on the balcony fell down on the floor when my partner was sitting on it and his toe got bruised. Also I got bitten by lots of bed bugs/fleas since the first night. We asked the resort to clean our room/deal with the bugs but still got bitten every night. We complained to the resort the final solution they gave us was a discount on fins we hired. I would not recommend this place to anyone.",2023-12-18T02:56:17.089Z
Sipadan Kapalai Dive Resort,,5.0,,2023-12-17T05:23:23.925Z
Sipadan Kapalai Dive Resort,,5.0,Great diving resort. Good food with variety.,2023-12-15T08:30:03.721Z
Berjaya Tioman Resort - Malaysia,,3.0,"Wir waren als Paar hier im April, absolute Nebensaison, zum Teil war es schon etwas spooky leer hier. Der Anlage ist sehr in die Jahre gekommen und strahlt mittlerweile den Charme längst vorz gegangener Zeit aus. Das Personal ist superfreundlich und bemüht. Wenn man auf Komfort Wert legt oder darauf angewiesen ist, wird es schwierig wie unten z.b mit den Auflagen auf den Liegen beschrieben.",2026-04-19T07:17:44.987Z
Berjaya Tioman Resort - Malaysia,,5.0,"Front desk, water sports and recreation centre (baby play room and table tennis) staff are very attentive, helpful and friendly also the hotel executive chef they all make our stay very enjoyable and memorable!",2026-04-19T02:36:14.092Z
Berjaya Tioman Resort - Malaysia,,5.0,"Our family of 4 adults and 1 infant stayed at Berjaya Tioman Beach Resort for a long weekend. It was a most relaxing and memorable stay.  The very helpful and always smiling staff made our stay even more pleasant. We had an interesting and adventurous tour of the island for one day - visited the Marine Park and Turtle Sanctuary.  We also went paddle and kayaking on one evening - saw alot of coral reels. They are recovering. Also had a wonderful Yoga session by the seaside in the morning.  Our yoga instructor, Shamini was really great.  She was most professionally and helped me with my first time yoga experience most gently:)  Will be back again. Adious Berjaya.",2026-04-19T02:35:01.467Z
Berjaya Tioman Resort - Malaysia,,5.0,"Overall experience is good. Food prefer local taste.
Mdm Jasper is patient in explaining.",2026-04-19T01:35:28.537Z
Berjaya Tioman Resort - Malaysia,,5.0,,2026-04-18T01:28:27.234Z
Berjaya Tioman Resort - Malaysia,4.7/5,,"Overall it was a lovely experience and almost all of our stay was very pleasant however we were only unhappy about dinner as the quality wasn’t suitable for a 4 star resort. If food wise the options and quality improves, it’ll be one of our favorite resorts. But the staff in general were all so friendly and helpful, the amenities were also good! We thoroughly enjoyed ourselves. Thank you for a memorable trip.",2026-04-15T23:59:59.999Z
Berjaya Tioman Resort - Malaysia,,5.0,"Beautiful setting with room for improvement 🌴

Berjaya Resort in Tioman is in a stunning location, with a lovely beach and peaceful surroundings that make it easy to unwind. The natural beauty of the island is definitely the highlight.

The staff were genuinely lovely and very helpful throughout our stay, and a special mention to Ayu and Dewi from the spa who were absolutely wonderful. Breakfast was also very good with plenty of options to start the day.

However, the resort itself feels a bit outdated and could benefit from more care and attention. The gardens looked quite dry, and the constant whipper snipping didn’t give the grass much of a chance to grow. There was also some visible rubbish around the grounds that could easily be cleaned up.

The pool area could use some refreshing too — the towels really need replacing, and the exterior of the pool looks quite tired and could do with a fresh coat of paint.

Dinner was a bit of a letdown compared to breakfast — it would be great to see more local dishes, especially fresh fish and crab, to really match the island experience.

There also seemed to be a lot of security around, which felt a bit unnecessary for such a relaxed island setting.

Overall, it’s a beautiful spot with great potential, and with a few improvements, it could be truly exceptional.",2026-04-15T23:49:11.729Z
Berjaya Tioman Resort - Malaysia,,5.0,Saya berasa amat berpuas hati atas perkhidmatan hotel dan pekerja drive buggy bernama Zulhilmi dan Norman. Kerana menolong kami satu keluarga atas pertolongan mereka.,2026-04-15T06:00:59.024Z
Berjaya Tioman Resort - Malaysia,,5.0,"Wonderful experience and helpful friendly staffs. Overall a great experience.

Love the beach and love the ambience.",2026-04-15T05:30:38.419Z
Berjaya Tioman Resort - Malaysia,,5.0,So great. Calm & peace.,2026-04-15T04:47:35.223Z
Pulau Payar Marine Park,,5.0,"Recommended to those who love marine life sea nature.  The water is unpolluted with the beautiful  turqouise green colour. Other than exotic marine park,  they also have scuba diving and snorkeling too. Those who planned to have short vacay in Langkawi should include this place on the list.",2023-01-18T14:24:35.795Z
Pulau Payar Marine Park,,5.0,The scuba diving and place to holiday such a cozy place to try !! The beach and the staff are good and very friendly to help local tourist and helping us so much fun enjoying the holiday !!,2023-01-18T14:23:55.137Z
Pulau Payar Marine Park,,5.0,The best experience ever since the view was so great,2023-01-18T14:20:11.317Z
Pulau Payar Marine Park,,5.0,Breathtaking view and surrounding,2023-01-18T14:17:27.331Z
Pulau Payar Marine Park,,5.0,A must visit place when you come to Langkawi,2023-01-18T14:15:49.527Z
Pulau Payar Marine Park,,5.0,,2023-01-18T14:15:32.263Z
Pulau Payar Marine Park,,4.0,Nice place to visit and play..,2023-01-18T14:14:32.823Z
Pulau Payar Marine Park,,5.0,Best snorkelling or even diving experiences. Its a very well preserved water in Langkawi where you can scuba with various species sea creature and even the baby shark if you are lucky. Its totally in safe environment. Must visit!,2023-01-18T14:13:58.441Z
Pulau Payar Marine Park,,5.0,Clean beach and nice sea view..just a place to spend a day off..,2023-01-18T14:11:42.952Z
Pulau Payar Marine Park,,5.0,"Awesome view. Loving all the sceneries here! One of my favourite island. Lots of activities to do too. Clear water so much to explore, cannot express by words",2023-01-18T14:10:03.252Z
The Taaras Beach & Spa Resort,,5.0,"🌴 The Taaras Beach & Spa Resort – A Dream Week in a Corner of Paradise 🌊✨

There are places you visit... and then there are places that stay with you. The Taaras is not just a resort – it’s an experience that wraps you in beauty and serenity.

We spent a dream week filled with peaceful moments, postcard-perfect views, and pure wonder.

From the moment we arrived, the welcome was warm and genuine. Our garden view suite, while spacious, showed a few signs of wear… but the management, incredibly kind, surprised us with a complimentary upgrade to a sea view suite. What a gift! 🌊 Opening the door and finding ourselves right on the beach, lulled by the sound of the waves, was priceless.

Nature is the true star here. Between playful monkeys, monitor lizards, and lush vegetation, you feel like you're in another world. And during snorkeling trips, we had the unforgettable chance to swim alongside sea turtles and small reef sharks – moments of magic that words can’t quite capture.

🏖️ The private beach is a tropical dream: powdery white sand, crystal-clear water, and absolute tranquility.

🍽️ The food? Delicious. Generous breakfasts, well-prepared local and international dishes, always-fresh tropical fruit – all enjoyed with a breathtaking ocean view.

And the staff… always attentive, smiling, never intrusive. You feel genuinely welcomed, heard, and cared for.

My heartfelt advice: if you're looking for a true escape – a place to slow down, breathe, and fill your soul with beauty – this is it. One week isn’t enough to stop dreaming about it.
⭐⭐⭐⭐⭐

📍#Redang #TheTaaras #DreamWeek #Snorkeling #Turtles #Sharks #Malaysia #UnforgettableTravel",2025-08-31T08:01:02.702Z
The Taaras Beach & Spa Resort,,5.0,Had amazing experience here,2025-08-30T13:44:42.664Z
The Taaras Beach & Spa Resort,,2.0,"A lost opportunity: despite the perfect location (probably the most beautiful beach in Redang), the hotel is lacking proper maintenance, rooms (at least our ""deluxe garden view"", located in an awful condo straight from the late 80's...) the facilities are either excessively expensive or wrestling. Prices are excessively high, food is mostly awful.",2025-08-29T16:23:26.371Z
The Taaras Beach & Spa Resort,,2.0,"Let’s start with the positive… First of all I would like to congratulate the owner of The Taaras to his amazing staff and crew. They truely went above and beyond to make the best of our holiday. Particularly we would like to thank Mrs Amira, Mrs Anit, Mr Hamdan and Mr Sulfair. All the staff members tried they absolute best to compensate for the lack of investment and maintenance from the Hotel owner.

Besides the staff the nature, land and sea is absolutely stunning. The beach is spotless and luckily plastic debris was not massive during our stay. This Resort could be an absolute jewel and probably was at the day of it’s opening in 1996.

And this is where the positive ends and the negative starts… the hotel and all amenities are screaming for a massive overhaul and renovation. It clearly appears that since the day of opening, no improvements have been made. We had to stop at one point to take pictures and document shortcomings not completely to get into a loop of doom and not seeing the beauty of having time as a family and enjoying the time and activities together (pictures attached).

To not lose your attention, please find bullet style the shortcomings of The Taaras
- trash below the balcony of the hotel room
- plastic-wrapped cheese at the breakfast buffet
- Room keys are still actual KEYS… and only 1 per room with a tag displaying the number of the room...
- not enough sun loungers for hotel guests, so you have to run out at 7:30 am in the morning to “reserve” your bench (like a cheap Costa del Sol Hotel)
- the beach bar and restaurant “Cove” seating is in bright sunlight and does not provide enough sun umbrellas
- cushions of the “Cove” beach bar and restaurant are all in extremely poor condition and need to be urgently exchanged
- same goes for the roof, which looks like it will come down any minute
- another unpleasant location is the washrooms… let me say this, toilets have also seen no replacement since 1996…

The whole Hotel is absolutely outdated and I can’t recommend this Hotel if you are expecting a 5* Hotel as advertised online and charged for.

This Hotel is a 2* Hotel not more and should be priced like that.",2025-08-26T04:44:18.058Z
The Taaras Beach & Spa Resort,,4.0,,2025-08-26T00:09:12.088Z
The Taaras Beach & Spa Resort,,1.0,"Disgusting Food & Drinks – NOT a 5-Star Resort!
We stayed at Taaras Resort on Redang Island and the food and drinks were absolutely disgusting. Everything was unhygienic and tasted dirty – completely unacceptable for what they advertise as a five-star resort.

Because of their terrible food, all of our stomachs got ruined. Our health went downhill during the stay, and we even ended up with stomach flu symptoms. This was extremely stressful, especially since we were traveling with our two young children. No family should ever go through this on their holiday.

When you tell the staff about problems or point out that something isn’t right, they just smile and nod, but absolutely nothing gets done. It feels like they don’t care at all.

Only on the last day did we discover there are actually restaurants outside the resort, which are so much better. We regret not knowing this earlier.

The stay itself was just “okay,” but absolutely nowhere near five-star quality. Overrated, overpriced, and not worth it.

👉 My strongest warning: DO NOT eat at this resort. I would never recommend this place to anyone, especially families with kids. It looks nice from the outside, but the food, hygiene, and service are a complete disaster.",2025-08-25T09:37:52.186Z
The Taaras Beach & Spa Resort,,5.0,"Probably the best hotel in Redang. The location (private beach & near to turtle point), service and staff are PERFECT.
Big up to Wawa and Amisha at breakfast for their delicious canai rotis and their kindness and smile throughout the stay.
We'll definitely be back!
Terima Kasih",2025-08-24T02:47:16.518Z
The Taaras Beach & Spa Resort,,5.0,"Lasciatemi in questo paradiso!

L’hotel gode di una posizione spettacolare, immerso nella natura e affacciato direttamente sulla baia di Redang, un vero angolo di mondo che sembra dipinto. Abbiamo soggiornato in una suite Cliff Bay, prenotata su Booking, che ci ha lasciati senza parole: una camera enorme e luminosa, con terrazzino privato e vasca idromassaggio fronte mare da cui ammirare albe e tramonti indimenticabili. Il letto comodissimo, la cabina armadio spaziosa e il bagno con kit di prodotti Occitane completavano un ambiente curato nei minimi dettagli. La pulizia era impeccabile e ogni sera ci facevano trovare dei cioccolatini in camera, un pensiero semplice ma molto raffinato che ci ha fatto sentire coccolati.

Per raggiungere la suite, situata in posizione panoramica, bastava richiedere alla reception una delle macchinette elettriche che ci accompagnavano comodamente su e giù, un servizio rapido ed efficiente che abbiamo trovato davvero pratico.

La spiaggia privata è un vero gioiello: sabbia finissima che sembra borotalco, mare trasparente e lettini molto confortevoli. Un consiglio? Svegliarsi presto, verso le 7, per accaparrarsi la prima fila e vivere tutta la giornata con la baia davanti, senza nessun ostacolo alla vista.

Un’esperienza che rende Redang unica al mondo è la possibilità di nuotare con le tartarughe marine adulte nel loro habitat naturale e, in certi periodi, assistere al rilascio dei piccoli direttamente dalla spiaggia: un’emozione che resterà impressa nella memoria di grandi e bambini. Molto suggestiva anche l’escursione di snorkeling nella baia vicina, popolata da una miriade di pesci colorati.

La colazione era ricca e variegata, con opzioni internazionali e locali. Per i pasti ci siamo spesso fermati al The Cove, il bar-ristorante sulla spiaggia: atmosfera rilassata, piatti gustosi e prezzi corretti (una margherita o un hamburger circa 12 €). Cenare con la brezza marina e il suono delle onde in sottofondo è stata un’esperienza che da sola valeva il viaggio.

Il personale è stato sempre estremamente gentile e disponibile, pronto a soddisfare ogni esigenza con il sorriso, contribuendo a rendere il soggiorno ancora più piacevole.un ringraziamento  speciale al referente Hamdan che si è reso sempre attento e disponibile per darmi consigli e farci sentire a nostro agio!

Abbiamo trascorso quattro notti indimenticabili, ma la sensazione, al momento della partenza, era quella di non voler andare più via. Siamo stati ad agosto il tempo è stato sempre perfetto per godersi il mare e le attività all’aperto.

Che dire: soldi spesi benissimo, un luogo che rimane nel cuore… ci tornerei domani stesso!",2025-08-23T15:22:40.002Z
The Taaras Beach & Spa Resort,,5.0,"Posto spettacolare per
Posizione 10/10
Mare 10/10
Animali 8/10
Servizio 9/10
Cortesia 10/10 lode
Cibo 8/10
Scelta cibo 9/10
Spettacolo con il fuoco FANTASTICO 100 e lode
Giochi 9/10
Animazione discreta 7/10
Pulizia ottima e continua 8/10
E il villaggio ideale discreto senza beach boys e che ti permette massimo relax.
Escursioni belle e buon rapporto qualità prezzo tranne tramonto secondo me costoso per il valore.

Attenzione alla canoa trasparente perche noi ci siamo ribaltati.

Vicino alla zona tartarughe facilmente raggiungibile a nuoto con due tappe.

Colazione bella perche varia.

Cortesia di animazione di di tutto lo staff eccellente

Possiamo dare questi giudizi senza problemi conoscendo molti altri RESORT in altri paesi come Kenya Zanzibar Marocco Santo Domingo Cuba e Messico et..
Qui siamo OVER THE TOP.

grazie 👌",2025-08-23T15:07:43.207Z
The Taaras Beach & Spa Resort,4/5,,"Dejligt resort. Boede i ocean view lejlighed med den mest fantastiske udsigt over stranden. Personalet er så søde, venlige og hjælpsomme. Det er slet ikke solsenge nok til så mange mennesker. Folk hamstrer dem fra tidlig morgen og bruger dem langt senere. Mange står tomme i timevis. Ærgerligt. Fik den bedste massage på stedet. Var på to snorkleture for at se skildpadder og der var masser af dem. Klart og lunt vand. Men desværre også masser af andre både. Det virker lidt for meget. Utroligt lækkert indisk mad i nabo restauranten. Men gåtur til turtle beach. Så dog ingen der. Men aber på vejen og en stor øgle.",2025-08-18T23:59:59.999Z
The Taaras Beach & Spa Resort,,4.0,"5 nights at Taaras Resort was a wonderful and memorable experience, we hope to return again.
Flew in with Berjaya and check in at hotel was seamless.
Our room was really nice and comfortable and house keeping doing fantastic job.
Staff at Taaras were friendly and accommodating, the buggy guys shout out to them for doing a stellar job.
Thanks and a mention to Saiful for looking after us the way he did.
The Spa was lovely, Floating bar - despite advertised as unlimited drinks and snacks - it’s somehow limited.
Marenero food was good, breakfast was also good and sufficient.
I hope Taaras Resort can improve on cleanliness though, I noticed a lot cigarette butts strewn around the resort,  in plant pots  around the beach deck chairs area, smoking on the beach, vaping in the asean dining area.",2025-08-17T04:33:07.438Z
The Taaras Beach & Spa Resort,,5.0,"We spent a week at the hotel (10 August 2025) and I have one word to describe the staff, EXCEPTIONAL. Each and every one is warm, helpful and have a smile on their faces at all times. A big thank you to one waiter in particular, Qayyim. He is nothing short of perfection, a young, hardworking superstar! We felt very spoiled to have the most beautiful, calm and sea front all to ourselves. The food options are good too.",2025-08-14T13:28:50.838Z
The Taaras Beach & Spa Resort,,5.0,"Ho trascorso un soggiorno splendido al Taras Resort di Redang, un’esperienza che merita pienamente 5 stelle.

La cosa che mi è piaciuta di più è stata la spiaggia privata: tranquilla, curata e con un mare spettacolare.
Nuotando, si può raggiungere facilmente il Turtle Point e nuotare insieme alle tartarughe, un’emozione unica.
I lettini sono ben posizionati e il servizio in spiaggia è eccellente: ti portano tutto quello che desideri, creando un’atmosfera di relax totale.

Un altro punto forte sono i servizi inclusi: yoga al mattino e al pomeriggio, una palestra meravigliosa con vista sull’oceano, kayak, biliardo, ping-pong serale, karaoke room… anche restando in hotel per più giorni senza fare escursioni, ci sono tantissime attività per non annoiarsi mai.

Le camere sono belle e confortevoli. Consiglio quelle con garden view o ocean view, che hanno la posizione migliore. Quelle con vista collina richiedono di prendere un transfer o fare parecchie scale, quindi sono da valutare in base alle preferenze e al budget.

Sul fronte ristorazione, l’hotel è pensato principalmente per un pubblico asiatico, quindi il buffet è ricco di piatti tipici locali (molto buoni: il roti e le uova scramble erano ottimi).
C’è anche un ristorante vicino alla spiaggia per la cena, buono ma non eccezionale, e un bar fronte mare meraviglioso, dove mangiare hamburger, pizza e drink con una vista incredibile.

Unica pecca per chi, come noi, viaggia senza bambini: ci sono molti gonfiabili e giochi sparsi per l’hotel, quindi capita di sorseggiare un aperitivo con bambini che saltano accanto. Sarebbe ideale creare una zona dedicata solo ai piccoli. Le piscine, spesso piene di bambini e di ospiti che fanno il bagno vestiti, risultano meno godibili. Inoltre, le nuove costruzioni di camere stanno un po’ rovinando il paesaggio.

In sintesi: un resort con mare da cartolina, tantissime attività e relax assicurato, perfetto per famiglie e coppie che cercano servizi e comfort. Qualche dettaglio migliorabile, ma l’esperienza complessiva è stata davvero bellissima",2025-08-14T02:00:24.221Z
The Taaras Beach & Spa Resort,,4.0,,2025-08-13T09:38:09.315Z
The Taaras Beach & Spa Resort,,3.0,"Positive points: the location, the beach is really beautiful and you can swim with turtles nearby the hotel.

Negative points: unfortunately there were a lot of negative points that you wouldn’t expect from a five star hotel. Overpriced. The room was outdated, there were old towels with stains on it. The breakfast could have had better quality, it was good for a 3 star hotel. The food was good on Marenegro, but otherwise just ok and with high prices. The five star hotels focus on details, and this focus was lacking.
Overall, wouldn’t return, there are better choices on Malaysia East coast.",2025-08-13T07:21:30.542Z
The Taaras Beach & Spa Resort,5/5,,Trevligt hotell som dock skulle behöva en renovering/uppfräschning.||Ligger på en fantastisk strand.||God mat||Fantastiskt trevlig och hjälpsam personal. Särskilt tack till Hamdan Rajab för hans utmärkta service!,2025-08-11T23:59:59.999Z
The Taaras Beach & Spa Resort,,5.0,最高でした！,2025-08-11T00:03:01.419Z
The Taaras Beach & Spa Resort,,1.0,"En kæmpe skuffelse – ikke pengene værd ⭐☆☆☆☆

Jeg kan desværre ikke anbefale The Taaras til nogen. Hele opholdet var en skuffelse fra start til slut. Hotellet er overfyldt med gæster, især små børn, hvilket skaber konstant støj og trængsel. Madbuffeten er både kedelig og uappetitlig, og personalet kan slet ikke følge med i restauranten – sandsynligvis fordi de simpelthen har alt for mange gæster.

Fitnesscentret er gammelt og slidt med forældede maskiner, og værelserne er præget af outdated interiør og plettede gulvtæpper. For at komme til stranden skal man ned ad en lang betontrappe, og når man endelig når derned, bliver man mødt af sandfluer og almindelige fluer, der er umulige at slippe af med. Liggestolene på stranden er korte og ubehagelige, og selve poolområdet er både kedeligt og ucharmerende.

Alt i alt et sted, der føles slidt, overfyldt og langt fra den luksus, man bliver lovet. Jeg fortryder virkelig, at jeg brugte penge på dette ophold.",2025-08-10T04:26:56.697Z
The Taaras Beach & Spa Resort,,5.0,"Just had one of our best family holidays ever at The Taaras Beach & Spa Resort, Redang! 🏝️ The beach was pristine and the water crystal clear — literally as clear as tap water.

Plenty of activities for everyone, and the staff (especially from the recreation and dive center) were amazing — they genuinely enjoyed playing beach volleyball with us and made snorkeling and diving so much easier and fun.

Rooms were spotless and comfortable, WiFi was great, and all facilities were clean and well-maintained. Can’t wait to come back! 🌊✨",2025-08-09T04:56:12.929Z
The Taaras Beach & Spa Resort,,1.0,"Incredibly poor service and ran hotel. They live out of an amazing view, but you can get there with a day excursion anyway. Totally not worth it and not recommended at those prices.",2025-08-05T06:54:53.446Z
The Taaras Beach & Spa Resort,4.7/5,,Overall a great experience at Taaras,2025-08-04T23:59:59.999Z
The Taaras Beach & Spa Resort,,5.0,"Everything was so good and peaceful.
All of the people here are really kind.
Highly recommended.
I already miss it.",2025-08-04T09:47:50.979Z
The Taaras Beach & Spa Resort,,5.0,"the best resort i have been, the beach are amazing. the room are clean and the view are stunning. food so yummy, service from the staff superb!! definitely coming back again.",2025-08-02T13:24:49.856Z
The Taaras Beach & Spa Resort,,5.0,"Amazing resort, from arrival, rooms, food, staff , beach all are amazing!!!!",2025-08-02T13:18:26.407Z
The Taaras Beach & Spa Resort,,5.0,"Perfect resort, food , service , rooms all are good. Definitely coming back again.",2025-08-02T13:17:05.751Z
The Taaras Beach & Spa Resort,,5.0,"Amazing beach ,my second time come to taaras. Everything was perfect. Food , service,room overall terbaik.",2025-08-02T13:15:31.444Z
The Taaras Beach & Spa Resort,,5.0,"Nice resort, clean beach, food is the best. Room super clean, staff friendly and helpful",2025-08-02T13:13:02.977Z
The Taaras Beach & Spa Resort,,5.0,"Excellent Services & Food Was Lovely Delicious, room clean and comfot. overall terbaik and  will coming back again.",2025-08-02T13:11:24.756Z
The Taaras Beach & Spa Resort,,5.0,"Satisfied from the room, food, activities, beach and staff.",2025-08-02T13:10:07.792Z
The Taaras Beach & Spa Resort,,5.0,"Love the resort , staff very friendly and helpfull. Food are good , room super clean. Definitely coming back again.",2025-08-02T13:07:02.836Z
The Taaras Beach & Spa Resort,,5.0,"Nice resort, good food, service beyond our expectations. Definitely coming back again.",2025-08-02T13:03:38.853Z
The Taaras Beach & Spa Resort,,4.0,Great view,2025-08-01T04:08:07.831Z
The Taaras Beach & Spa Resort,5/5,,Very good and friendly hotel. Facilities is very good. Very good services.  Helpful staff. Nice room. Will go again. Price is equal with their service n facility,2025-07-30T23:59:59.999Z
The Taaras Beach & Spa Resort,,3.0,"In die Jahre gekommen und überteuert.
Die Lage an diesem paradiesischen Strand mit weissem Puderzucker Sand und kristallklarem Wasser ist wirklich einzigartig und verdient ohne Frage 5 Sterne. Das war es dann aber leider auch schon. Das Hotel müsste dringend renoviert werden. Die Bilder im Internet und auf der Webseite stimmen nicht mit der Realität überein. Die Ränder am Pool sind eklig, der Boden vergilbt, die sanitären Anlagen ungepflegt und die Restaurants erinnern an 80er Jahre Charme. Die sehr hohen Preise sind nicht gerechtfertigt und haben andere Erwartungen geschürt was dementsprechend zu Enttäuschungen geführt. Positiv anzumerken ist, dass die Mitarbeiter bemüht sind und das Hotel sich für den Erhalt der Meeresschildkröten einsetzt.",2025-07-29T07:59:48.439Z
The Taaras Beach & Spa Resort,,5.0,"We stayed here for 3 days and 2 nights (Monday to Wednesday in July). A day before our arrival, we called the hotel to inform them of our ferry arrival time. On the day itself, we were warmly welcomed by the hotel’s shuttle van driver as soon as we arrived. At check-in, we were greeted by a cheerful receptionist and offered a refreshing welcome drink - perfect for the warm weather.

We checked into our Garden Suite shortly after. The room was clean, comfortable, and inviting. We quickly brewed the complimentary coffee capsules provided in the room to recharge before exploring the hotel grounds and heading to the beach.

The beach was stunning - clean with soft white sand and peaceful, as it wasn’t crowded during our stay. We tried kayaking for the first time, which turned out to be a fun and enlightening experience. The next morning, we joined the 8 AM guided nature walk - a nice bit of exercise, especially for those of us used to sitting behind a laptop. The guides were friendly, attentive, and knowledgeable throughout.

During our stay, we enjoyed breakfast at the Asean All-Day Dining restaurant on both mornings. The buffet spread had plenty of choices - enough to spoil any appetite. The atmosphere at the resort was lovely, and the staff were consistently cheerful and accommodating.

For those using Maxis/Hotlink, signal coverage is strong throughout the resort. I had planned to get some work done - but with a beach that tempting, it was impossible to resist relaxing instead.

The beautiful weather, powdery sand, and turquoise-blue sea felt almost surreal - like stepping into a painting. We also explored Turtle Beach, which is just a short walk from the resort’s private beach. It was a fun little adventure.

A big thank you to all the amazing staff here - the drivers, the receptionists, the lifeguards, the snorkeling guides, the room service team, and everyone else who made our stay so memorable.

We only wish the trip could have been longer. We’d definitely love to return!",2025-07-24T12:23:59.137Z
The Taaras Beach & Spa Resort,,5.0,"We had a truly memorable stay at The Taaras! From the moment we arrived, we were warmly welcomed by Anita Michael, the Front Desk Manager. Anita was exceptional – professional, friendly, and genuinely caring. She made sure we were well taken care of throughout our visit, and her attention to detail made a real difference in our experience.

We also had the wonderful surprise of meeting Jeremy, my dad’s classmate and the pilot of Berjaya Air – small world! It added a very personal touch to an already unforgettable trip.

Huge thanks to Anita and the entire team at The Taaras. We’ll definitely be recommending this beautiful resort to friends and family.",2025-07-19T12:39:20.054Z
The Taaras Beach & Spa Resort,,3.0,"Hôtel qui se repose sur ses acquis et son monopole: emplacement de rêve, plage à couper le souffle, Snorkeling possible depuis la plage.
Cependant, l’absence de concurrence sérieuse fait que cet hôtel pratique des tarifs élevés par rapport à la qualité médiocre des prestations.
L’hébergement est passable, le service est moyen (politique de cash machine…) et la cuisine est de qualité inférieure au Asean All Day Dining (choix limité, mauvaise organisation du buffet avec l’absence de place pour poser les couvercles -en plastique cheap- le temps de se servir, fruits limités alors que l’on est en Malaisie, et certains plats composés de viande de la veille…); contrairement au Marenero. La différence de qualité est telle entre les deux, que l’on croirait être dans deux établissements différents.

Cet hôtel serait 50% moins cher s’il avait de la concurrence à proximité.",2025-07-19T08:16:06.141Z
The Taaras Beach & Spa Resort,,3.0,"7th to 13th of July 2025, What I appreciated most was the stunning white sandy beach and the spacious room with effortless beach access, which made things much easier while traveling with my one-year-old baby. A special mention goes to Hamdan, the room service assistant, whose kindness and attentiveness throughout my six-night stay at The Taaras truly stood out. The staff overall were warm and courteous, though I believe a touch more professional training would help meet the refined standards expected of a five-star resort. Among the dining experiences, both ASEAN and Merenero restaurant teams were welcoming, yet Merenero’s staff demonstrated a noticeably higher level of attentiveness. One memorable gesture was when I found myself without cash while waiting for the boat transfer—one of the staff not only guided me to the nearest ATM but personally took me there on his scooter, an act of genuine hospitality I won’t forget. On the less favorable side, the room furnishings felt outdated, with noticeable gaps that allowed lizards inside during my stay, and the towels were worn and rough on the skin. Breakfast lacked variety, leaving the experience feeling repetitive. Adding to that, aside from Hamdan, staff professionalism could be elevated; starting from Merang Jetty where I noticed staff smoking in the waiting area despite the presence of my baby, which felt far from appropriate. The same issue appeared at the scuba diving center, which is located right next to Merenero restaurant—I could even smell cigarette smoke while dining, something that diminished the overall experience. In summary, while I would gladly pay for the breathtaking beach alone, the overall cost—including flights, land and sea transfers, and the six-night stay—did not quite reflect the full value one might expect from such a resort.",2025-07-14T07:32:04.124Z
The Taaras Beach & Spa Resort,5/5,,"In the fast-paced rhythm of life, finding a warm and comfortable place to stay is truly a rare and cherished experience. During my recent stay at this resort, I was deeply impressed by its exceptional service and thoughtful details, which gave me a deeper understanding of what it truly means to feel ""at home away from home.""First and foremost, the professionalism and warmth of the front desk staff were truly admirable. From the moment I walked through the door, the staff greeted me with friendly smiles and kind voices, which immediately put me at ease. The check-in process was smooth and efficient, well-organized, and without any delays.Once I entered the room, I was pleasantly surprised. The room was clean and tidy, tastefully decorated, with a comfortable bed and a beautiful view outside the window. The attention to detail was remarkable—whether it was the neatly arranged slippers, the perfectly set air conditioning, or the welcoming tea that had been thoughtfully prepared in advance, everything reflected the resort's care and consideration for its guests.",2025-07-13T23:59:59.999Z
The Taaras Beach & Spa Resort,5/5,,"I stayed with a family of six in 2 interconnected rooms, everything was very well organised,  buggy service was exceptional, food was the best if you like Asian and Indian food. Beach was very clean and sea was transparent as a glass.",2025-07-13T23:59:59.999Z
Pulau Payar Marine Park,,5.0,Strongly recommend for those looking for island hopping activity. You can enjoy the usual water activities as well such as snorkeling and scuba diving and the view of the ocean is just beautiful. Especially with the clear blue water.,2023-01-18T14:09:24.920Z
Pulau Payar Marine Park,,5.0,"No need to go too far, this located just near city. Good spot for family weekend retreat. The water is clear. Highly recommended. !",2023-01-18T14:08:51.565Z
Pulau Payar Marine Park,,5.0,Nice place to relax,2023-01-18T14:08:44.082Z
Pulau Payar Marine Park,,5.0,Mantapp,2023-01-18T14:08:43.564Z
Pulau Payar Marine Park,,5.0,"Best experience ever. Really recommend for family, friends as well as honeymoon place. View scenery from every angle",2023-01-18T14:07:52.556Z
Pulau Payar Marine Park,,5.0,Feeling good. The sea is clear. Perfect for snorkeling .,2023-01-18T14:07:29.371Z
Pulau Payar Marine Park,,4.0,Very beautiful view. Sunset. Golden hour like a paradise. Cant forget this place,2023-01-18T14:06:51.624Z
Pulau Payar Marine Park,,5.0,"Great experience, awesome moments with family.",2023-01-18T14:06:44.402Z
Pulau Payar Marine Park,,5.0,amazing scuba,2023-01-18T14:05:29.411Z
Pulau Payar Marine Park,,5.0,Love all the activities here🥰,2023-01-18T14:05:25.736Z
Berjaya Tioman Resort - Malaysia,,5.0,"Nice and friendly staff, location at the end of kg tekek however you can rent a motorcycle if want to go around the village.

Room bit old but comfortable and we have very good sleep. You can request buggy to go around the hotel. Nice beach very clear water. Variety of breakfast also.",2026-04-14T05:00:28.088Z
Berjaya Tioman Resort - Malaysia,,5.0,Breakfast sedap..penginapan selesa dan dekat dgn marine park..,2026-04-14T04:56:35.331Z
Berjaya Tioman Resort - Malaysia,,4.0,,2026-04-13T12:19:01.677Z
Berjaya Tioman Resort - Malaysia,,5.0,"My wife and I had a pleasant 3D2N stay at Berjaya. Overall, it was an enjoyable experience with excellent customer service and a great ambience. Everything was conveniently within walking distance, making it easy for us to explore and truly relax. Most importantly, we left with wonderful memories created together.",2026-04-12T05:22:54.129Z
Berjaya Tioman Resort - Malaysia,,5.0,"Hôtel très calme. Belle piscine, belles prestations, personnel aux petits soins.
Possibilité de louer un scooter à l'intérieur ou juste à l'entrée de l'hôtel, possibilité de réserver des excursions snorkelling.",2026-04-12T04:19:15.689Z
Berjaya Tioman Resort - Malaysia,,5.0,,2026-04-12T03:57:05.794Z
Berjaya Tioman Resort - Malaysia,,5.0,Very nice experience,2026-04-12T03:12:04.075Z
Berjaya Tioman Resort - Malaysia,,5.0,Everything is great!,2026-04-12T03:01:51.158Z
Berjaya Tioman Resort - Malaysia,,5.0,the staffs are helpful. food are tasty and delicious. the buggy service is efficient. spent most of our time either at the swimming pool and beach.,2026-04-12T02:49:39.267Z
Berjaya Tioman Resort - Malaysia,,5.0,Ms jasper 服务态度很棒，环境很美，很舒服，可以安排家人，朋友。。。。。一起玩，浮潜也很棒。,2026-04-12T02:46:18.529Z
The Taaras Beach & Spa Resort,,5.0,,2025-07-11T12:06:21.293Z
The Taaras Beach & Spa Resort,,5.0,"We had 4 great nights here in July. The weather was perfect. It didn't seem very busy which was nice. Snorkelling and scuba options are great, not far to go to get to nice spots. Water was clear and warm. The staff and amazing. Super helpful. The beach is beautiful. Food was great. Plenty of options for any time of day. Rooms were large. Mattress maybe could use a replacement as was a bit hard but it was a huge king size bed. Rooms maybe a little dated in parts but you don't spend much time in your room any way.  Some family rooms are up on the hill and a bit of a walk but they have little shuttles to pick up up and drop off to help. We went also to the other resorts to look and it was so busy and  more windy and rough on that side so we are glad we chose taaras, it is far superior in many ways. I highly recommend this piece of paradise to anyone.",2025-07-08T09:40:05.101Z
The Taaras Beach & Spa Resort,,3.0,"The food and the service wasn’t really really Upto mark, the staff needs to be there to understand basic English",2025-07-07T11:40:35.819Z
The Taaras Beach & Spa Resort,,5.0,The best activity - sea turtles hatchling release!,2025-07-06T13:40:33.657Z
The Taaras Beach & Spa Resort,,5.0,,2025-07-05T10:13:35.890Z
The Taaras Beach & Spa Resort,,5.0,,2025-07-03T11:18:17.428Z
The Taaras Beach & Spa Resort,,5.0,,2025-06-26T10:21:57.148Z
The Taaras Beach & Spa Resort,,5.0,Best experience ever.nice and cozy.,2025-06-26T08:53:44.315Z
The Taaras Beach & Spa Resort,,5.0,A wonderful experience with fabulous and friendly staff who attend your service and request sincerely. Amazing service provided for birthday girl and full of surprises!,2025-06-24T16:11:27.126Z
The Taaras Beach & Spa Resort,,5.0,"We had a really nice and comfortable stay at the Taaras beach resort. The staff is caring and the activities are spot on. We discovered the sea world spotting turtles and corals. It was amazing.
We really enjoyed sea activities, yoga classes and a really nice Indian restaurant.
Great spa with a lot of offer and professional masseuses that really stand out.
Hamdan was assigned to us by the resort and really helped us make our experience as smooth and carefree as possible. I recommend for a relaxing stay enjoying the tropical sea world",2025-06-23T03:34:43.412Z
Sipadan Kapalai Dive Resort,,3.0,"fantastic location with good food provided. they have cater enough for China tourist who take alot food. others tourist will have sufficient food.
however, the room 7x to 8x is too hot at afternoon. bad room designs.",2023-12-14T09:48:45.750Z
Sipadan Kapalai Dive Resort,,5.0,"The stunning place with too much natural beauty and arranged accordingly.
Full facilitated.
Diving experience was amazing.",2023-12-12T16:33:46.994Z
Sipadan Kapalai Dive Resort,,5.0,,2023-11-30T13:55:17.680Z
Sipadan Kapalai Dive Resort,2/5,,"房間的床單不整潔，員工服務欠佳，一邊開車一邊抽煙，沒講thank you或小費（只有一次忘記），會被大大聲說thank you,兇你， 房間水龍頭太小，空調壞的，5個員工來維修一個空調都沒維修好，一邊維修還一邊抽煙，換兩間房都是太小空調（55、57號房）第二天晚上還看到52號房又在維修空調，不值這價錢， 唯一好處，拍照很好，沒了，如果不喜歡拍照的奉勸不要過去.下午茶不值得去吃，就是早上剩下的…….",2023-11-29T23:59:59.999Z
Sipadan Kapalai Dive Resort,,5.0,"Kapalai is located approximately 45 mins to 1 hour from Semporna town, via a speed boat. It provides a 360° breathtaking ocean view. We were amazed by the unpolluted turquoise sea water upon arrival. The water is clean and see-through to the sea bed.

Sea turtles were abundantly spotted around the resort. We were told by one of the buggy drivers that Kapalai has its own man-made beach to encourage the sea turtles to lay eggs. To date, Kapalai has managed to release more than 100 sea turtles into the ocean. Sipadan is famous for its Green and Hawksbill sea turtles.

While snorkelling, we spotted not only sea turtles but barracuda, colourful coral reefs, stingrays, starfishes, squids, to name a few. The snorkelling gear can be rented for RM23/day. The famous clear kayak boat can also be rented for RM50/hour. This is especially famous amongst the ladies. The staff of Kapalai are more than helpful to help you take the best photos of you riding on the kayak.

""Harley-Davidson"" could be rented in the resort for RM50/day. Don't get me wrong, it is however not the real Harley-Davidson, mind the pun. The staff refers the pastel rattan coloured bicycle as Harley-Davidson. The bicycle complements the beautiful resort. Aplenty of photos could be taken with you riding on it too.

Due to the previous case of resort guests being kidnapped by the Philippines pirates, whom subsequently demanded hefty ransom from the Malaysian government, Sipadan Kapalai Dive Resort is now safely and heavily guarded by the Royal Malaysian Navy.",2023-11-28T12:51:26.076Z
Sipadan Kapalai Dive Resort,4.7/5,,海真的美到不行清澈乾淨餐點也很好吃很棒,2023-11-19T23:59:59.999Z
Sipadan Kapalai Dive Resort,,1.0,"Greedy resort full of guests. Divers should not come.

1. They don’t provide individual fun dives. If you want to dive, even for one dive, they are gonna force you to pay for the full diver package for your entire stay. I originally only wanted to have two to three dives, they said no. I have to pay 4N/5D dive package.

2. I think it’s normal to travel to a place 30min away to dive for a diving center without any extra charge. They don’t do this. They want to charge 850RM extra for a single trip like this. Attention, I’m not even talking about Sipadan! They only want you to dive in front of their resort or at Mabul (7mins away), where the water was very dirty and visibility was 5 meters at most!

3. My friend wanted to have two fun dives after he finished his open water course here. Guess what? Impossible. He has to buy 4N/5D diver package in order to have fun dives! Or, he could buy two Discover Scuba Diver package to have two fun dives. Is it ridiculous?

4. Full of tourists busy with taking pictures and snorkeling all day. My mask was stolen.

5. Unable to jump into the water from you villa.

All in all: avoid this place!",2023-11-19T09:53:06.194Z
Sipadan Kapalai Dive Resort,,5.0,,2023-11-11T04:34:37.945Z
Sipadan Kapalai Dive Resort,,5.0,,2023-11-08T22:53:00.065Z
Sipadan Kapalai Dive Resort,,5.0,Got turtle!,2023-11-03T02:28:00.171Z
Pulau Payar Marine Park,,5.0,The clear sea is perfect for snorkeling. Can see anything in the sea through snorkeling.,2023-01-18T14:05:17.871Z
Pulau Payar Marine Park,,5.0,Great scenery and activities they had to offer. Islan hoping tmis the best!,2023-01-18T14:05:10.190Z
Pulau Payar Marine Park,,4.0,Nice place to do snorkeling activities,2023-01-18T14:05:09.382Z
Pulau Payar Marine Park,,5.0,Great island hoping experience,2023-01-18T14:04:59.420Z
Pulau Payar Marine Park,,5.0,AMAZING DAY TRIPS. VERY ENJOYABLE. A MUST VISIT PLACE,2023-01-18T14:04:38.223Z
Pulau Payar Marine Park,,5.0,Tempat yg sangat2 cantik utk dilawati. Sangat cantik dan bersih. Aktiviti pantai yang sgt byk utk bersama kawan2 dan keluarga,2023-01-18T14:04:32.187Z
Pulau Payar Marine Park,,5.0,A must place to visited when came to Langkawi . The sand and beach very beautiful and so clean . The view super duperrrrr niceeee 🥰,2023-01-18T14:04:12.635Z
Pulau Payar Marine Park,,5.0,Best experience ever,2023-01-18T14:03:00.026Z
Pulau Payar Marine Park,,5.0,Bestttt. Can see baby sharks too!!!,2023-01-18T14:02:21.088Z
Pulau Payar Marine Park,,5.0,,2023-01-17T03:14:05.901Z
Berjaya Tioman Resort - Malaysia,,5.0,"We have a great time in Berjaya Resorts. Its very quite & peaceful, and the staffs are very friendly and helpful. We enjoy our conversation with Ms Jasper who had gone extra mile by providing medical assistance to my daughter when she cut her toes during one  of outdoor activities. Keep up with the good work.",2026-04-12T01:57:38.402Z
Berjaya Tioman Resort - Malaysia,,5.0,The staff provided excellent hospitality.Quite a relaxing experience as the hotel is not too noisy and surrounded by nature,2026-04-12T01:41:34.737Z
Berjaya Tioman Resort - Malaysia,,5.0,Very nice!,2026-04-11T05:09:57.944Z
Berjaya Tioman Resort - Malaysia,,5.0,"Супер отель , прекрасное расположение, отличный пляж, очень хорошие завтраки , чистейшее море, есть места для снорклинга, очень внимательное отношения к гостям, спасибо огромное",2026-04-11T04:10:00.911Z
Berjaya Tioman Resort - Malaysia,,4.0,"Superbe hôtel 4 étoiles avec un personnel charmant et très attentionné! Tous nos remerciements à Jasper et Daud pour leur gentillesse et leur sourire! Aux petits soins pour nous! Bravo!
Dewi vous fera un massage qui vous emportera vers la détente...
La plage est sublimement belle, l'hôtel est bien situé sur l'île avec un service de navette de et vers la jetée Tekek.
Les activités sont abordables et bien organisées, tour en ville et visite des waterfalls et la plage de Juara!
Je ne mets que 4 etoiles car nous avons subi un désagrément avec la sécurité à l'entrée du complexe. Le chef de la sécurité Azhgr et son employé Rakech ont interdit l'accès à l'hôtel à un ami qui venait prendre une glace et passer un moment avec nous.
Alors que la réception a donné l'autorisation, ces messieurs ont fermement refusé.
Nous avons passé 40 minutes à parlementer pour trouver un arrangement qui n'est jamais arrivé.
Dommage car tout allait très, très bien jusqu'à cet incident!
Merci de rappeler à la sécurité de mieux traiter vos clients.",2026-04-10T16:14:23.128Z
Berjaya Tioman Resort - Malaysia,,5.0,"Definitely a place worth visiting. Water is clear, hotel is clean, just that the weather is hot! Hotel provides water for hydration and rides to your room. If you like nature, this is a place to be. Kayaking, snorkeling and other activities to occupy your stay.",2026-04-10T08:18:48.989Z
Berjaya Tioman Resort - Malaysia,,5.0,,2026-04-10T03:34:23.424Z
Berjaya Tioman Resort - Malaysia,,5.0,"Wonderful service, the staff are so friendly and helpful! Jasper in reception was wonderful and Bruce was fantastic for our 8am yoga. Rooms were very comfortable and had great air conditioning. Lots of fun activities - you can see turtles and reef sharks snorkelling! It’s such a beautiful location too. We had a great time!",2026-04-09T03:56:45.428Z
Berjaya Tioman Resort - Malaysia,,5.0,不错的酒店，很安静，餐厅价格在酒店里面全是比较合适的，房间也不错，比较舒适的一次体验。,2026-04-09T03:40:06.134Z
Berjaya Tioman Resort - Malaysia,,5.0,,2026-04-08T03:09:48.993Z
Sipadan Kapalai Dive Resort,,4.0,Air cond pada waktu tengah hari.. ketika waktu panas terik je kurang rasa.. suasana sangat cantik di sana.. laut cantik.. makanan ada yang kene tekak.. ada yang xkene tekak.. view pagi dan senja mmg cun dan lawa.. bawa anak2 kene sangat berjaga2..,2023-11-02T21:52:33.850Z
Sipadan Kapalai Dive Resort,,1.0,,2023-10-30T21:36:09.105Z
Sipadan Kapalai Dive Resort,,4.0,,2023-10-28T06:08:12.068Z
Sipadan Kapalai Dive Resort,,5.0,"Sea Water is very clear and clean, can see see turtle, stingray from the hotel wooden walkway 👍🏼👍🏼👍🏼👍🏼👍🏼Beautiful scenery of the chalets and the bright colorful Flowers around the chalets..!",2023-10-17T11:36:23.218Z
Sipadan Kapalai Dive Resort,,5.0,"Una experiencia para probar. Sólo recomendable si te gusta la comida asiática (no hay mucho más donde elegir) y si es para hacer el paquete buceador (para snorkeling no hay mucho que hacer y no hay más actividades en el resort).

Apartado de mundo, perfecto para desconectar.
El servicio, excelente y amable.",2023-10-14T02:42:02.238Z
Sipadan Kapalai Dive Resort,,4.0,"Très ben endroit, idéal pour 4 jours, au delà, rien autour, uniquement plongées et snorkeling. Aucune animation. Nourriture en buffet de type asiatique, rien de continental, vu le prix je pensais avoir des repas de qualité et diversifiés. Ils sont adaptées à la population chinoise... personnel renfermé.",2023-10-11T12:25:41.336Z
Sipadan Kapalai Dive Resort,,5.0,"This is one of the most beautiful travel destinations that I have ever been to. At first, I was a bit skeptical about this Sipadan Kapalai Resort, because I have read through some bad reviews about the room condition. But I'm lucky that I don't have to go through all this bad experience. Each room is a standalone chalet that is built on top of the sea. I think some rooms are newer and some are slightly aged. But overall, I think the maintenance is quite good. My room is spacious and clean. Everything is functional. The Aircon is cold, but due to the hot weather, you will still feel heat in the afternoon and evening. As for the food, I think it is average. It is buffet style for all meals(breakfast, lunch and dinner). I think breakfast is the best because you hardly go wrong with fried rice, scrambled eggs, omelette or waffles. For lunch and dinner, the dishes are more suitable for locals. Anyway, don't worry about food running out if you are late to the restaurant. They always refill the food and there is always plenty of food left as long as the time is still within the buffet session.
The view at this resort is magnificent. I think the water is crystal clear, and you can always see a lot of fish swimming around the resort or beneath your room. It is like living on top of an aquarium. I'm lucky that I managed to see a few turtles swimming around in the early morning also. This is truly amazing. There are also sunset and sunrise point where you can take memorable photos and videos.
Overall, I am glad that I have visited this place. This is definitely one of the best places I have ever traveled to.",2023-10-09T09:17:18.167Z
Sipadan Kapalai Dive Resort,,5.0,Gorgeous location with attentive staffs. Just be prepared that the rooms further from reception may not receive any WiFi or data. No TV in room also.,2023-10-01T06:20:53.497Z
Sipadan Kapalai Dive Resort,,4.0,,2023-09-22T07:15:52.361Z
Sipadan Kapalai Dive Resort,,3.0,"度假村周围时常漂浮着塑料垃圾。
希望那边的工作人员可以打捞上来。
一起照顾海的清洁，给海龟和鱼一个安全的地方。

一个有着很美玻璃海的地方。
在度假村可以无限的浮潜。
看日出，看日落，看星空，看海龟。
很多五颜六色的珊瑚和躲在珊瑚的鱼群。
尤其是在潜水中心后面～就像是kapalai的后花园。

Can unlimited snorkeling place.
Lot colourful corals and different types of fish just behind the dive center.

But  rubbish and waste floating around the resort.
Hope staff can clean it and not just let it float on the sea.",2023-09-21T22:56:23.352Z
The Taaras Beach & Spa Resort,,3.0,"Disappointing Experience for the Price Paid

We stayed at The Taaras for 2 nights with a group of 5 people and paid RM7,500 — which we expected to reflect in the service and overall experience. Unfortunately, it fell short on many fronts.

Cons:

The van that was supposed to pick us up upon arrival wasn’t there, causing unnecessary hassle.

Our bags weren’t in the hotel room when we arrived.

The interconnecting door between our rooms was faulty and couldn’t open fully.

Toiletries were insufficient despite us adding an extra bed.

Only 4 glasses were provided for 5 guests.

One of the pillowcases was dirty, which was unacceptable at this price point.

The welcome cocktail was underwhelming.

The resort felt overcrowded, which took away from the relaxing atmosphere we were hoping for.

Breakfast was below expectations — limited spread and not up to par with the luxury pricing.

Pros:

The beach was clean and beautiful.

The water was clear.

Resort facilities were acceptable.

Overall, for the amount we paid, the service and amenities did not meet expectations. While the natural surroundings were stunning, the lack of attention to detail and service made our stay less enjoyable. Definitely not the luxury experience it’s marketed to be.",2025-06-22T14:56:15.852Z
The Taaras Beach & Spa Resort,5/5,,タラスリゾートに宿泊しました。料理も施設も海も大満足でした。ヨガのクラスも受けましたが、とても良い体験でした。,2025-06-21T23:59:59.999Z
The Taaras Beach & Spa Resort,,5.0,"You can arrange for shuttle from the jetty to the resort which is pretty convenient.
We stayed in the Cliff Bay View Suite and the view was amazing. Room is spacious enough for a family of 5 (2 adults, 3 kids)  , there is free buggy ride from the lobby to the Suites.
Breakfast has quite decent variety for both adults and kids and most importantly the dining hall overlooks the pool and the beach so we can just jump into the water after breakfast.
Amenities/activities provided were also great.
All in all we had a great time there.",2025-06-16T09:41:37.230Z
The Taaras Beach & Spa Resort,,5.0,Pricey,2025-06-16T05:29:33.734Z
The Taaras Beach & Spa Resort,,4.0,,2025-06-15T05:45:45.454Z
The Taaras Beach & Spa Resort,,5.0,,2025-06-13T09:08:34.229Z
The Taaras Beach & Spa Resort,,4.0,,2025-06-12T22:39:19.838Z
The Taaras Beach & Spa Resort,,5.0,"Our second visit here but this time we stayed at the Bayview two Bedroom suite, instead of taking two Garden Suite. Definitely worth it for family of four with 2 big children. The suite is huge and very luxurious, fittings are good and look new.
The highlight is the spa bathtub which overlooks the bay below, quite an experience!
The bay is very nice, with gentle waves and clear water, Maldives standard.
We got dinner one night in the package  which we took at MareNero. It is dear but good quality and the Italian desserts were excellent.
Breakfast was a reasonable spread and there was good nasi dagang and roti canai stand.

We came from KL and the whole experience is fast and unstressful. Fly from Subang Airport, which at the moment is a very chill experience. All the Berjaya Air staff at both Redang and Subang Airport are cheerful and helpful.
Redang airport is also very chill and then a short 5 minute van ride you are already at the resort.

Hamdan was assigned to help us, and was friendly and helpful. Staff at the front office and porters etc also very helpful and friendly.

We just went for a weekend and it really hit the spot!
We will be back again next year!",2025-06-08T12:56:33.262Z
The Taaras Beach & Spa Resort,,5.0,"We had an amazing stay at The Taaras recently, and would like to specially commend Hamdan for his outstanding hospitality. From the moment we arrived, Hamdan consistently greeted my wife and I with a warm smile, making us feel truly welcome. He was always ready to assist with our activity reservations and handled any issues that arose swiftly and professionally. His attentiveness made our stay even more enjoyable — thank you, Hamdan!

As for the hotel itself, the overall experience was fantastic:

Exceptional hospitality — every staff member we met was friendly, courteous, and professional. It really made us feel valued as guests.
Delicious buffet choices — we had the chance to try the breakfast, lunch, and dinner buffets. The spread was generous with a good variety of local and international dishes.
A special mention to a lady whom I believe is a deputy manager — when our Cliff Bay Suite wasn’t ready even after 3pm, she graciously arranged a temporary room for us to freshen up and even extended a complimentary dinner buffet for the inconvenience. A thoughtful gesture that we truly appreciated. Great facilities around the resort, with convenient buggy services that made it easy to move about the property.

We thoroughly enjoyed our time here and will definitely be coming back in the very near future. Thank you, The Taaras!",2025-06-06T13:17:06.601Z
The Taaras Beach & Spa Resort,,1.0,"Disappointing Stay at The Taaras - Overpriced and Overrated

Our recent stay at The Taaras was a huge letdown from start to finish. It started at the jetty, where we waited in the hotel van for over 15minutes because it was blocked by other vans. We had to ask the drive and call hotel ourselves to sort it out.

Check-in was messy. Despite booking for 11 locals, the hotel insisted on collecting everyone's IC, which I think it's unnecessary. Then they claimed our package didn't include the Turtle Discovery, even though it clearly did. Thankfully, I brought the booking receipt.

Rooms were not well maintained i.e dirty staircases, faulty doors, broken kettles and fridges. The whole place didn't feel like a 5-star resort.

Activity arrangements were chaotic. We had initially reserved our Turtle Discovery activity for 9am the next day. Later, we were asked to shift to 10am, which we agreed to. However, when we arrived at 9:50am, we were told the booking was only for 10 guests instead of 11 and were asked to pay extra for one person. This was never communicated to us during check-in.

To make matters worse, we were made to wait even after 10am because they were not enough life jackets. It was frustrating, especially since all activities had been pre-booked, and the hotel should have arranged accordingly.

Another concern was housekeeping. When we returned from our snorkeling activity around 1pm, our rooms were still not cleaned. We informed the front desk, then went for lunch from 2-3pm. Shockingly, the rooms remained untouched.

Based on this experience, I find The Taaras to be highly overrated. The price we paid does not reflect the poor service, inadequate facilities, insufficient no of staff and disorganized activity arrangements.

This was my second visit to Redang Island, but my first (and likely last) stay at The Taaras. I love the island and will return, but I'll choose another hotel next time. The only thing I enjoyed during the stay here were the fire show and swimming with the turtles.

I hope this feedback is taken seriously.",2025-06-04T03:41:47.522Z
Pulau Payar Marine Park,,5.0,"Trip to this island are very exiting, very nice view and natural",2023-01-16T14:11:40.266Z
Pulau Payar Marine Park,,5.0,"Tmpat cntik, bersih. Kaya flora fauna. Pemandangan cantik. Sesuai untuk aktiviti hujung minggu. Terbaik",2023-01-16T14:07:57.090Z
Pulau Payar Marine Park,,5.0,"nice place to travel, very beautiful!",2023-01-16T14:07:53.603Z
Pulau Payar Marine Park,,5.0,Beautiful view,2023-01-16T14:06:32.802Z
Pulau Payar Marine Park,,5.0,Its that have 🏄‍♀️ over there ?,2023-01-16T14:05:30.776Z
Pulau Payar Marine Park,,5.0,"Nice place  i will visit again.for cuti cuti malaysia .Amazing place and nice place to visit, sunny day and lucky able to see baby sharks. Water so clear and clean..",2023-01-11T14:00:47.730Z
Pulau Payar Marine Park,,5.0,Nice & beautiful place,2023-01-11T13:57:27.498Z
Pulau Payar Marine Park,,5.0,"I recently visited Pulau Payar Marine Park and had an amazing time. The park is located on a beautiful island and is surrounded by crystal clear waters. The snorkeling and diving were some of the best I've ever experienced, and I saw a wide variety of marine life including colorful fish, coral reefs, and even a few sea turtles. The staff at the park were friendly and knowledgeable, and they provided all of the equipment I needed. Overall, I had a fantastic time at Pulau Payar Marine Park and would highly recommend it to anyone interested in snorkeling or diving.",2023-01-10T03:26:20.080Z
Pulau Payar Marine Park,,5.0,Good view and breathtaking.,2023-01-10T03:19:56.067Z
Pulau Payar Marine Park,,5.0,"Terdapat pakej menaiki boat, pemandangan yang cantik untuk dikunjungi family",2023-01-10T03:12:06.401Z
Berjaya Tioman Resort - Malaysia,3.7/5,,"A little dated, but the dive sites around are so good. Good value, you get what you pay for, and pay for every activity you wanna doFood got tired after say 3, could do with more varietyPeople are nice but could use a little more refinement to up the overall quality. Service is like a 3* place...",2026-04-06T23:59:59.999Z
Berjaya Tioman Resort - Malaysia,,5.0,,2026-04-06T13:03:49.846Z
Berjaya Tioman Resort - Malaysia,,5.0,"Amazing stay! Beautiful property, clean and comfortable rooms, delicious food, and very courteous staff. Perfect place to relax and unwind. Highly recommended!
What truly stood out was the peaceful atmosphere and the range of activities available, making it ideal for both relaxation and recreation. Whether you want to unwind by the pool or explore the surroundings, this place has it all.
We had Kayaking and ATV ride in the resort...it was superb...",2026-04-05T04:13:46.434Z
Berjaya Tioman Resort - Malaysia,,5.0,Superb experience with really good service. i really enjoy my stay here. Recommended for those who dont really care about the price.,2026-04-05T03:22:58.683Z
Berjaya Tioman Resort - Malaysia,,5.0,,2026-04-05T02:13:43.877Z
Berjaya Tioman Resort - Malaysia,,5.0,"早上的瑜伽一定要去
老師很認真 人也很少 所以可以好好運動
整體環境也很好
推推",2026-04-05T02:02:06.408Z
Berjaya Tioman Resort - Malaysia,,5.0,Had a stay for our anniversary and it was absolutely pleasant! Would recommend 10/10!,2026-04-04T12:27:09.553Z
Berjaya Tioman Resort - Malaysia,,5.0,,2026-04-04T07:40:38.272Z
Berjaya Tioman Resort - Malaysia,,5.0,"the rooms was amazing , very comfortable and the bed was very nice. the amenities provided was on top . service wise , we had to wait for almost 30 mins for the ride to come despite calling alot of times . other then that the man was very friendly and welcoming . location was very nice , having a nice place to wake up on and do yoga . we had bruce to assist us and he was very patient despite our first time . he was very professional and fun . with that no other problem and would love to be here again .",2026-04-04T02:07:41.990Z
Berjaya Tioman Resort - Malaysia,,3.0,Experience not really well due to service not details . Did not apologise when delay. We came with a team of 8 people. End with not a very nice wrap.,2026-04-04T02:07:39.025Z
Sipadan Kapalai Dive Resort,,5.0,,2023-09-19T09:02:45.638Z
Sipadan Kapalai Dive Resort,,5.0,"Superb resort to view of corals,fish and turtles.",2023-09-07T12:26:57.211Z
Sipadan Kapalai Dive Resort,,4.0,"Foods not really nice, view nice",2023-08-30T18:15:18.166Z
Sipadan Kapalai Dive Resort,5/5,,非常滿意！,2023-08-26T23:59:59.999Z
Sipadan Kapalai Dive Resort,,4.0,,2023-08-24T05:12:31.631Z
Sipadan Kapalai Dive Resort,,4.0,,2023-08-23T16:46:16.315Z
Sipadan Kapalai Dive Resort,,4.0,"Rooms is big and sea view is priceless.
Staff service here really good.
And buffet very suitable for ASIAN.
Only things is rooms thr is no network connection.
May be purposely want to stay here pure relax without disturb.
Overall its good experience to stay here.",2023-08-22T08:23:54.629Z
Sipadan Kapalai Dive Resort,,5.0,"This kind of place is absolutely surreal. It is definitely a must visit for those who appreciate pure natural beauty, isolation and the closest encounters you can get with marine life.

My highlights of the trip were watching the sunsets (an unencumbered view of the ocean on fire), doing the organized dive trips, and viewing sea life from my literal balcony (I saw 5 turtles in one night, manta rays, octopus countless types of fish). The resort is built in an organized fashion and has carts to drive you around to your bungalow (if it is too far).

I will say that it is quite a far transport - you need to fly into Tawau airport, take their shuttle 1.5 hours to Sipadan, then ride a 45 minute boat. However, for what it is, you should visit.

Some of the resort guests are also quite loud and don't understand etiquette regarding quiet times or respecting the beauty of the surroundings.",2023-08-16T23:38:08.602Z
Sipadan Kapalai Dive Resort,,4.0,watch on my youtube channel azrul tennessee,2023-08-16T09:03:20.679Z
Sipadan Kapalai Dive Resort,,4.0,不愧是网红地，很美,2023-08-11T14:15:14.342Z
Perhentian Island Resort,,3.0,"Un endroit paradisiaque, nous avons pleinement profité de la plage et du snorkeling.
Cependant, les chambres manquent beaucoup d'entretien et ne sont pas du tout propres. Le service de nettoyage n'est pas du tout efficace! Dommage pour un tel endroit.
Autre point de mécontentement : les geckos dans les chambres sont innombrables! Pour ceux qui en ont peur, ne pensez pas à prendre cet hotel.
Côté nourriture, pas de variétés.",2026-03-30T04:21:02.165Z
Perhentian Island Resort,,3.0,,2026-03-29T06:07:24.647Z
Perhentian Island Resort,5/5,,good service and great prices,2026-03-28T23:59:59.999Z
Perhentian Island Resort,4.5/5,,"perhentian Island resort 에 3박 머물렀습니다. 예약할 때 봤던 후기들 중에서 부정적인 후기들이 있었는데, 생각했던 것보다 훨씬 괜찮았다. 벌레는 개미가 조금 있는 것 외에는 전혀 없어서 불편함이 없었고 문을 잘 닫으면 모기도 전혀 없었다. 전체적으로 새 건물은 아니지만 그렇다고 해서 너무 낡아서 불편하거나 하지는 않았다. 섬에 있는 오두막 형태의 객실이라는 것을 생각하면 매우 만족스러웠다. 에어컨도 아주 시원했다. 스탭들의 서비스도 매우 훌륭했다. 여러 부분에서 고객들의 편의를 생각해주는 것이 많이 느껴졌다. 배를 내렸을 때 짐을 호텔 객식까지 운반해주고, 식수도 식당에서 떠서 먹을 수 있고 고객이 필요를 이야기했을 때 도움을 주려는 태도가 참 좋았다. 호텔 앞에 바닷가가 너무 아름답기 때문에 객실이 정말 형편없지만 않다면 만족했을텐데, 호텔도 전체적으로 불편함 전혀 없이 만족스러웠다. 부정적인 후기를 보고 걱정하는 사람들이 있다면, 걱정 전혀 할 것 없이 오라고 추천하고 싶다.",2026-03-27T23:59:59.999Z
Perhentian Island Resort,3.2/5,,The resort is very old. I think the management should consider to upgrade & revamp the resort. It is still the same as 20 years back. The only good point about this resort is the beach,2026-03-27T23:59:59.999Z
Perhentian Island Resort,,2.0,"No help with. Cases on arrival.
Breakfast restaurant bit of a free for all. No one greeting to sit down and advise on how things worked. Not very many options, everything empty and cold. Staff not particularly helpful and did not really understand us. I guess the highlight was just swimming with a turtle
We found on our own!!",2026-03-27T01:02:36.768Z
Perhentian Island Resort,,1.0,"I am writing this review to strongly warn other travelers.

I stayed three nights at the Perhentian Island Resort (Pulau Perhentian Besar, Turtle Beach). During my stay, I suffered clear and medically confirmed bedbug bites. The symptoms started after the first night and worsened each day, showing the typical linear pattern. A pharmacist confirmed this, and I have photo evidence.

What is even more alarming than the incident itself is how it was handled. After I reported the issue, I was moved to another room for the final hours before my departure. This was not a gesture of goodwill, but simply the minimum necessary response. At the same time, I was told that no responsible person was available to make any decisions regarding compensation and that I should follow up by email. I clearly stated already then that this approach would likely result in the issue being denied later. Unfortunately, this is exactly what happened.

After my departure, the resort refused to take responsibility, claiming no evidence was found. I find it unacceptable that such a serious issue is being dismissed despite clear documentation.

In addition, I had significant effort and costs: medication, disinfection of luggage and rental car, and repeated laundry cycles — all during an ongoing international trip.

However, the core issue goes far beyond this single incident. This resort shows fundamental and systemic problems:
- Serious hygiene deficiencies (e.g. insects all over buffet food areas)
- Passive and disengaged staff despite high staff presence
- Lack of even basic safety standards

During a snorkeling trip, guests were not checked for their ability to swim. This led to two guests nearly drowning — they had to be rescued by myself and another tourist, not by the staff. I was personally involved and can fully confirm this.

These are not isolated failures. They indicate deep and ongoing mismanagement. Issues like bedbugs do not occur randomly — they are a consequence of sustained neglect.

Yes, the location is beautiful. But this does not justify risks to health and safety.

I strongly and explicitly advise anyone against staying at this resort.

I still expect appropriate compensation. If the resort continues to deny responsibility, I will proceed with legal action and involve the relevant authorities.

Avoid this resort!

Regards
Peter Schultze",2026-03-26T09:48:15.026Z
Perhentian Island Resort,2/5,,Great location but poor service|Rooms are not up to my cleaning standards|Very basic shower amenities and towels are old and ragged|Breakfast is ok. Good quality and plenty of choices.|This and the beauty of the location save the place|Staff are correct but not nice and warm||Restaurant serves unedible food,2026-03-24T23:59:59.999Z
Perhentian Island Resort,,5.0,Fantastique,2026-03-24T07:22:32.851Z
Perhentian Island Resort,,5.0,"La spiaggia più bella e lo chalet sul mare, stupendo sentire il mare dal letto...e vedere tartarughe e squali a poche decine di metri dalla spiaggia!
Unico difetto...no alcol! Bisogna camminare fino al Barat o al Tuna!",2026-03-23T11:00:54.978Z
Pulau Payar Marine Park,,5.0,Wonderful place to capture ur moment here with the best view of nature..like this place and it make me calm🙂🙂,2023-01-10T03:02:50.413Z
Pulau Payar Marine Park,,5.0,The sea water is very clear,2023-01-10T01:40:26.252Z
Pulau Payar Marine Park,,5.0,Great place for holiday with family,2023-01-09T23:42:51.610Z
Pulau Payar Marine Park,,5.0,A fun and unforgettable vacation.  Visiting Pulau Payar Marine Park can bring you too many beautiful and happy memories.  Those who want to vacation with family and friends are highly encouraged to visit this island.  there are snorkeling and scuba activities here too.,2023-01-09T16:07:08.527Z
Pulau Payar Marine Park,,5.0,Good place to go,2023-01-09T15:01:14.125Z
Pulau Payar Marine Park,,5.0,Very nice and safe to snorkel if you haven't been to snorkelling. This was our first me and my small family joining the underwater world experience with scuba diving. Marine park so beautiful with colourful fish. Best for family diving’s and other sea activities,2023-01-09T14:53:07.315Z
Pulau Payar Marine Park,,5.0,Wow nice place,2023-01-09T14:40:20.603Z
Pulau Payar Marine Park,,5.0,A must visit when coming to langkawi. This place was a really great marine park with a lot of water activities. Will come again later.,2023-01-09T14:33:04.275Z
Pulau Payar Marine Park,,5.0,"If you are looking for a healing and beautiful place in Langkawi, you can swim,snorkel and scuba dive among the amazing coral reefs and marine life Pulau Payar Marine Park is the best site to go.",2023-01-09T14:25:07.169Z
Pulau Payar Marine Park,,5.0,A clear sea and mind soothing place to be with your loved ones,2023-01-09T14:21:14.066Z
Berjaya Tioman Resort - Malaysia,,4.0,"hotel toilet outside no carpet、The toilet has no drain, so the water on the floor cannot drain.",2026-04-04T02:07:37.068Z
Berjaya Tioman Resort - Malaysia,,4.0,Bruce teacher very nice people for teaching us yoga the reason i give servis 3 star because we naver get the transport,2026-04-04T02:06:10.371Z
Berjaya Tioman Resort - Malaysia,,3.0,"Facilities are a little date, but you get what you lay for. Value is good",2026-04-03T10:37:10.105Z
Berjaya Tioman Resort - Malaysia,,5.0,Vi har haft et fantastisk ophold på Berjaya. Her er fredfyldt og smukt. Personalet og alle folk på øen er meget venlige og gæstfrie. Vi har snorklet med skildpadder og små hajer. Virkelig en oplevelse for os!,2026-04-03T00:26:18.607Z
Berjaya Tioman Resort - Malaysia,,5.0,Fantastisk resort med virkelig god betjening og masser af aktiviteter man kan deltage i. Og et stort plus er at resortet ligger lige overfor Renggis Island hvor du kan dykke og med stor sandsynlighed se skildpadder og hajer (helt ufarlige).,2026-04-03T00:22:19.123Z
Berjaya Tioman Resort - Malaysia,,5.0,Very comfortable family type stay. Staff and GM Captain Louis super welcoming. Nice activities near by. Rooms were very nice indeed,2026-04-02T01:50:10.482Z
Berjaya Tioman Resort - Malaysia,,5.0,"3 times i vizited this place. As a student, then with parents, now with my own kids",2026-03-31T12:44:58.557Z
Berjaya Tioman Resort - Malaysia,,4.0,I liked the atmosphere in berjaya tioman island resort. Hopefully i will come again for vacation soon.,2026-03-31T06:04:29.511Z
Berjaya Tioman Resort - Malaysia,,5.0,,2026-03-30T05:16:46.270Z
Berjaya Tioman Resort - Malaysia,,5.0,Love it,2026-03-30T04:49:35.643Z
Perhentian Island Resort,5/5,,"Perhentian Island Resort is the best hotel in Perhentian . You will not regret it . Its my 5th year in a row visiting this island . Great staff , rooms , food and beach",2026-03-18T23:59:59.999Z
Perhentian Island Resort,5/5,,"Absolutely loved our family trip to the Perhentian Islands! The beaches are stunning with soft white sand and crystal-clear water. Our kids had so much fun swimming, snorkeling, and spotting colorful fish. Some areas can get crowded, but the natural beauty and relaxing vibe made it totally worth it. Perfect for a memorable family getaway!",2026-03-17T23:59:59.999Z
Perhentian Island Resort,,5.0,We had an amazing stay at Perhentian Island Resort. The hotel is beautiful and offers a stunning view over the sea. The staff is very attentive and always helpful. The activities offered are great — we joined the snorkeling trip and were lucky enough to see blacktip reef sharks and sea turtles. A wonderful experience. We highly recommend this place.,2026-03-17T16:26:10.073Z
Perhentian Island Resort,,5.0,,2026-03-15T01:14:08.047Z
Perhentian Island Resort,,5.0,"I booked this place from klook, I did have a good experience here, the resort so clean and peaceful, the staff , reception, waitress and especially Ms. Hanim. Did a very good job. I'm so satisfied",2026-03-08T04:58:04.811Z
Perhentian Island Resort,,1.0,"Rien de bon à retenir de cet hôtel, rien ne va, leurs atouts est l'emplacement, par dessus l'hôtel facture des sommes astronomique pour les voyages en bateau, les machines à laver etc alors que partout c'est un tier du prix et le personnel vole vos affaires et se promène avec devant vous et nie en bloc vous les avoir volé, un conseil FUYEZ !!",2026-03-05T07:39:49.861Z
Perhentian Island Resort,,1.0,"ATTENTION STAFF QUI VOLE !
Mon compagnon s’est fait volé ses chaussures devant notre Bungalow le jour de notre départ. Par chance je les ai reconnu aux pieds d’un employé avant de partir. Devant la direction l’homme a nié. La direction n’a rien fait.
Faites attention à vos affaires, ne les laissez pas faire le ménage dans vos chambres sous risque d’être volé et ne laissez rien devant la porte.
Deuxième point important, intoxication alimentaire pour 3 d’entre nous.
Une pizza sans poivrons commandé pour cause d’allergie, pizza reçu avec poivrons, demande express d’en refaire une : poivrons cachés à l’intérieur. Pizza sûrement surgelée mais à aucun moment le staff n’a précisé que je devais simplement changer de plat car il était impossible de les enlever pour eux. J’ai été très très malade toute la nuit, mieux vaut pas avoir d’allergènes mortel ici sur cette île je vous le dis !
Pour un hôtel 3 étoiles c’est une honte.
Chambre belle mais vraiment très mal nettoyée: taches sur les draps et serviettes, tache de café sur les meubles, porte fenêtre qui donne sur l’extérieur à moitié cassée, moisissures etc.
Je vais m’arrêter là.",2026-03-05T07:25:57.491Z
Perhentian Island Resort,4.7/5,,"The best location in the Perhentian Island, lovely long sandy beach , great service from all the staff: reception, restaurant , etc..The hotel was well looked after , no internet inside the room only at reception and restaurant.Food from the restaurant was a little above average.",2026-02-28T23:59:59.999Z
Perhentian Island Resort,3/5,,"The only reason to stay at this place is the beach.  Everything else is terrible. The rooms are old, the plumbing stinks, the cleaning is marginal. The towels and bedsheets had stains and the daily housekeeping was not well done. An area where this resort could have attempted to save itself is the food, but even that is just ok. The recreation centre closes at 4pm, 3 hours before sunset which is really inconvenient considering most guest are still out on the water. The staff is polite, but inflexible and lacks good customer service skills. They make no effort to improve the quality of guest experience. The beach is gorgeous, but the room hygiene, smelly plumbing, and old facilities made it unbearable to stay there. Unfortunately, I could not wait to leave.",2026-02-27T23:59:59.999Z
Perhentian Island Resort,,5.0,Calidad indiscutible en una playa de ensueño..,2026-02-27T18:22:36.025Z
Sipadan Kapalai Dive Resort,,5.0,,2023-08-11T12:32:04.833Z
Sipadan Kapalai Dive Resort,,2.0,"KAPALAI DESERVES MORE!

We stayed 6 nights and 7 days at this fantastic resort. I would like to share my experience so that those who choose this resort are aware of the significant limitations that unfortunately this magnificent structure presents.

Value for money 5/10
Considering a cost of about 650 euros per night for two people (High season - diving package with 3 or 4 dives per day), I wouldn't return to this resort.

The company policy is mainly oriented on the Asian market, and this choice affects numerous aspects that I will list here:

1. The transfer by speedboat from Semporna Port to Kapalai was not at all comfortable. We are used to the sea, and I understand that the weather conditions cannot be controlled, and there is an internal schedule to follow. However, I would like to emphasize that the boat was not suitable for those sea conditions; the rigid hull continuously slammed against the waves, resulting in a sore back. The captain could have easily reduced the speed.

2. Inadequate and unprepared staff. The management was careless in addressing various issues raised, and there was a total lack of authority in enforcing the necessary rules for civil coexistence and respect for this magnificent ecosystem and for those who wanted to spend relaxing moments.

2. Hygiene, cleanliness, and maintenance of the structure need improvement. The rooms are large and spacious with air conditioning, a fan, kettle, minibar, and safe, but a bit outdated. Maintenance is needed, especially in the bathroom. There are different types of chalets, some recently renovated. At the time of check-in, the room was very dirty, the wooden floor had not been cleaned, dust everywhere, especially on the shelves of the open wardrobe, and we even found a used soap in the shower. Towels were washed and fragrant but stained (despite being changed every day). Bird droppings on the balcony were not cleaned for days. Periodically, between 1:00 PM and 5:00 PM, maintenance workers start their work, and they don't care about the noise they make. The wooden planks of the pier that connect the rooms, since they are not properly fixed, make a terrible noise every time bicycles or golf carts pass near the room (this happens at all hours).

3. Environmental awareness and pollution control are non-existent. The showers in the rooms drain directly into the fantastic crystalline waters surrounding the resort, releasing polluting substances from the used soaps and organic waste (we even saw floating organic waste). Some areas of the resort's walkways are cleaned with bleach, which ends up directly in the sea after washing/rinsing.

4.Non-existent internet connection (this could be a plus for some). Wi-Fi is only available in the reception area, but it's very slow. Despite buying local SIM cards for data connection, the signal was completely absent for 2 days due to issues with the resort's receiver antenna
.
5. Good food for those who enjoy Asian cuisine. There is a total absence of continental dishes, only predominantly Asian cuisine with limited variety",2023-07-27T19:59:27.031Z
Sipadan Kapalai Dive Resort,,2.0,"Such a beautiful place deserved a far better management. The whole hotel needs urgent maintenance, the food is terrible - tastes horrible, it’s not well cooked, it’s cold and there is not enough variety and quantity. The hotel also does not have a bar and it imposes severe restrictions on accessing to the sea (safety concerns, they say). It is definitely not the luxurious place that the picture tries to portrait. Good aspects: the sea is gorgeous, the staff is nice (although without much hospitality training), and the dive centre and diving service is top quality.",2023-07-27T07:26:04.280Z
Sipadan Kapalai Dive Resort,,5.0,Good,2023-07-25T12:19:43.906Z
Sipadan Kapalai Dive Resort,,3.0,,2023-07-19T09:48:24.709Z
Sipadan Kapalai Dive Resort,,3.0,"Sipadan is truly a paradise on Earth. Crystal clear waters and an abundance of sealife. Beautiful place indeed.

Why not 5 stars?

The room looks very nice, made out of timber and all but the air-conditioning wasn't working despite the maintenance guy fixing it. It kept me sweating for most of the night. Second of all, the lack of connectivity (be it the lack of a phone in the room or wifi) made things a lot less convenient.

The food was substandard considering the abundance of fresh seafood available. The buffet has an average spread each meal but some items were not refilled. For example, mushroom soup ran out at 1pm for lunch. Lunch time is 1230-2pm. When asked, we were told that there will be no more refills. For an island where you have the exact number of guests at any one time...it is shocking that anything will run out after 30 mins of it being served in a buffet.

The setup seems to favour the Insta or weibo influencers rather than ppl who are there to experience reality. Lovely place to get tons of videos and pictures...",2023-07-18T15:31:15.889Z
Sipadan Kapalai Dive Resort,,5.0,"Overall is great.
Just location far",2023-07-17T15:29:55.057Z
Sipadan Kapalai Dive Resort,,3.0,"We weren't informed prior to booking or in the midst of making the booking that we would have to do a min 4d3n in order to be able to do a sipadan dive which was the whole point of the trip.

Secondly, when we arrived at the dive center, we realised we could have done the AOW course here and saved 4days worth of time in Semporna. we could have just booked a 5d4n in this resort, do the course and still achieve the mabul, kapalai and sipadan dive. Because of this, we ended up diving at the same exact sites as during the course. This is strange to us as the representative of the resort was aware that I had a friend with me who was going to do the AOW course in Semporna so she could dive in Sipadan from the start but she failed to recommend to us this other alternative that we came to know about upon arrival to the resort. We could have saved so much precious time from staying in semporna and booked a 5d4n at the resort, complete the AOW course and still achieve diving at Sipadan.

The good points would be, Glenn our dive guide is extremely kind and nice. he helped to chase away a huge remora that was persistently following me (prior trauma from being bitten by remora).
he is always checking on us in the water and made sure we’re all together. he is very patient and encouraging. I didn’t want to do the dive after a strong storm that early morning cus of the current but he encouraged me and willingly waited for me to feel comfortable enough. later that day, we met three sharks and an octopus and some barracudas. no regrets! thanks to glenn ❤️ the service at the dive center is impeccable. i don’t know his name but he is usually wrapped in a towel to his chest. he is always smiling and very nice to us at the towel counter. We saw so many macros and turtles! Glenn is a macro expert! We saw a banded sea krait at the boardwalk of the restaurant.

The visibility i would say, isn’t the best. but it’s enough. a lot of particles and sediments.",2023-07-16T01:25:39.300Z
Sipadan Kapalai Dive Resort,,4.0,,2023-07-12T16:33:12.305Z
Sipadan Kapalai Dive Resort,,5.0,"Went during May 2022 when Price was cheap because border just open after covid. We pay Rm 660/pax. 2 person in one room but actually room can be fit for 4 pax. There was two twin bed and one queen bed provided. We have our own balcony.

Food are delicious too (5meals provided). Buffet lunch on arrival > tea time > dinner > breakfast > lunch before departure.",2023-07-12T05:01:43.933Z
Sipadan Kapalai Dive Resort,,5.0,"3天2夜
整体感觉不错。
环境 可以，安静，基本没看到蛇🐍，没有人卖海鲜
食物 可以
设备 需要租 ，叫buggy要等就，走路比较快
日出日落，天气不美。看不到
celcom 房间有网络
digi 房间没有网络，要在饭堂才有",2023-07-07T06:38:13.132Z
Sipadan Kapalai Dive Resort,,5.0,Very nice for relaxing holidays. Food can be improved.,2023-07-03T01:50:38.932Z
Sipadan Kapalai Dive Resort,,5.0,"1. If you want to remember your stay for lifetime, this is one of the place you should chose
2. It's expensive as this is the only water bungalow in this island
3. You may do unlimited snorkeling during your stay here
4.  Not crowded like Mabul. This place is less touristy
5. Water is not deep around the bungalow and corals can be seen everywhere
6. Lot of colorful fishes around
7. Very romantic and safe place",2023-06-29T14:27:15.975Z
Sipadan Kapalai Dive Resort,,5.0,,2023-06-29T13:41:33.792Z
Sipadan Kapalai Dive Resort,,2.0,Very smelly n dirty,2023-06-26T01:49:26.379Z
Sipadan Kapalai Dive Resort,,5.0,,2023-06-24T06:53:45.562Z
Sipadan Kapalai Dive Resort,,5.0,,2023-06-24T00:02:53.829Z
Sipadan Kapalai Dive Resort,,5.0,"Heaven in the earth this place,nice fr weekend",2023-06-23T03:59:14.445Z
Sipadan Kapalai Dive Resort,,5.0,"再度訪れたい場所だけど多分もう叶わない希望かも知れない。
タワウの空港まで飛んで、センポルーナまで車移動、そこからはボートに乗ってカパライまで行く！

とにかく遠い海の上にあるダイビングリゾートにはサラリーマンを続けている限り休暇を取るにはかなり難しい身分になってしまった。

ダイバーだったら絶対に行くべきだし、行かないまま終わるのはもったいないと思う。

島ではなく砂浜の上に木枠でリゾートを建てていて、海のことだけ考えて過ごせる本当に素敵なところです。",2023-06-18T10:26:54.480Z
Sipadan Kapalai Dive Resort,,5.0,风景优美，刚好住的房间还经常看到海龟😊,2023-06-18T08:41:03.949Z
Sipadan Kapalai Dive Resort,,5.0,,2023-06-11T08:17:20.381Z
Sipadan Kapalai Dive Resort,,5.0,Resort đẹp! Dive shop đầy đủ tiện nghi! Phòng rộng sạch sẽ! Biển thì khỏi phải bàn rồi rất là đẹp luôn. Ấn tượng đầu tiên khi mình đến đây là bầu trời trong xanh rất đẹp🥰🥰🥰,2023-06-10T12:15:56.821Z
Sipadan Kapalai Dive Resort,,5.0,Tuyệt vời!,2023-06-10T06:26:47.459Z
Sipadan Kapalai Dive Resort,,5.0,,2023-06-10T05:18:12.950Z
Sipadan Kapalai Dive Resort,,2.0,"My partner and I spent 4 nights at Kapalai to scuba dive. Overall our experience was generally a positive one, but the 2-star review I'm giving is because on our final dive, after surfacing, our boatman Mustafa failed to see our signal buoy. It seemed as though he was sleeping, because the boat was completely idle for the next 90 minutes - there were no attempts to look for us, even though he well knew we should have surfaced by then. Our dive guide, Wei, also collapsed the signal buoy after about 3 minutes, and I had to plead with him to put it back up because it was obvious the boat had not seen us. Fortunately, luck was on our side and the current was pushing us back to Kapalai, but we swam for an hour to make it back safely. This could have been catastrophic if not for the current and where our dive site was. The manager of the dive center was apathetic to the situation and just directed us to the manager of the resort. The manager at least ended up comping our rental gear (~$180 USD for 2 people for 3 days).

Aside from that experience, Kapalai was very beautiful and well maintained. The staff weren't especially friendly, however. We were cautious with the food after reading other reviews from guests who had got food poisoning, and we fortunately had no mishaps. If you're not scuba diving, prepare to get bored after a few days, as there is not much to do aside from snorkeling around the house reef and kayaking in a small protected area.",2023-06-08T15:10:52.250Z
Sipadan Kapalai Dive Resort,,4.0,,2023-06-08T13:07:17.885Z
Sipadan Kapalai Dive Resort,,2.0,"This is by far the most beautiful location I’ve ever been to. Having crystal clear turquoise waters outside your window, with turtles floating by, is quite at experience.
Such a beautiful location deserves a really well managed resort with attention to quality (especially considering the price). Unfortunately that’s not the case at Kapalai. Room condition is in much need of renovation. Food, hygiene, and staff are really below decent. Dive masters are ok, but several didn’t take safety seriously.

After an incredible journey through Sabah meeting amazing people and seeing care for the environment, it was disappointing to finish our travels here.",2023-06-08T01:19:54.668Z
Sipadan Kapalai Dive Resort,,5.0,House Reef 🪸 and Huge Turtle. Visibility was poor.,2023-06-06T08:46:17.667Z
Sipadan Kapalai Dive Resort,,3.0,"The view there is always 5 stars.

The hotel guide is not explained detailed enough. We need to go office few times to get more information.

Breakfast, lunch, tea time, dinner included, but the taste, hawker center is even better.

No WiFi, no intercom system in the rooms, some rooms with bad Telco network coverage are unable to call  for buggy service, thus some guests have to walk from rooms to restaurant/office

Some rooms with shabby furniture, air conditioner in my room was not cooling, requested to change room, mood was slightly spoiled, luckily the process was smooth. (Total 7 guests requested to change room in the same day)

Not many activities are provided in the resort, and all activities need additional charges.  No TV in the room also.",2023-06-05T13:43:44.189Z
Sipadan Kapalai Dive Resort,,4.0,"We stayed for 4 days 3 nights. It was an amazing experience! Our chalet was overlooking the sandbar (mini sand beach), we could hear the waves hitting the shore so that was relaxing. To be able to see the wildlife out there in the open was an amazing experience too. We saw turtles, stingray and many types of fish. We managed to see stingray hunting the fishes, squid trying to hunt fish.

However, like some of the reviews mentioned below, there is some lack of activities that make the long stay a little boring. I think 2 days is good enough",2023-06-04T07:08:57.782Z
Sipadan Kapalai Dive Resort,,5.0,,2023-06-02T18:38:29.471Z
Sipadan Kapalai Dive Resort,,5.0,"Nice environment, extremely clean emeralds colour sea water, though the sandy beach is small but is white beach and good for photo taking. Consider big compound area for visitors to walk around, no daily tourists visit which keep the area with better privacy. Food is good and well present,  restaurant is also very clean and you can choose open restaurant to enjoy the cool breeze.",2023-05-31T23:46:35.463Z
Sipadan Kapalai Dive Resort,,4.0,,2023-05-29T12:21:05.496Z
Sipadan Kapalai Dive Resort,,5.0,,2023-05-25T03:24:29.039Z
Sipadan Kapalai Dive Resort,,5.0,,2023-05-24T14:22:50.364Z
Sipadan Kapalai Dive Resort,,4.0,,2023-05-16T12:51:10.607Z
Sipadan Kapalai Dive Resort,,4.0,Is a nice resort.they have airport and hotel pick up .make it easy however. the food at buffet. some are not labeled. don't wa it is. and the Stewart not all can speak eng. if you want sun bathing not many chalet get afternoon sun.only one restaurant I expect people have 2 walk far for meals.,2023-05-05T13:30:25.473Z
Sipadan Kapalai Dive Resort,,5.0,Great environment. Great view. But it's hard to book. 👍🏻,2023-05-05T02:34:45.747Z
Sipadan Kapalai Dive Resort,,1.0,"Nicht empfehlenswert.
Die reinste Abfertigung.
Masse statt Klasse. Berge an Essen, aber alles nicht wirklich lecker und immer kalt. Keine eingedeckten Tische, kein Service.
Die einheimischen Gäste stehen Schlange und schaufeln sich die Teller voll. Anschließend wandern Berge in den Müll.
Es ist zwar ein gutes Divecenter im Hotel, aber Dive Hotel ist absolut irreführend. Nicht mal fünf Prozent der Gäste sind Taucher.
Die Riffe sind eigentlich toll und es gibt eine sensationelle Unterwasserwelt. Leider mit viel Plastikmüll überall.
Sipadan ist hier die Ausnahme. Einfach nur toll. Leider darf der gemeine Tourist nur zwei Tage für vier Tauchgänge dort hin.
Das Housekeeping ist noch am Freundlichsten.
Am Abend haben nur die Mitarbeiter Spaß. Die Gäste gehen ins Bett.
Leckere Getränke, Cocktails oder irgendein Abendprogramm gibt es nicht.
Man kann froh sein, wenn man von Mitarbeitern zurück gegrüßt wird. Von einem freundlichen Lächeln ganz zu schweigen.
Wirklich sehr schade, denn mit einem Zeitgemäßen Management könnte es einer der schönsten Orte der Welt sein.",2023-04-29T13:15:27.098Z
Sipadan Kapalai Dive Resort,,1.0,"Nein, absolut für internationale Gäste nicht geeignet. Essen immer gleich,
Service nur zum abräumen von Bergen Müll auf den Tischen.
Keine eingedeckten Tische, Essen immer kalt.
Individualität gibt es nicht.
Abfertigung pur.
Schade, es ist so eine traumhafte Lage.",2023-04-29T12:17:16.203Z
Sipadan Kapalai Dive Resort,,5.0,,2023-04-28T06:53:26.695Z
Sipadan Kapalai Dive Resort,,5.0,,2023-04-26T11:19:17.816Z
Sipadan Kapalai Dive Resort,,4.0,Beautiful sea views. Snorkeling and accommodation are relatively average.,2023-04-25T01:42:01.120Z
Sipadan Kapalai Dive Resort,,3.0,"Ich finde Preis Leistung nicht stimmig. Der Ort ist schön, das Hausriff auch. Doch es gibt nur eine winzige Schnorchelfläche, welche man mit 1H Schnorcheln komplett auskundet... Weiter darf man dann nur mit Guide und Bot, da wird mann dann aber auf eine eingerahmten Parzelle beschränkt. Also für alle die gerne lang viel und weit schnorcheln ist das nicht zu empfehlen. Die Riffe zum tauchen sind teilweise Kaputt oder verbleicht. Man kann trotzdem noch einiges sehen. Jedoch gibt es in Thailand Indonesien bessere Riffe für weniger Kosten. Essen ist okay, jedoch gibts Nachtisch jeden tag Wasser und Honigmelone und manchmal Pitahaia. Dazu einfache Kuchen o.ä. Hätte mir da mehr erwartet.   Zimmer sind ganz nett und geräumig. Leider hört man recht stark die Transportbuggies, welche den ganzen Tag Personen kutschieren. Service und Tauchcrew ist super und sympathisch. Online stand was von Gamehall, sowas gibts leider nicht. Wäre nach dem essen eine wilkommene Beschäftigung, da man ja nicht von der Insel kann. Im grossen und ganzen Okay, aber recht teuer. 4 Tage sind ausreichend. Zur Info pro drei Tage kann man 1 mal für 2 tage nach Sipadan zum Tauchen. Laut einem Gast war Sipadan anscheinend vor 15 Jahren richtig schön",2023-04-24T02:34:07.765Z
Sipadan Kapalai Dive Resort,,4.0,,2023-04-24T01:11:17.659Z
Sipadan Kapalai Dive Resort,,4.0,不错旅游的一个地方海水清澈很享受,2023-04-21T06:31:46.358Z
Sipadan Kapalai Dive Resort,,5.0,"เป็น ห้องพักที่สวยงาม ทะเลสวย สัตว์ทะเลหลากหลาย ห้องพัก อาหาร จัดว่าดีมาก
ที่ไม่ดีคือพนักงานในส่วนของร้านอาหาร พนักงานต้อนรับ และ พนักงานช่องกาแฟ ที่ divecenter คือหน้าบึ้งตึง ขออะไรก้อไม่ได้ ขอผ้าเช็ดตัวไม่ให้ ขอนมบอกหมด เดินมาไล่ให้กลับห้องบอกว่าจะปิดโซนอาหาร ขอน้ำแข็งบอก หมด แต่ ให้อีกคนไปขอมี ขอน้ำแข็งบอกไม่มี แต่เอาไปเงินไปซื้อ คือ ได้ จัดวันเกิด ขอ ยืมไฟแชค จุดเทียน อันนึงบอกว่า ไม่มี ให้ ซื้อ เท่านั้น ยังทานข้าวไม่เสร็จเดินเก็บจาน ยังไม่ได้ตักเข้าปาก ก้อมารวบจาน รวบช้อนไปเลย 😤😤😤
เข้าใจว่า เป็นรีสอทใหญ่ ลูกค้าเยอะ แต่ มันเป็นงานบริการ ควรทำหน้าที่ของตัวเองให้ดีไหม",2023-04-18T03:32:15.197Z
Sipadan Kapalai Dive Resort,,5.0,"这是理想的休闲，充电及放松地方，住在海岛上可以远离人群，避开吵闹。看看大自然，鱼群,鸟儿，海龟等。这感觉非常棒！",2023-04-17T03:39:40.544Z
Sipadan Kapalai Dive Resort,,3.0,Great holiday spot to escape from the busy city life. Rooms are decent. You get to see the aquatic life right around you. There aren’t a lot of activities in the hotel. Could have been better if they had a gym around. My only complaint is the food. It was bad. Need better dishes.,2023-04-15T10:04:33.990Z
Sipadan Kapalai Dive Resort,,4.0,"This place is fun, a lot of beautiful fish swim along with you. I feel safety here as there life guards around you.",2023-04-14T02:24:48.904Z
Sipadan Kapalai Dive Resort,,5.0,"What a paradise and magical place. This is the perfect place for city dwellers especially newly weds or family with young kids to come over and wind down and de-stress and enjoy a dose of nature and sealife.

All meals were taken care of and you won't ever go hungry here with a wide selection of food buffet style over breakfast, lunch and tea time and dinner. My wife and I are vegetarians and they cooked us a great variety of food just for us every single meal. Food was a little salty so please request upfront if you're like us who don't like salty food.

Snorkelling highly recommended here. There were only 3-4 spots to snorkel but more than enough for us to see different species of fish. Highlight was the very friendly house turtle! He even came up and let us rub his back (or clean his shell maybe) and play and swim with him!

Room was slightly warm despite having an aircond probably because of the open space concept. There was a bathtub but not recommended to conserve on water usage.

Sunset was truly beautiful. So many spots and places to take photos and relax. Also very friendly staff who were patient in answering all our questions.

All in all highly recommended for everyone to come here and enjoy.",2023-04-13T09:05:29.008Z
Sipadan Kapalai Dive Resort,,5.0,,2023-04-11T14:42:19.287Z
Sipadan Kapalai Dive Resort,,5.0,Paradise  ❤️,2023-04-11T00:07:32.141Z
Sipadan Kapalai Dive Resort,,5.0,"Maldives of Malaysia

Sipadan Kapalai Dive Resort, Semporna Sabah

From Semporna jetty (journey about 45minutes~1 hour) - take a speed boat to Kapalai resort.

Sipadan Kapalai dive resort is located about 45 minutes from Semporna jetty. It is built on the Celebes sea which is famous for the 'paradise' of the world under the sea and is one of the best in the world and is surrounded by islands that are not just beautiful  .

A little info:

🟡every corner of the resort pier is strictly guarded by soldiers.

🟡each room has an emergency button for the safety of the occupants.  Can only be pressed if there are intruders such as thieves or pirates who are trying to enter the premises of the room. Soldiers will arrive in just 5 minutes.

🟡this resort is very private therefore the use of drones is not allowed at all.

🟡there are many interesting spots to take pictures because here is very wide.

🟡buggy car service is provided free of charge from 8 am to 5 pm.

🟡 In the room there is no WIFI, telephone, television but a safe and mini bar are provided.

🟡 Coverage line so far good is celcom

🟡Very suitable to come with family, friends or honeymoon.

🟡Activities that can be done such as cycling, scuba diving, snorkeling, kayaking.

🟡 meals are provided 4 times a day at the restaurant.

🟡the staff at the resort are also very friendly and helpful.

p/s: For those who care about privacy and like peace and away from noise, this resort is very suitable for vacation.

😊2day 1night so short. If u have money, stay 3day 2 night or more😁

Don't forget 👓 👒 📸",2023-04-09T04:42:38.600Z
Sipadan Kapalai Dive Resort,,5.0,,2023-04-07T02:57:00.068Z
Sipadan Kapalai Dive Resort,,3.0,"El resort es correcto pero un poco multitudinario para mi gusto. Personalmente, me he sentido un poco atrapada, pues estás en medio del mar... en medio de la nada. Por lo tanto tan sólo puedes apuntarte para hacer buceo con o sin botellas.
Tamppco está pensado para bañarse en el mar y descansar. Si te bañas no puedes tenderte al sol, Solo hay tumbonas en las habitaciones.
También se ofrece ir a una Islita cercana llamada Mabul, a 10 minutos en lancha desde el resort. No gran cosa... un pequeño pueblo sin mucho atractivo visto en 15 minutos.
El agua color turquesa y los peces y fauna de vivos colores hace que sólo pueda recomendar, este resort a  amantes incondicionales del buceo, pues es lo único que se puede hacer.",2023-04-05T21:05:26.255Z
Sipadan Kapalai Dive Resort,,5.0,,2023-04-05T15:56:50.354Z
Sipadan Kapalai Dive Resort,,5.0,One of the most beautiful place to dive and chill in KK,2023-03-31T18:24:05.884Z
Sipadan Kapalai Dive Resort,,5.0,Le lieu est magique. Le service est très professionnel et sait réagir en cas d'imprévu. Les plongées sont exceptionnelles et vous en prendrez plein la vue même en surface. Bref une expérience à faire,2023-03-29T21:25:48.600Z
Sipadan Kapalai Dive Resort,,5.0,,2023-03-25T14:12:50.142Z
Perhentian Island Resort,,5.0,"Hotel facing beach , and clean",2026-02-27T12:52:35.019Z
Perhentian Island Resort,,5.0,,2026-02-25T12:07:58.410Z
Perhentian Island Resort,4.2/5,,"It’s a beautiful place on the island. We had a sea view room. So comfortable, with the sea views. The breakfast was not bad for the island. The service was okay but not great enough. The price is friendly. We have been lucky enough to see the beautiful monkeys and lizards front of our balcony. It was unbelievable to see them in the garden. The bay is so clean and beautiful 🤩",2026-02-24T23:59:59.999Z
Perhentian Island Resort,,5.0,"J’ai séjourné 8 nuits dans ce resort et franchement je pense que c’est de loin le meilleur sur cet île. J’avais lu quelques avis critiques mais je ne comprends pas pourquoi c’était critique. Le personnel est très gentil, l’emplacement est juste magnifique il ya de l’espace entre les chalets contrairement aux autres resorts. Il y’a plein d’animaux singes, écureuils etc… on a une plage privée. La restauration à la carte est tres correcte et bien placée en prix car ils pourraient nous assommer vu qu’il n’y a pas 50 options dans le coin. Un plat coûte entre 20&30 ringits. Je recommande fortement ce resort en famille ou entre amis. Attention ce n’est pas fait pour les personnes qui souhaitent faire la fête mais plutôt pour les amoureux de la nature et du calme.",2026-02-23T10:57:31.305Z
Perhentian Island Resort,2.7/5,,"The aircon suddenly broke down, so we contacted the reception, who called a technician. The technician came and added gas but it still didn't cool. We went back to the reception, but no one was there after 10 p.m. Luckily, we ran into a security guard who helped us change rooms.",2026-02-22T23:59:59.999Z
Perhentian Island Resort,4/5,,Reception was helpful. i did my booking online and contact the number provided upon arrival . They arranged a porter to get our luggage to the reception and to the room . The bed is quite small but i know that is the normal standard here .,2026-02-18T23:59:59.999Z
Perhentian Island Resort,,3.0,,2026-02-17T01:25:35.693Z
Perhentian Island Resort,5/5,,It was a great experience,2026-02-09T23:59:59.999Z
Perhentian Island Resort,5/5,,"The hotel location is good where i can bring my family to enjoy local foods outside the hotel, will stay here again.",2026-02-08T23:59:59.999Z
Perhentian Island Resort,4.2/5,,"Excellent location, near the reef, clean beach, pleasant service.",2026-02-07T23:59:59.999Z
Berjaya Tioman Resort - Malaysia,,5.0,,2026-03-30T04:02:13.274Z
Berjaya Tioman Resort - Malaysia,,5.0,rooms are nice the services are also good love the lovely smiles n warm welcome by the staffs here,2026-03-30T03:59:44.414Z
Berjaya Tioman Resort - Malaysia,,5.0,With nice views and fantastic service from all the staffs. Very good experience,2026-03-30T03:59:24.872Z
Berjaya Tioman Resort - Malaysia,,4.0,,2026-03-30T03:59:01.137Z
Berjaya Tioman Resort - Malaysia,,5.0,Wonderful moment. Untuk 4hari 3malam. Service tiptop. Ank happy sgt berada disini,2026-03-30T03:46:07.523Z
Berjaya Tioman Resort - Malaysia,,5.0,"good place,staff friendly",2026-03-30T03:45:37.257Z
Berjaya Tioman Resort - Malaysia,,4.0,"The room was good and quite big, and the bed was comfortable. Check-in and check-out were both fast. There’s also a shuttle bus for pick-up and drop-off, the staff very friendly. The whole place has a very calm vibe, perfect for just switching off and relaxing. The beach was just a short walk away, and the snorkeling there was amazing crystal clear water and lots of fish.",2026-03-29T05:51:29.644Z
Berjaya Tioman Resort - Malaysia,,4.0,Very nice stay here. Got to know lots of great people and visit nice places,2026-03-29T04:56:18.657Z
Berjaya Tioman Resort - Malaysia,,5.0,"Had many beautiful childhood memories here, and now I’m bringing my own kids to experience it. Although the facilities could use some upgrades after all these years, the warmth of the service makes it easy to overlook everything",2026-03-29T02:34:34.993Z
Berjaya Tioman Resort - Malaysia,,5.0,The room was nice and clean. The staff was always friendly and helpful. An enjoyable stay.,2026-03-29T02:03:42.957Z
Perhentian Island Resort,,3.0,我个人觉得还好觉得，美中不足的就是房间可能就不太会很好，因为海水的味道会比较大，而且床有一点点粘粘，木板有感觉好像有一点脆。,2026-02-06T09:53:08.454Z
Perhentian Island Resort,5/5,,I was traveling alone and the spot location was the best really had a relaxing 2 nights and the staff was so helpful and friendly specially the reception girls. I think if you want some quiet time and just be alone you should visit during the start of the year where there is lesser people around. Only one thing was the shops were a bit limited and the only bar which served alcoholic beverages was closed other than that it was all great surely will be back next time.,2026-02-04T23:59:59.999Z
Perhentian Island Resort,,1.0,"The worst booking process I have ever encountered. This is not zero, this is minus... Jieha from the reservations team is a fantastically incompetent, ill-mannered person who refuses to do ANYTHING proactively. She replies once a day. All she does is send a list of rooms. No explanations, no recommendations. Jieha works by the principle “there are many of you, but only one of me.” A very unfriendly person who completely kills any desire to stay at your hotel. As long as people like Jieha are customer-facing, your REPUTATION will suffer. Yes, during high season you will have guests. But people will know that you do not value tourists, do not respect them, and are not happy to see them. I cannot wish you success while people like Jieha work for you.",2026-01-16T12:18:26.392Z
Perhentian Island Resort,5/5,,Very nice place,2025-11-22T23:59:59.999Z
Perhentian Island Resort,,1.0,"white mould in the bathrooms that were not even cleaned

horrible treatment from the team at the restaurant who were condescending and rude.

the location and the reception staff were amazing however !!",2025-11-20T05:35:51.457Z
Perhentian Island Resort,2/5,,"Dispiace fare recensioni negative e tengo a precisare che prima di ripartire ed ancor  prima di scrivere abbiamo provato a risolvere sul posto. Molto deludente leggere le stesse problematiche riscontrate da altri clienti mesi e mesi fa e assolutamente ignorate e non risolte. Sono sempre dell'idea di volermi fare una esperienza e una  idea personale ma qui purtroppo si ripetono le stesse segnalazioni di criticità che a quanto pare non vengono minimamente ascoltate.  Indubbiamente la spiaggia è splendida ed è l'unico punto di forza di questo Resort. Il resto è trasandato e poco curato, in completo decadimento. Arredamento vetusto: i bagni si allagano, macchie di muffa ovunque, camera poco pulita; scarsa igiene in tutta la struttura che comunque necessita di manutenzione e ristrutturazione. La colazione è limitata e triste. Il ristorante di pessimo livello. Obbligati a svegliarsi all'alba per accaparrarsi uno dei pochi ombrelloni presenti sulla spiaggia. Lettini di legno per la spiaggia vecchi, durissimi e senza materassini, molte sdraio rotte.  La piscina è quasi sempre fuori uso, così come Wi-Fi. Giardini sporchi,  marciapiedi rotti. Personale poco disponibile. Completa assenza di servizi. Orari corti per la reception. Rapporto qualità prezzo decisamente pessimo.  |Sconsiglio vivamente di prenotare questo Resort.",2025-11-05T23:59:59.999Z
Perhentian Island Resort,,5.0,"Ottobre 2025.
La stagione è considerata bassa per via delle piogge.
Spoiler: difficile che in una giornata piova costantemente, sono acquazzoni che durano 30 minuti/un'ora.
Il resort non ha bisogno di commenti, camera pulita, dotata di ogni confort e fronte spiaggia. Il rapporto qualità prezzo è ottima.
I prezzi, dalle recensioni lette sembravano super gonfiati invece per una cena all you can eat con buffet bbq abbiamo speso 30€ in due, a la carta costa di più che nel resto della Malesia ma ci sta, è un resort!
Unica pecca: non vendono alcolici.
Punto forte del resort è la baia in cui si trova. Turtle Bay.
Le tartarughe ti nuotano a fianco, spettacolare.
La barriera corallina non ha colori vivaci ma è veramente ricca di pesci diversi.
Isole Perhentian: voto 10+",2025-10-31T14:17:04.434Z
Perhentian Island Resort,5/5,,水很乾淨 玩水要到橋下才會多小魚酒水的話 往mama飯店那邊走隔壁有個BBQ可以買啤酒 價格略高 建議上島前在機場附近的商店提前購買泡麵零食啤酒 島上飯難吃下島碼頭出來 不用grab直接抓個司機就75會路過榴蓮攤 可以下來買榴蓮 很便宜,2025-10-25T23:59:59.999Z
Perhentian Island Resort,,1.0,"Je confirme, cadre idyllique ! Je m’y suis rendu depuis Kuala Lampur. En revanche pour le reste faudra re passer, bungalow horrible à chaque pas on a l’impression qu’on va passer à travers le parquet, des insectes, lézards dans la chambre, heureusement que j’y suis restée que 2 nuits. Une chambre sale, restauration catastrophique, quasiment tout ce qu’il proposait à la carte n’était pas disponible. Honteux. Les serveur(se) très désagréables.",2025-10-25T11:42:31.926Z
Perhentian Island Resort,,5.0,"Určitě nejhezčí pláž na ostrově, ale měli by jí občas uklidit.🏝️ Doporučuji si připlatit za vilu s výhledem na moře a na snídaně chodit nejpozději v 8:00hod, protože je absolutně nedoplňují.😏 Vhodné místo na šnorchlování ( želvy, žraloci, rejnoci, spousta druhů ryb a korálů )🐢🦈🐟🐠
V dochozí vzdálenosti jsou i jiné plaže, nebo se dá použít vodní taxi.👍",2025-10-25T04:17:00.875Z
Berjaya Tioman Resort - Malaysia,,4.0,,2026-03-29T01:49:19.783Z
Berjaya Tioman Resort - Malaysia,4.7/5,,"This was my second stay at the resort, and once again, I had a great experience. The location is excellent, with beautiful surroundings, and the staff were friendly and very helpful throughout our stay.The resort has two restaurants, although the Thai restaurant was closed during our visit. The Jetty Paya restaurant is just outside the main gate and can be easily reached by buggy. The Sarang Seafood restaurant is about 2 km from the resort, and a return taxi fare is around RM50.Snorkeling trips to Coral Island, Renggis Island, and the marine park, as well as taxi services for going to restaurants, can all be organized through the hotel. You can also visit the marine park by taxi (suitable if traveling with senior citizens), which costs around RM100–150. Activities within the resort includes a game zone for kids, gym, pool table (4RM per game), bicycling, and kayaking. We appreciated the complimentary 1-hour bicycle ride provided by the staff.Breakfast was decent, but it would be even better with a wider variety of options. The room includes all the necessary amenities, but could be more modernized to better match the overall resort experience. The resort provided a complimentary minibar in two of the three rooms we booked, which was a nice added touch.Overall, it was another enjoyable stay, and I would definitely consider coming back again.",2026-03-28T23:59:59.999Z
Berjaya Tioman Resort - Malaysia,,5.0,"Very nice place to stay. Staff very friendly and hotel well equiped with restaurant, bars and offers organized activities. Just a bit far from center if you want to experience around but exceptionnel that everything is great",2026-03-28T04:28:23.872Z
Berjaya Tioman Resort - Malaysia,,5.0,"Très bel hôtel, magnifique paysage et très bien organisé.",2026-03-28T04:22:14.151Z
Berjaya Tioman Resort - Malaysia,,5.0,"Me & family had such an amazing time staying at Berjaya Tioman Resort! From the moment I arrived, I was greeted with warm smiles and friendly staff who made me feel right at home. The room was spacious, clean, and super comfortable. Beach clear water was definitely one of the highlights In the evening, watching the sunset by the beach was equally special. This place is perfect for a peaceful getaway, it’s a beautiful escape to nature and calm. I’m really grateful for the hospitality and the unforgettable experience. Everything was smooth and relaxing. Thank you to the amazing team at Berjaya Tioman. Till we meet again",2026-03-28T04:05:23.870Z
Berjaya Tioman Resort - Malaysia,,5.0,Happy to stay here.. Clean and kids friendly environment 😍😍,2026-03-28T03:37:25.142Z
Berjaya Tioman Resort - Malaysia,,4.0,,2026-03-28T03:34:15.369Z
Berjaya Tioman Resort - Malaysia,,5.0,"Here’s a more casual, relaxed version:

⸻

Just got back from Berjaya Tioman Resort and honestly, it was a really nice getaway.

The place is surrounded by nature — rainforest on one side, beach on the other — so the vibe is super chill. Perfect if you just want to switch off and relax for a few days.

Rooms are spacious and comfortable. Not super modern, a bit dated in some areas, but still clean and cozy so no complaints there.

The beach is definitely the highlight — clear water, calm, and great for swimming or just lepak and enjoy the view. They also have activities like snorkeling and island hopping if you don’t want to just stay idle.

Staff were friendly and helpful throughout the stay, which made things easy. Food was okay — decent variety, but nothing super memorable.

Overall, really enjoyed the stay. It’s not a luxury resort, but if you’re looking for a peaceful, nature-filled escape, this place does the job 👍",2026-03-28T03:25:34.973Z
Berjaya Tioman Resort - Malaysia,,5.0,"Nice place to enjoy the holidays, the room service tip top, very quick, actually we bring our special kids (autism), Berjaya resort is the right place.. thanks to Jasper",2026-03-28T03:03:47.580Z
Berjaya Tioman Resort - Malaysia,,4.0,All is good except the rooms need major refurbishing effort.,2026-03-28T03:02:40.698Z
Pulau Payar Marine Park,,5.0,The water is clear and it is a nice spot for snorkeling! The coral and the fish was amazing! Will definitely come back!,2023-01-09T14:20:58.988Z
Pulau Payar Marine Park,,5.0,"very beautiful and eye catching scenery, enjoy spend time by just walking with bare foot while listening to nature sound.",2023-01-09T14:20:11.470Z
Pulau Payar Marine Park,,4.0,Pulau Payar is associated with Langkawi but it is really nearer to Alor Sehtar. It is a nice place to visit if you want to experience snorkeling in a safe environment and yet somewhat open sea.,2023-01-09T14:19:36.379Z
Pulau Payar Marine Park,,5.0,The sea is clear and you can dive into the sea to the beauty of the seabed,2023-01-09T14:18:52.978Z
Pulau Payar Marine Park,,5.0,My favourite spot whenever I get down to Langkawi. Rotary activities are mainly water activities. Fun loving spot for family tourists,2023-01-09T14:15:58.539Z
Pulau Payar Marine Park,,5.0,Amazing ... Tak menyesal datang sni.. Tempat yg cantik sgt.. Boleh repeat lg utk masa akan datang..bg sesiapa yang dtg langkawi jgn lupa masukkan list tempat ni dalam lawatan korang tau..,2023-01-09T14:15:00.025Z
Pulau Payar Marine Park,,5.0,Tempat percutian yg sangat² menarik.,2023-01-09T14:11:39.762Z
Pulau Payar Marine Park,,5.0,must visit island.. air laut jernih.. bnyk activity air bole buat..,2023-01-09T14:11:35.617Z
Pulau Payar Marine Park,,5.0,"air bersih,pemandangan sgt cantik. nmg release tension teruk bercuti kat sini. kawasan bersih takyah risau najis. terbaik puas hati!",2023-01-09T14:11:11.580Z
Pulau Payar Marine Park,,5.0,Great island... Good place to come with family... Beautiful views... Cool nature... Peaceful... Love it!,2023-01-09T14:09:51.111Z
Perhentian Island Resort,,5.0,Great place to sit and enjoy nature,2025-10-23T08:29:39.425Z
Perhentian Island Resort,,3.0,,2025-10-22T04:23:48.425Z
Perhentian Island Resort,1/5,,"Come punto di forza c'è solo la posizione: su una bellissima baia con un mare stupendo. Per il resto il resort sarebbe da buttare giù e rifare completamente per quanto è ridotto male. Avevamo una stanza vista mare che cadeva a pezzi. Con degli scarichi dell'acqua aperti in bagno da dove entravano scarafaggi ogni giorno. E quella era la stanza migliore! Il cibo è disgustoso, per mangiare bisognava spostarsi in altri resort ogni volta! Il mare è bello ma è strapieno di barche che portano a frotte i turisti sopra 4 tartarughe ammaestrate che vivono lì. In spiaggia i lettini mezzi rotti in legno senza cuscini, quindi inutilizzabili. Incuria totale. E il personale non fa eccezione: antipatici e scortesi e anche ladri, visto che non mi hanno restituito il deposito iniziale e mi hanno preso in giro quando, ormai lontano, me ne sono accorto e gliel'ho segnalato! Ayuny è la ragazza che mi ha assicurato che mi avrebbero fatto il bonifico, ovviamente non è mai arrivato... complimenti! La ciliegina sulla torta! Andate alle Perenthian, possibilmente non in agosto ma non andate assolutamente al P.I.R.!! Ve ne pentireste amaramente!",2025-10-18T23:59:59.999Z
Perhentian Island Resort,,1.0,"Come punto di forza c'è solo la posizione: su una bellissima baia con un mare stupendo. Per il resto il resort sarebbe da buttare giù e rifare completamente per quanto è ridotto male. Avevamo una stanza vista mare che cadeva a pezzi. Con degli scarichi dell'acqua aperti in bagno da dove entravano scarafaggi ogni giorno. E quella era la stanza migliore! Il cibo è disgustoso, per mangiare bisognava spostarsi in altri resort ogni volta! Il mare è bello ma è strapieno di barche che portano a frotte i turisti sopra 4 tartarughe ammaestrate che vivono lì. In spiaggia i lettini mezzi rotti in legno senza cuscini, quindi inutilizzabili. Incuria totale. E il personale non fa eccezione: antipatici e scortesi e anche ladri, visto che non mi hanno restituito il deposito iniziale e mi hanno preso in giro quando, ormai lontano, me ne sono accorto e gliel'ho segnalato! Ayuny è la ragazza che mi ha assicurato che mi avrebbero fatto il bonifico, ovviamente non è mai arrivato... complimenti! La ciliegina sulla torta! Andate alle Perenthian, possibilmente non in agosto ma non andate assolutamente al P.I.R.!! Ve ne pentireste amaramente!",2025-10-18T07:31:32.278Z
Perhentian Island Resort,,2.0,"Not clean, service is bad, a lot of lazy employees",2025-10-14T07:25:14.921Z
Perhentian Island Resort,,5.0,,2025-10-07T04:50:46.026Z
Perhentian Island Resort,,4.0,,2025-10-07T02:49:43.008Z
Perhentian Island Resort,,3.0,"Punti di forza: la posizione nella spiaggia più bella dell'isola con le tartarughe e gli squaletti.
Letti comodi, biancheria e camera puliti.
Servizio cortese e professionale dello staff, ma impersonale.
Punti a sfavore: il cibo a buffet è veramente di bassa qualità.
Tutti i lettini al mare sono di legno e senza materassini, quindi impraticabili.
Le camere sono vecchiotte e tutti gli ambienti avrebbero bisogno di una bella rinnovata.",2025-10-06T11:54:26.530Z
Perhentian Island Resort,,1.0,"Nous avions réservé 4 nuits au Perhentian Island Resort, mais nous avons dû quitter les lieux dès notre arrivée tant la chambre était dans un état inacceptable. Nous avons constaté la présence de cafards, de crottes supposées de souris, de moisissures, de toiles d’araignées, de poussière accumulée, ainsi que des murs tachés de sang d’insectes écrasés. Le sol était sale, et une forte odeur d’urine se dégageait du matelas.

Face à un tel manque d’hygiène, il était impensable d’y passer la nuit. Nous avons immédiatement décidé de partir et de séjourner au Marriott, qui était notre premier choix et qui, lui, offre un cadre irréprochable.

Je regrette d’avoir choisi cet établissement uniquement pour sa localisation, car il est tout à fait possible de profiter de la plage du PIR en séjournant dans un autre hôtel bien mieux entretenu et en s’y rendant simplement en taxi boat.

Ce qui est encore plus inacceptable, c’est l’absence totale de réponse de la part de la direction malgré nos nombreux mails concernant le remboursement des nuits non consommées. Ce silence en dit long sur le sérieux de la gestion et le respect accordé aux clients.

Je déconseille très fortement cet hôtel. Il ne mérite absolument pas sa réputation ni ses tarifs, et j’espère sincèrement que cet avis évitera à d’autres voyageurs la même mésaventure.",2025-10-06T06:53:01.444Z
Perhentian Island Resort,,4.0,"Staff service (boat transfer, reception, housekeeping, restaurant and gift shop): Excellent, couldn't ask for more

Location: Ideal for family activities, easy access to scenic spots
The architecture of the room was awesome in terms of vibes.

However, the cleanliness and maintenance of the room are way subpar. The room is also really outdated and poorly maintained. Given the room rate, we were expecting at the very least, a clean and well-maintained room.",2025-10-06T00:54:06.777Z
Perhentian Island Resort,,4.0,"Our stay at Perhentian Island Resort was generally relaxing, especially with the breathtaking sea view right from the room — the turquoise water and soft waves were simply mesmerizing. However, the cleanliness could use some serious improvement. The room was dusty, and the floor still had sand, which made it feel like it hadn’t been properly cleaned before check-in. While the receptionist (Adeena?) and housekeeping staff were polite and helpful, some of the other staff, especially in Restaurant, could benefit from proper training in hospitality and guest care. The restaurant food was just average — edible but not particularly memorable. Bihun sup was tasty, though.

Despite these downsides, the location and view make it worth visiting, especially for those who love nature and peaceful surroundings. With better upkeep and staff training, this resort could easily become one of the best stays on the island.",2025-10-05T08:31:17.847Z
Perhentian Island Resort,,4.0,"Beautiful beaches. Rooms are clean but can do with touch up. Aircon took a while to cool the room. Food was delicious, huge portions and not expensive. Lots of marine life to see when snorkeling at the beach 3 mins walk from the rooms",2025-10-05T05:41:55.164Z
Perhentian Island Resort,,1.0,"Les chambres sont très sales!  la salle de bain qui dégage une odeur nauséabonde ! les toiles d'araignées un peux partout… le club snorkeling est nuuuuul! le restaurant une vraie catastrophe! seule point positif l'emplacement, sinon ya des hôtels juste à coté beaucoup mieux…..",2025-09-30T14:48:14.780Z
Perhentian Island Resort,,4.0,"El ressort és enorme!! El personal utilitza motocicletes per moure's pel recinte. La ubicació és perfecte, just davant d'una platja on fàcilment pots veure tortugues, peixets de tot tipus i baby sharks. Les tumbones estan just davant, perfectes per fer-te un cocuito al Sol.
Si ets de Gavà, has d'anar-hi a celebrar l'aniversari de boda (Matilde, t'estimem ❤️😉).
Com a punt negatiu, l'esmorzar era massa car pel que oferien, però si segueixes el camí i creues el pont, trobes llocs ben shuluts on esmorzar bé i econòmic. Al Barat Hotel serveixen alcohol, l'únic lloc d'aquesta part de l'illa (i també regalen gelats si saps com fer-ho 😉).
Com a punt curiós, destaquem que el servei de neteja i jardineria són ""muts"", o això ens va semblar. No parlen amb els clients, però sempre et mostren un somriure angelical.
Com a bonus track, quasi que podries banyar-te amb lizards a la piscina, ja que neden al llac del costat (NO és perillós ).",2025-09-30T10:40:44.542Z
Perhentian Island Resort,,2.0,"Great location but the sun beds are very uncomfortable. The rooms are not worth the price, this place had no renovation in a very long time. I would not recommend the food at the restaurant but the drinks are very tasty. Breakfast coffee cups and juice dispensers were covered in ants. Male staff members are polite and efficient, the girls are often over the phone or busy chatting with their colleagues. You need to wait for them to finish as they would not consider you otherwise. The toilet by the restaurant was often dirty and smells really bad inside. Poor communication with customers as we encountered some issues with the room (toilet blocked and power cut more than once). If I could go back I would definitely stay in another hotel. Also quite pricey for what this place offers in terms of facilities and costumer services. There is no WiFi in the rooms.",2025-09-28T15:59:58.630Z
Perhentian Island Resort,,3.0,"Lo mejor del hotel es la ubicación, en la mejor playa de todas las islas con vistas increíbles. Aguas cristalinas, punto de encuentro de tortugas, pequeños tiburones y mantas rayas, aparte una gran fauna marina y diferentes variedades de peces impresionante y todo justo en frente de la habitación. Como punto negativo es lo antiguo del hotel, que necesita una renovación y un buen lavado de cara. También como punto negativo es el restaurante, quizás el de peor calidad de todos los que hay de otros hoteles. Por lo general lo recomiendo solo por esta en la mejor playa de todo perentians.",2025-09-28T07:39:27.674Z
Perhentian Island Resort,,4.0,"El hotel está bien sin pretensiones …habitaciones amplias y limpias con un porche muy agradable para salir a leer o tomar algo
El baño muy pequeño pero limpio
Desayuno correcto pero nefasto restaurante para comidas y cenas que eran comida rápida mala y cara
Sin duda el punto fuerte del hotel es su ubicación, la playa de las tortugas que es la mejor de todas las Perhentian. Solo por eso lo recomendaría sin duda , porque al final no hay tanta oferta hotelera y este cumple los mínimos requisitos y encima estas en la mejor playa
Aconsejo ir a comer al coral View q está al lado",2025-09-28T07:35:15.622Z
Perhentian Island Resort,,2.0,"La plage est magnifique à coupé le souffle l’une des plus belles sur l’île

Le personnel est très accueillant et à l’écoute , le petit déjeuner très bon aussi !

En revanche .. la propreté de la chambre n’est pas du tout au rdv .. , très mal nettoyer, il y’avait des grosses bêtes dans la salle de bain, les chambres sont vieilles ..

Vous pouvez y séjourner mais faut pas avoir peur des insectes!",2025-09-23T16:30:26.915Z
Perhentian Island Resort,,5.0,"Overall staff ok, tapi tuhari tinggal di Cinta villa bilik air tepi ruang tamu dia air kotor time malam ngan water pressure shower problem. Overall akan visit lagi",2025-09-20T10:03:32.723Z
Perhentian Island Resort,,4.0,,2025-09-20T07:32:59.513Z
Perhentian Island Resort,,1.0,"Staf takmesra pelanggan, depan customer mengeluh so rude!!",2025-09-18T10:07:27.732Z
Perhentian Island Resort,,1.0,so rude dengan customer,2025-09-18T10:07:12.543Z
Perhentian Island Resort,,4.0,,2025-09-18T03:07:09.142Z
Perhentian Island Resort,,4.0,,2025-09-14T23:26:20.354Z
Perhentian Island Resort,,3.0,"L’hôtel bénéficie d’un atout indéniable : son emplacement. Situé sur la plus belle plage des îles Perhentian, le cadre est tout simplement paradisiaque. Le snorkeling est fabuleux : nous avons eu la chance de nager avec plusieurs tortues, une raie et même des petits requins dès notre premier bain. Incroyable !

En revanche, l’hôtel en lui-même est vieillissant et le service n’est clairement pas à la hauteur. La porte des toilettes bloque l’ouverture de la salle de bain, aucun ménage n’a été fait dans les chambres pendant nos 3 jours de séjour, aucune serviette supplémentaire disponible sans supplément, et aucune vaisselle propre fournie : il fallait laver nous-mêmes les tasses et verres mis à disposition pour le thé et le café.

En résumé : un hôtel qui se repose entièrement sur son atout principal — une plage exceptionnelle — mais qui gagnerait énormément à améliorer la qualité de ses prestations.",2025-09-14T17:00:37.088Z
Perhentian Island Resort,,1.0,"The worst resort ever I've been in my entire life. The room looks old, the bathroom sucks dirty. Aircond leaking, sofa broken. Everything is worst about this resort.",2025-09-14T10:44:25.773Z
Perhentian Island Resort,,1.0,"After several stays in the Perhentian Islands, we know that the accommodation is more expensive. This accommodation is located on one of the most beautiful beaches on the island.

Unfortunately, we were very disappointed with the room. It is getting on in years, which is not a bad thing in itself. However, it is simply not clean. There was a lot of hair in the bed in the first room. When I lifted the mattress, there were traces of bedbugs. It could also be from an older infestation that has already been treated. Nevertheless, we asked for a different room. The other room was better but also not clean.

In addition, the pool was closed, which we only found out from another employee after check-in.

The price-performance ratio is simply not right here. There is cheaper and better accommodation on this beach and around the corner.",2025-09-14T09:24:04.651Z
Perhentian Island Resort,,5.0,,2025-09-13T08:06:02.628Z
Perhentian Island Resort,,5.0,Gorgeous . Everything was perfect .stayed 5 nights here .. beach front chalet package with full board . From room to beach that’s what we did the whole time .. clear waters fishes swimming around … paradise on earth,2025-09-13T00:51:08.567Z
Perhentian Island Resort,,3.0,"Very mediocare service, food was fine. Rooms very small and old. Places is very beautiful",2025-09-10T07:06:18.204Z
Pulau Payar Marine Park,,5.0,My 2023 travel bucket list 😍😍😍😍 cant wait!!!!,2023-01-09T14:09:03.809Z
Pulau Payar Marine Park,,5.0,popular for diving & snorkeling. the diver enthusiastic can try this place very clean & blue. good for holiday with friends and family.,2023-01-09T14:08:24.506Z
Pulau Payar Marine Park,,5.0,"Air laut yang sangat jernih, boleh nampak ikan berenang mencari makan. Permandangan yang cantik dan indah serta damai. Sangat sesuai untuk pasangan yang hendak berbulan madu. Sememangnya, Langkawi sangat terkenal di dalam sektor pelancongan Malaysia. Memang tak rugi untuk bercuti di Pulau Payar Marine Park. Selamat Bercuti.",2023-01-09T14:08:20.203Z
Pulau Payar Marine Park,,5.0,A Must Visit Place If You Come To Langkawi. Exquisite experience. To say enjoyed will be an understatement. The park environment offers was amazing.,2023-01-09T14:08:11.448Z
Pulau Payar Marine Park,,5.0,CHECK IN. i very very like thisss,2023-01-09T14:08:10.273Z
Pulau Payar Marine Park,,5.0,Beautiful place to go,2023-01-09T14:06:30.634Z
Pulau Payar Marine Park,,4.0,Such a wonderful and beautiful place to visit. Have a great environment. Really enjoy while I been there.,2023-01-09T14:06:12.410Z
Pulau Payar Marine Park,,5.0,"The sea is perfect for snorkeling, the water is super clear and best place to be relax and peace of mind",2023-01-09T14:06:03.156Z
Pulau Payar Marine Park,,5.0,Nice view...,2023-01-09T14:04:33.193Z
Pulau Payar Marine Park,,4.0,Very nice place to travel,2023-01-09T14:03:48.829Z
Pulau Payar Marine Park,,5.0,The best place to explore,2023-01-09T14:03:34.889Z
Pulau Payar Marine Park,,5.0,Very beautiful place.. the peaceful is here,2023-01-09T14:02:42.041Z
Pulau Payar Marine Park,,5.0,best place ever,2023-01-06T14:34:24.669Z
Pulau Payar Marine Park,,5.0,Having an amazing experience here. Clean beach and can see colourful fishes too.,2023-01-06T14:21:02.545Z
Pulau Payar Marine Park,,5.0,"An ideal attraction for family and diving enthusiasts: Swimming, snorkeling and fish feeding activities in cristal clear waters. The must-see aquatic life is the beautifull coral garden.",2023-01-03T05:47:34.291Z
Pulau Payar Marine Park,,4.0,"Amazing experience!! Enjoy the snorkeling with sea life, thinking of escaping from the city. Pick this island, the joy and fun definitely won't let u down. Love it!!!",2023-01-01T03:43:10.932Z
Pulau Payar Marine Park,,5.0,"Can see anything in the sea through snorkeling. If you want to get here, you have to take a ferry, of course it's crowded because there are too many people taking the ferry. It is most comfortable to take a flight straight down to Langkawi",2023-01-01T03:18:59.923Z
Pulau Payar Marine Park,,5.0,Amazing. Marine life. Can see baby shark swim near you. Snookerlin n swim with baby fish serunding. Scuba also provided. Try snorkeling wt your kids for new challenging experience. Exploring the island. Book early. Recommended.,2022-12-31T14:19:01.462Z
Pulau Payar Marine Park,,5.0,Many great activity to do here. Best place to travel with friends and family. The view is very nice.,2022-12-31T13:59:55.799Z
Pulau Payar Marine Park,,5.0,"pulau payar dengan pemandangan indah mutlak dan airnya yang biru kehijauan, kehidupan marin dan menakjubkan. pemandangan laut. Ia berbaloi untuk dibelanjakan dan dinikmati di tengah-tengah alam semula jadi..sgt2 recomment",2022-12-31T13:53:22.475Z
Perhentian Island Resort,,4.0,great,2025-09-10T02:40:45.415Z
Perhentian Island Resort,1/5,,"Il mare è meraviglioso, spiaggia con pesci (squaletti e tartarughe). Ma a parte ciò, la struttura (non chiamatelo resort!) cade a pezzi.|Sporchissima, camere con lenzuola macchiate, capelli degli ospiti precedenti, danno 1 solo telo al giorno con cui fare tutto (viso, doccia, bidet...)| Cibo immangiabile, sempre le stesse cose di scarsa qualità a pranzo e cena, tovaglie non cambiate e igiene inesistente anche al buffet.|Nessun tipo di animazione, nessun negozio nei paraggi, alla sera non si sa cosa fare. |In spiaggia i lettini, insufficienti per il numero di ospiti, sono assi di legno che fanno venire mal di schiena.|Personale scortese, svogliato, mai un sorriso e non sa risolvere alcun problema.|Non servono alcolici né maiale. |Scappate ... la vacanza è stata un incubo non vedevamo l'ora finisse",2025-09-09T23:59:59.999Z
Perhentian Island Resort,,2.0,"Points ++
L'emplacement de l'hôtel est top! Malgré une eau trouble sur toute l'île ce n'est pas les Maldives !!
Mais présence de tortues, raies, requins, singes et écureuil !
Points - -
L'hôtel est à fuir, il est laissé à l'abandon, pas entretenu, les chambres jamais nettoyés! Juste mettre des serviettes, bouteilles d'eau et un coup de balai!
Présence de poussières, moisissures sur les murs, peintures et tapisseries dans un état horrible! Les meubles abîmés, lavabo cassé! Problème avec l'eau chaude! Les transats en bois ça vous casse le dos ! Le sable c'est mieux! Et si vous arrivez à en trouver un!
Car bcp de monde vient sur cette place, les transats sont censés être réservé aux guests de l'hôtel mais il n'y a aucune surveillance! Le restaurant est bof pas terrible, le buffet nul ils remettent les mêmes choses entre le matin, le midi et le soir résultat vous pouvez avoir des œufs de la veille avec mouches et fourmis autour! C'est froid! Le staff ne semble pas motivé, ils sont lents, on a l'impression de la déranger, ils sont désagréables (heureusement pas tous mais malheureusement la majorité)
Au vu du prix payés l'hôtel n'est pas à la hauteur c'est une honte !!
Le coral view à côté m'a l'air bcp mieux (à vérifier c'est une impression en y passant) il est juste à côté!",2025-09-08T21:47:10.484Z
Perhentian Island Resort,,1.0,C est intolérable ! Un restaurant digne de se nom ne devrait pas servir de repas qu’il comprenne que c est dangereux de servir des repas qui sont absolument dangereuse pour la santé nous nous somme retrouvé chez le médecin pour empoisonnement alimentaire !!!,2025-09-08T11:57:51.025Z
Perhentian Island Resort,1/5,,"Premetto che l’isola offre un panorama mozzafiato. Il mare è spettacolare con tutta la fauna marina che si può ammirare a pochi metri dalla riva. Detto questo, struttura, che dovrebbe essere la migliore e infatti è la più costosa, non è minimamente pronta ad accogliere turismo europeo. Cade letteralmente a pezzi, è sporca e abbandonata a se stessa. Le camere sono fatiscenti e con una scarsissima igiene. Lenzuola e asciugamani macchiati. Non è questione di sapersi adattare, perche quella non mi manca visti i molti viaggi in posti molto meno pretenziosi fatti negli anni scorsi. 40 gradi al sole e non si può bere una birra o qualsiasi tipo di alcolico da nessuna parte tranne in un bar gestito da personale cinese in un’altra spiaggia. La qualità del servizio è davvero pessimo. Merita venire solo per la spiaggia che è paradisiaca ma tre giorni sono più che sufficienti, se, lo ripeto, si possiede un grandissimo spirito di adattamento a sporcizia e odori. Peccato davvero perché avrebbe davvero grande potenziale vista la posizione. Infatti molti ospiti cambiano struttura non appena fatto il check-in. Ma essendomi informata credo che questa sia addirittura la migliore.",2025-09-07T23:59:59.999Z
Perhentian Island Resort,,1.0,"La première chambre était sale et vétuste coincée entre un marécage et la forêt tropicale tout au fond. On a demandé à changer. La deuxième proposée était tout aussi calamiteuse. J'ai donc cherché moi même sur internet et pu leur montrer qu'il y en avait une en première ligne de plage. Nous l'avons eue avec un surcout. Néanmoins hormis la plage en face du bungalow elle était vieille, abimée à refaire! Vu l'emplacement ils ont un potentiel de fou alors que tout est délabré. C'est à n'y rien comprendre. Le personnel se fiche de tout. Ils doivent être désabusés. Tout le monde qui arrive demande à changer. Personne n'est venu nous chercher à l'embarcadère alors qu'une personne à moto avec remorque est censé faire ce job. On a du transporté nos bagages sous un soleil de plomb. Tout l'hôtel est vieux. Les repas n'ont aucune saveur et les tables sont limites au niveau propreté. Seule la plage en face est magnifique. Sable blanc et eau translucide, tortues, bébé requins, poissons. Quel gâchis!",2025-09-07T17:11:22.869Z
Perhentian Island Resort,,4.0,,2025-09-07T06:15:54.795Z
Perhentian Island Resort,,2.0,"Muy caro para lo que ofrece.
La playa en la que está ubicado será la mejor, vale, pero ello incita a que te encuentres todos los días con una llegada masiva de grupos que vienen a hacer snorkel y/o buceo, restándole la imagen de playa paradisíaca la que piensas que vienes. Aún así, la playa y hacer snorkel, valen la pena.

En cuanto al “Resort”, cutre, envejecido y mal cuidado. Falta de limpieza por todos lados, hasta las sábanas parecía que no eran nuevas de los huéspedes anteriores a nosotros, ya que había restos de arena en el interior de la cama…
Las cabañas tienen aire acondicionado y ventilador pero se les va la luz con facilidad. Agua caliente NO hay.
El desayuno es aceptable pero sin variedad si estás varios días. Y la comida no es de calidad… hemos estado probando los restaurantes de los hoteles cercanos y ofrecen mejores comidas/cenas.
Los trabajadores son correctos pero cero cercanía o simpatía (se salvan un par) pero mucha diferencia con el resto del país.

Sinceramente pagas un precio que no corresponde con las instalaciones.
Pagas por la ubicación.
De hecho teníamos solo 2 noches reservadas y nos quedamos más días en la isla pero cambiando de hotel.

Si tuviese que volver a esta isla desde luego no es un hotel al que vendría, le queda mucho por mejorar.",2025-09-04T10:59:52.058Z
Perhentian Island Resort,,2.0,"La ubicación y la playa delante del hotel es la MEJOR DE LA ISLA sin duda, esa es la parte positiva. Lo negativo:

1- El restaurante del hotel es MUY mejorable, los precios son un poco mas elevados que en otras zonas pero no pasaría absolutamente nada si la comida estuviera bien, pero es que no lo esta (a excepcion de algún plato concreto). Se nota que nadie controla nada y que no hay un jefe vigilando. El desayuno es básico pero correcto.

2- Las habitaciones SON LA PEOR PARTE, el mantenimiento de estas es NULO. Paredes, armarios, suelo todo desgastado y viejo. Si fuera solo eso, la puntuación sería mayor pero no, la LIMPIEZA DEBEN IMPLEMENTARLA, no hay mosquiteras en las camas, ayer por la noche tuvimos que matar sin exagerar 15 miniinsectos que no sé decir que eran, parecian minimosquitos. Teniendo en cuenta que lo hemos tenido todo siempre cerrado y cerrabamos la puerta enseguida, se entiende que estás en la selva y habra bichos pero no en tal cantidad, deben implementar medidas para que esto no pase, pagamos 113€ (por la habitación estándar, no cerca del mar) por noche, no 30€. Y bueno ya los que nos dejo boquiabiertos fue encontrar una especie de arenilla debajo de la cama en gran cantidad, tras investigar un poco parece que son excrementos de termita NO ESTOY SEGURA pero arena no era. En conclusión, no duermes agusto.

3- El servicio: si que es cierto nos encontramos personas agradables, había otras que no se caracterizaban por su amabilidad.

No se si es una situación aislada o no, ya que no hemos estado en otros hoteles de esta isla, no se si es frecuente pero estuvimos en Ombak Resort (en Kecil) y mucho mejor, tanto restaurante como las habitaciones y la atención.",2025-09-04T05:59:30.840Z
Perhentian Island Resort,,1.0,"La playa es un paraíso, pero el resort es un infierno.

Habitaciones sucias, sin limpieza real (solo cambian toallas, ni reponen papel higiénico ni agua), instalaciones viejas y llenas de humedad. El restaurante es caótico: no te atienden, la comida es pésima y cara, y no sirven alcohol (algo que no se avisa). El centro de buceo incapaz de ofrecer ni siquiera un instructor privado.

Terminamos salvando nuestras vacaciones en el resort vecino The Barat, donde sí nos atendieron bien y pude bucear con un instructor privado excelente.

Conclusión: este hotel vive solo de su ubicación. La playa es única, pero el “resort” está en estado de abandono y arruina la experiencia.",2025-09-04T04:06:05.445Z
Pulau Payar Marine Park,,5.0,"Omg, I really love this place. The sea is crystal clear. I advice you guys to bring your loved ones here and experience it yourself.",2022-12-31T13:52:44.136Z
Pulau Payar Marine Park,,5.0,Pulau yg cantik dan bersih.penempatan yg selesa dan ada jgk aktiviti air seperti menyelam dan sebagainya.satu tempat percutian yg bagus dan cantik.,2022-12-31T13:50:03.855Z
Pulau Payar Marine Park,,4.0,They provide boat for dive n around. Marine life was good when diving. Beautiful marine,2022-12-31T13:49:11.588Z
Pulau Payar Marine Park,,5.0,A must go place when u visit langkawi. Love the ocean with great scenery.,2022-12-31T13:48:08.961Z
Pulau Payar Marine Park,,5.0,It is beautiful place ❣️,2022-12-31T13:32:30.532Z
Pulau Payar Marine Park,,5.0,Happy to have a moment with family at pulau payar . So many activity especially snorkling inside clear water sea . Children are most happier . Great experience amazing view so peacefull ...,2022-12-31T13:30:55.433Z
Pulau Payar Marine Park,,5.0,Utk yang mahukan percutian yang menarik pulau payar marine adalah salah satu tempat wajib dikunjungi..Pemandangan yang sangat cantik dan indah. Kawasan pulau yang terjaga. Tempat percutian yang menarik untuk keluarga dan juga pencinta laut. Juga daya tarikan yang terpenting iaitu snorkeling. Takkan pernah puas dengan keindahan laut dan hidupan di dasar laut..,2022-12-31T13:28:20.432Z
Pulau Payar Marine Park,,4.0,Nice place for snorkeling good good,2022-12-31T13:26:34.933Z
Pulau Payar Marine Park,,5.0,"I've been here before with my friends.
How effectively they care for the ocean astounds me.

As the water is very clear, snorkelling is another activity where many lovely creatures may be seen.",2022-12-31T13:24:57.639Z
Pulau Payar Marine Park,,5.0,The scenery was awesome..great place to relax n enjoy,2022-12-31T13:22:19.187Z
Perhentian Island Resort,,4.0,"We stayed at Coral View Resort but often wandered over to the beach in front of Perhentian Island Resort, as it turned out to be one of the nicest stretches of sand in the area. The beach here is wider and more sandy compared to other spots, making it much more comfortable for relaxing, strolling, or just lying down under the sun. The water is usually clear and calm, which makes swimming and snorkeling very enjoyable. Right in front of the beach lies Turtle Point, one of the best places on the island to spot sea turtles. With just a short swim out, it’s quite common to encounter these gentle creatures gracefully gliding through the water, which makes the experience unforgettable.

The only downside is that it can get rather busy at times, as boats frequently stop to drop off groups of snorkelers, which slightly disturbs the otherwise peaceful setting. Still, once you’re in the water, the beauty beneath quickly makes up for it. When snorkeling, don’t just stay at Turtle Point—be sure to swim toward the rocky areas on both the left and right sides of the beach. There you’ll find an abundance of colorful fish, vibrant corals, and even black-tipped reef sharks cruising gracefully in the shallows.",2025-09-04T02:33:03.469Z
Perhentian Island Resort,1/5,,"Se definen como un hotel resort y lo único que son es un puñado de habitaciones viejas delante de una playa turquesa, con unos servicios absolutamente deplorables. Este lugar fue la mayor decepción de mi viaje.||La Ilusión de la Playa Paradisíaca||||A primera vista, la playa puede parecer un paraíso, pero la realidad es otra. A pesar de tener agua turquesa, el entorno marino es una completa decepción. No hay arrecife de coral vivo; todo es arena de coral muerto sin apenas peces a la vista. Si buscas hacer snorkel o bucear, tienes que nadar a una profundidad extrema para, con suerte, encontrar una tortuga.||||Habitaciones y Mantenimiento: Viejas y Sucias||Las habitaciones son viejas y están en un estado de abandono total, y nada justifica el precio. La limpieza es inexistente: el personal no repuso el papel higiénico y las condiciones de la habitación eran inaceptables. En el baño encontramos moho en las juntas y grifos llenos de cal, además de manchas de humedad en el techo. Fuera, el panorama era desolador, con montones de basura y escombros acumulados por el lugar.||||Servicios: Inexistentes y Decepcionantes||El servicio, en general, es pésimo. El personal de recepción es poco amable y no da información. Pero lo más grave fue el centro de buceo, que era una de las razones principales para nuestra visita. Fuimos a preguntar para reservar un día privado y dos inmersiones, y simplemente nos dijeron que no era posible, lo que arruinó la experiencia.||||La Comida: Un Auténtico Fraude||El restaurante es un capítulo aparte. El buffet del desayuno es pobre y limitado, y la comida es tan mala que tuvimos que ir a comer a restaurantes cercanos. Los precios son desorbitados para la bajísima calidad que ofrecen. Además, para los futuros huéspedes, es importante saber que el hotel no sirve bebidas alcohólicas.||Conclusión||||No te dejes engañar por el título de ""resort"". Este lugar carece de todo lo que promete: ni limpieza, ni buen servicio, ni buena comida, ni un arrecife vivo. Si valoras una experiencia de calidad, te recomiendo encarecidamente que busques otro hotel.",2025-09-03T23:59:59.999Z
Perhentian Island Resort,3.7/5,,"We felt the room could have been cleaner, especially the floor. We would have also preferred an improved menu at the restaurant and more bbq nights.",2025-09-03T23:59:59.999Z
Perhentian Island Resort,,5.0,"Ho soggiornato in questo resort dal 13 al 20/08 e sono partita con l’ansia viste le recensioni molto scoraggianti del resort. Credo che molte persone non abbiano ben chiaro dove si trovino per fare recensioni simili. Il resort è molto bello, la nostra camera era in zona piscina. La camera era accogliente e pulita molto meglio di tanti hotel italiani!! Certo qualche segno d’usura c’era ma niente di grave. Il personale è gentile e super efficiente. Abbiamo segnalato un problema allo scarico del water alla reception il tempo di tornare in camera e avevano già risolto. Noi avevamo solo la colazione che devo dire non era per niente male. A volte abbiamo cenato e pranzato nel ristorante e il menù alla carta era buono. Ho sentito altri ospiti che lamentavano il buffet compreso nel prezzo del soggiorno quindi io lo sconsiglio.. tanto i prezzi sono molto bassi rispetto all’Italia. La spiaggia è spettacolare la più bella spiaggia tra i resort vicini. Molte persone avevano da ridire per gli sdrai.. si è vero non sono sufficienti per tutti e un po’ scomodi perché sono di legno.. ma serve anche un po’ di spirito di adattamento se si viaggia. Fate le vacanze in hotel di lusso in Italia se cercate la perfezione in tutto, non fate recensioni negative random. Io leggendo le recensioni sono arrivata demoralizzata, persone conosciute sull’isola a seguito delle recensioni avevano addirittura cancellato la prenotazione per spostarsi in un altro hotel… per poi venire sempre lì. Felice di aver scelto il Perhentian island resort.. è stata una vacanza indimenticabile.",2025-09-03T15:45:40.941Z
Perhentian Island Resort,,1.0,À fuir !!!! Restaurant infecte !!! On a passé la nuit à l hôpital résultat des courses INTOXICATION ALIMENTAIRE LEUR VIANDE ÉTAIS TOUT SIMPLEMENT PÉRIMÉ !!!,2025-09-02T16:57:41.299Z
Perhentian Island Resort,,5.0,,2025-09-02T13:30:29.515Z
Perhentian Island Resort,,3.0,"Nos alojamos en una de las habitaciones a pie de playa. La vista es impresionante, el agua es cristalina y puedes escuchar las olas del mar desde la cama. Sin embargo, el interior deja mucho que desear. Las sábanas tenían manchas, los muebles son muy antiguos y del baño salen insectos cada vez que usas el WC o la ducha. Da una impresión muy anticuada y sucia. El personal del restaurante no es de lo mas amable pero la comida es comestible. Los manteles quizá lleven años sin lavarse...",2025-09-01T11:53:55.486Z
Perhentian Island Resort,,2.0,"Siamo stati solo al ristorante per pranzo: servizio pessimo, personale svogliato e cibo mediocre.",2025-09-01T02:40:38.214Z
Perhentian Island Resort,,4.0,"La struttura seppure un po' vecchiotta e non troppo curata, è ubicata su una splendida spiaggia tropicale con bel mare davanti. Il pomeriggio (a fine agosto) risente della marea che si ritira e quindi i bagni sono meno godibili. A quindici minuti a piedi ci si muove verso alcuni locali dove poter mangiare qualcosa. Ristorante interno che non è all'altezza del posto in cui si è.",2025-08-29T23:40:01.974Z
Perhentian Island Resort,,4.0,,2025-08-29T21:57:02.360Z
Pulau Payar Marine Park,,5.0,"really great Marine Park, a must go place. Need at least one day to spend and experience the place. There is also package price which includes the ferry (both ways/round trip) which is worth it",2022-12-31T13:21:56.218Z
Pulau Payar Marine Park,,5.0,Nice place to visit,2022-12-31T13:21:28.602Z
Pulau Payar Marine Park,,5.0,"A Must Visit Place If You Come To Langkawi. Good for island hoping to underground water view at exotic marine park. The package includes a ferry ride (round trip) from Kuah to Pulau Payar - including scuba diving, snorkelling, diving gears and packed lunch are provided. A variety of fish to see while snorkelling.",2022-12-31T13:20:07.404Z
Pulau Payar Marine Park,,5.0,"good choice for your family holiday trip, peacefull place .. you can relaxing your mind ..just come and try your own experience now",2022-12-31T13:19:01.245Z
Pulau Payar Marine Park,,5.0,its my birthplace..great place to be,2022-12-31T13:17:55.878Z
Pulau Payar Marine Park,,5.0,"The rooms are clean and sunny and the your family ll be enjoyed and n privacy
It’s great please",2022-12-31T13:17:30.662Z
Pulau Payar Marine Park,,5.0,"Went there with few friends for snorkeling and scuba diving. Did not regret it at all. Come and see for yourself, underwater view is out of this world",2022-12-31T13:17:01.787Z
Pulau Payar Marine Park,,5.0,The perfect island for snorkelling ☺️👍,2022-12-31T13:16:58.101Z
Pulau Payar Marine Park,,5.0,Nice place,2022-12-31T13:16:52.269Z
Pulau Payar Marine Park,,5.0,love it !,2022-12-31T13:16:37.161Z
Perhentian Island Resort,,4.0,"Resort situato sull'isola besar ""isola grande"". Un Resort tranquillo dove hai la possibilità di goderti di una vacanza relax. Nei pressi del Resort hai la possibilità di spostarti a piedi e raggiungere altri due Resort dove poter mangiare e farsi il bagno, oppure dal tuo Resort utilizzare i taxi boat per raggiungere altre spiagge o l'isola kecil dove troverai più movida. Abbiamo scelto una superior class twin e invece ci è stato assegnato una camera standard in un bungalow di legno. Pulizia nei minimi dettagli sia a livello di asciugamani che lenzuola. I bungalow sono immersi nella natura quindi puoi trovare o sentire animaletti. Colazione a buffet con ampia scelta, mentre per pranzo e cena ti danno la possibilità di scegliere tra buffet o alla carte. Il Resort dispone di spiaggia con ombrelloni e sdraio privati.",2025-08-29T02:00:26.354Z
Perhentian Island Resort,,5.0,"If we could rate this resort higher than 5 stars, we absolutely would. After a long journey, our first experience at another place, Fauna Beach Resort, was so miserable and poorly maintained that we immediately started looking for an alternative. Thankfully, for a bit more money, we were able to book a stay at Perhentian Island Resort, and it turned out to be the best decision we made on our entire long vacation.

You have to remember that this is an island, and everything has to be brought in by boat, which makes the level of care and cleanliness at this resort truly remarkable. There are no highways, landfills, or hardware stores, yet they manage to keep everything in pristine condition.

This resort is absolutely fantastic and cared for down to the last detail. The breakfast was great, the rooms were clean and cool with air conditioning, and we received fresh water and towels every single day. The private beach with comfortable sunbeds is located right next to Turtle Beach, one of the most famous snorkeling spots on the Perhentian Islands.
Within walking distance is the wonderful restaurant The Barat, which offers delicious and affordable food. Unlike the resort's restaurant, they also serve a variety of beers, which was a nice bonus.

All in all, this was a fantastic experience. We would recommend anyone to spend a little more for this kind of luxury. The (slightly) cheaper Fauna Beach Resort was twenty times worse and practically falling apart. Count your blessings and go to Perhentian Island Resort; it’s worth every single euro!",2025-08-27T08:45:34.732Z
Perhentian Island Resort,,4.0,,2025-08-26T08:00:37.927Z
Perhentian Island Resort,,1.0,"Indecente! Ci sono tantissime cose da dire sull’ indecenza dell’hotel e del personale. Partiamo dal fatto che diano solo un asciugamo a testa con cui asciugarti dopo la doccia e quando ti lavi la faccia e se ne vuoi uno in più (appunto per la faccia o parti intime, magari eh) devi pagare. Le stanze non vengono mai pulite, tantomeno le lenzuola cambiate. Si limitano a tirare su le coperte, lasciarti l’acqua e cambiarti gli asciugamani (almeno quello). Se la carta igienica è finita non te la mettono nuova ma devi andare in reception a chiederla!! L’hotel è sporco, come le camere, rovinato e tenuto male. Alle 10 le salviette per la spiaggia sono già finite. Aggiungo foto dei tavoli lerci per la colazione alle 7 del mattino, cioè all’apertura della colazione. I lettoni sono di legno, scomodissimi senza un materassino che ovviamente non è previsto.L’unica cosa bella è il mare. Meglio trovare un hotel decente nelle vicinanze e raggiungere la spiaggia a piedi o con taxi Boat.",2025-08-25T00:19:40.713Z
Perhentian Island Resort,,5.0,,2025-08-24T18:33:39.845Z
Perhentian Island Resort,,1.0,"Locatie is prachtig, snorkelen ook. Informatie vooraf was onduidelijk en niet volledig. Wij waren niet geïnformeerd dat een van ons 4en op de grond moest slapen. Een van de kinderen is heel ziek geworden en heeft in bed gespuugd. Hierdoor vonden ze dat het beddengoed vernield was en kregen we onze deposit niet terug. Ik vind dit echt heel raar. De kamer zien er redelijk uit, het is erg verouderd en onze badkamer was niet heel erg schoon bij aankomst.",2025-08-23T15:59:12.301Z
Perhentian Island Resort,,1.0,,2025-08-23T13:35:16.687Z
Perhentian Island Resort,,4.0,"L'endroit est top pour la plongée également et le snorkeling. Ils y a plusieurs endroits variés. J'ai même pu voir une tortue de mer!

Les chambres sont bien. Le restaurant est bon mais sans plus. Par contre, j'ai bien apprécié les choix varié de leur carte.

Le service manque par conte un peu. Le personnel est souriant et volontaire mais il y a des problèmes d'organisation. A notre arrivée, on a voulu prendre des serviettes de bain pour la plage et on nous a dit qu'il n'y en avait plus et qu'il fallait attendre 1h30 minimum pour en avoir. Pas de palmes fournies pour le snorkling. Et le taxi commandé pour notre départ avait 45 minutes de retard.",2025-08-22T15:21:11.143Z
Perhentian Island Resort,,4.0,,2025-08-22T00:02:33.464Z
Perhentian Island Resort,,4.0,,2025-08-21T13:10:29.183Z
Pulau Payar Marine Park,,5.0,Highly recommended.. Cntikkk.. Akan dtg lagi...  😍😘🥰 very nice place,2022-12-31T13:16:36.600Z
Pulau Payar Marine Park,,5.0,Very suitable if you want to healing...,2022-12-31T13:15:27.304Z
Pulau Payar Marine Park,,5.0,Best snorkling experience ever. Best accommodation,2022-12-31T13:15:06.458Z
Pulau Payar Marine Park,,5.0,very nice place,2022-12-31T13:15:06.118Z
Pulau Payar Marine Park,,5.0,please consider this as one of your fav place. bcs it it!! worth your money,2022-12-31T13:15:04.073Z
Pulau Payar Marine Park,,5.0,Incredible scenery,2022-12-31T13:14:21.553Z
Pulau Payar Marine Park,,5.0,Very nice place for vacation.. Recommended,2022-12-31T13:13:23.057Z
Pulau Payar Marine Park,,5.0,"Lokasi menarik untuk di kunjungi. Tidak rugi datang bercuti. Di jamin puas hati. Good job, great place.",2022-12-31T13:12:51.649Z
Pulau Payar Marine Park,,5.0,this place is so cool and highly recommended 😍❤️,2022-12-31T13:12:47.046Z
Pulau Payar Marine Park,,5.0,,2022-12-31T13:12:46.161Z
Perhentian Island Resort,3/5,,"Hotel muy bien ubicado, con excelente playa paradisíaca. Lástima los barcos que van y vienen... restaurante con bufete y carta correctos. Habitación... nos tocó la Deluxe Heaven... es una pedazo m... horrible... da mucha grima... suerte que el sitio es preciso.",2025-08-19T23:59:59.999Z
Perhentian Island Resort,,4.0,Excellente plage ! L’hôtel est bien mais il y a quelques odeurs désagréable dans les chambres et pas très bien isolé. Sinon le cadre est incroyable,2025-08-19T03:51:49.095Z
Perhentian Island Resort,2/5,,"Paesaggio meraviglioso acque cristalline ma la struttura è pessima. Da evitare assolutamente, standard igienici pessimi. Camere vecchie, sporche e mai state pulite per 5 giorni. Appena arrivati volevamo andar via ma sull’isola era tutto full e le altre strutture comunque sono spartane non sappiamo se più pulite. Non vale la pena soggiornare a Besar, consigliamo Kecil per alloggiare e poi spostarsi con taxi boat verso Besar che comunque merita la visita. Evitate assolutamente questo resort!! E’un vero peccato perché per la posizione avrebbe un potenziale molto elevato ma non sfruttato.",2025-08-18T23:59:59.999Z
Perhentian Island Resort,,3.0,"Chambre simple  mais rafraîchissement à prévoir. Le mobilier n’est pas du tout confortable comme les chaises, les transat, pas d’armoire sans la chambre. La literie est correcte.
Personnel dans l’ensemble peu accueillant, pas très souriant parfois même aucun bonjour
Service au restaurant plutôt long. Qualité de la nourriture bof et chère. Je recommande de ne pas passer plus de 4 jours sur place",2025-08-18T13:53:34.866Z
Perhentian Island Resort,,4.0,,2025-08-18T12:44:30.118Z
Perhentian Island Resort,,3.0,"Solid dive resort with an onsite dive shop and genuinely wonderful staff. The beach was beautiful, the water crystal clear, and I even saw baby black tip sharks in the shallows (harmless and amazing to see).

Chalets were comfortable with good air-conditioning, but dated and in need of maintenance. Amenities are very basic, with only two small plastic bottles of water provided daily, no dispensers, and extras must be bought at the gift shop. It’s awful that water only comes in plastic bottles, especially when the beach is already littered with caps. I picked up two bucketfuls of plastic waste just walking along the shore.

The BBQ buffet was tasty but ran out quickly, while the regular buffet was limited and not always fresh.

Overall, a good dive base with a beautiful setting, though it was really sad to see both the coral bleaching and the amount of plastic waste.",2025-08-17T08:05:33.596Z
Perhentian Island Resort,3/5,,"Il posto è incantevole e la spiaggia da sogno, ma la qualità dei servizi è veramente scadente. Abbiamo prenotato 3 camere matrimoniali e ne abbiamo ricevute 2 su 3 singole, la pulizia molto scadente e le camere piene di insetti e vermi. Ogni giorno veniva qualcuno a sistemare la stanza ma rifaceva solamente il letto e cambiava le tovaglie, mai passata la scopa per terra o lavato il bagno. Il cibo del ristorante non era granché e non si trovavano alcolici di nessun tipo in tutto il resort. In una delle 3’camere il tubo del lavandino era rotto ed entravano blatte giganti. Insomma… non ci sono parole 😅",2025-08-16T23:59:59.999Z
Perhentian Island Resort,1/5,,"The last resort|Unfortunately, I whole-heartedly agree with previous reviewers. There are only two factors that keep the resort going - the wonderful beach and sea access, and the fact that - at least during the current high season - the demand for rooms is such that even very over-rated (and over-paid) facilities like the PIR get filled.  It sort of becomes the 'last resort' for people like us who do not book super-early and so miss out on any of the chain of much better places (supposedly lower grade) on this larger of the two islands - including Coral View, Abdul's Chalet, Mama's, Tuna Bay and several others.  All markedly better in most respects than the Perhentian Island Resort.  The place visibly dates back to the 80s, and much of it has not been renovated / updated since then.  No need to repeat what others have said - but just a few examples of the many seemingly little things that 'irked' us.  Breakfast - buffet type, but with low quality products throughout - old (non-fresh) chewy 'croissants', low quality juices, really almost undrinkable coffee... large round tables with unironed table-cloth that still have food remnants from the night before.  No ROTI CANAI - which is a major product produced and consumed for breakfast at the other, smaller resorts. Service people stand in corners of the room but are not helpful at all (except when collecting the pointless breakfast vouchers..).  There is an espresso / coffee machine - but when you ask, any 'good coffee' costs extra (different from 4 star hotels elsewhere).  - Rooms: no hot water (not essential here, but nice to have - available in some of the 'lower grade' resorts nearby).  No TV (again, not essential - but the others have it). Rooms all need to be 'redone' as well as thoroughly cleaned. - Staff - many are friendly and helpful enough, but generally do not seem to be trained well, or speak enough English for this kind of place.  Management / supervision overall seems to be lacking.  Example: we finally moved out to another resort.  The front desk is asked to call the other resort to send a boat. Staff tries once to call, then turns to us and says: no one answering the phone.  We try and immediately get someone and so arrange it all ourselves. - Anyway - our bottom line, and recommendation would be for the owners to do 2 main things: 1) to close the entire place for an entire season (or whatever it takes) to do a major overhaul of the entire facility, and 2) equally important, to seriously strengthen management and supervision, as well as retrain staff.",2025-08-15T23:59:59.999Z
Perhentian Island Resort,,1.0,"Unfortunately, I whole-heartedly agree with previous reviewers. There are only two factors that keep the resort going - the wonderful beach and sea access, and the fact that - at least during the current high season - the demand for rooms is such that even very over-rated (and over-paid) facilities like the PIR get filled.  It sort of becomes the 'last resort' for people like us who do not book super-early and so miss out on any of the chain of much better places (supposedly lower grade) on this larger of the two islands - including Coral View, Abdul's Chalet, Mama's, Tuna Bay and several others.  All markedly better in most respects than the Perhentian Island Resort.  The place visibly dates back to the 80s, and much of it has not been renovated / updated since then.  No need to repeat what others have said - but just a few examples of the many seemingly little things that 'irked' us.  Breakfast - buffet type, but with low quality products throughout - old (non-fresh) chewy 'croissants', low quality juices, really almost undrinkable coffee... large round tables with unironed table-cloth that still have food remnants from the night before.  No ROTI CANAI - which is a major product produced and consumed for breakfast at the other, smaller resorts. Service people stand in corners of the room but are not helpful at all (except when collecting the pointless breakfast vouchers..).  There is an espresso / coffee machine - but when you ask, any 'good coffee' costs extra (different from 4 star hotels elsewhere).  - Rooms: no hot water (not essential here, but nice to have - available in some of the 'lower grade' resorts nearby).  No TV (again, not essential - but the others have it). Rooms all need to be 'redone' as well as thoroughly cleaned. - Staff - many are friendly and helpful enough, but generally do not seem to be trained well, or speak enough English for this kind of place.  Management / supervision overall seems to be lacking.  Example: we finally moved out to another resort.  The front desk is asked to call the other resort to send a boat. Staff tries once to call, then turns to us and says: no one answering the phone.  We try and immediately get someone and so arrange it all ourselves. - Anyway - our bottom line, and recommendation would be for the owners to do 2 main things: 1) to close the entire place for an entire season (or whatever it takes) to do a major overhaul of the entire facility, and 2) equally important, to seriously strengthen management and supervision, as well as retrain staff.",2025-08-15T08:34:21.433Z
Perhentian Island Resort,,3.0,"Hôtel qui mérite à peine ses 3 étoiles. Chambres qui méritent un coup de neuf, des insectes dans les chambres, pas de rangement. Le ménage est fait très rapidement… Le restaurant n’est pas mieux, les serveurs nous ignorent, les tables sont sales mais les repas sont bons. La piscine était verte à notre arrivée, le terrain de tennis inutilisable….heureusement que le volley était ok 👍. Et ils ont la plus belle plage de l’île…..",2025-08-13T12:57:40.739Z
Pulau Payar Marine Park,,5.0,Best . Sangat puas hati ... Tenang,2022-12-31T13:12:28.916Z
Pulau Payar Marine Park,,5.0,Best place for holidays. Best view. Best scenery. Make best photos.,2022-12-31T13:12:26.811Z
Pulau Payar Marine Park,,5.0,"Best place for you family, specially kids..
You'll have a great time overall..!",2022-12-29T16:36:44.708Z
Pulau Payar Marine Park,,5.0,,2022-12-29T16:28:11.628Z
Pulau Payar Marine Park,,5.0,Excellent atmosphere and good crowd,2022-12-29T16:17:28.530Z
Pulau Payar Marine Park,,1.0,The place is closed and the maps take you into middle of some houses.,2022-12-29T10:19:42.580Z
Pulau Payar Marine Park,,5.0,Really love the clean and blue water while feel the atmosphere,2022-12-23T03:37:00.392Z
Pulau Payar Marine Park,,4.0,Like this place..must come again.,2022-12-23T02:15:52.147Z
Pulau Payar Marine Park,,5.0,such as wonderful place..,2022-12-22T18:52:24.734Z
Pulau Payar Marine Park,,5.0,Nice place for visit,2022-12-22T16:41:09.094Z
Perhentian Island Resort,,2.0,"Emplacement idyllique sur la plus belle plage de l’île. Les bungalows vue mer sont top. Nous avons aussi expérimentés ceux dans le fond du terrain, qui, eux, sont simplement délabrés voire à l’abandon…!
Le personnel n’est pas du tout accueillant !
Nous recommandons les bungalows vue mer pour la vue splendide, mais nous ne recommandons pas cet hôtel pour son accueil.",2025-08-12T03:04:23.615Z
Perhentian Island Resort,,5.0,"Good experience here water so clean
,,, good for scuba
Staff of the resort is very good & freandly",2025-08-10T11:46:17.049Z
Perhentian Island Resort,,5.0,,2025-08-08T13:43:07.387Z
Perhentian Island Resort,,1.0,"Io e mia moglie abbiamo soggiornato in questa struttura per 3 notti e sono pronto a dare il mio giudizio di come è andata l'esperienza: partiamo dal punto migliore che è l'isola, bella da vedere, in parte ancora rimasta selvaggia mentre nell'altra stragrande maggioranza invasa dalla mano dell'uomo per creare i vari villaggi adibiti al turismo. Ora passiamo alle parti peggiori di questo soggiorno: Il personale è completamente svogliato, sensa voglia di vivere, stanno li come se qualcuno gli puntasse una pistola alla testa, completamente apatici quindi nulli. Il ristorante di questa location va dal mediocre al pessimo il tutto a interpretazione personale, noi ci abbiamo pranzato tutti e 3 i giorni e devo dire che come cibo non è male, ovviamente non ci si può aspettare la cucina italiana però nell'insieme si mangia abbastanza discretamente ma per quanto riguarda la pulizia dei tavoli lasciamo perdere perché fa veramente schifo mentre il personale addetto come scritto sopra è inutile li devi chiamare per qualsiasi cosa anche per portarti il menù.. stanno li ti guardano con espressione da ebeti ma.non svolgono il loro lavoro, sbagliano continuamente gli ordini oppure si dimenticano le cose quindi per quanto riguarda la parte ristorazione mettiamoci una croce sopra con un piccolo punto di favore al cibo locale. Passiamo poi alle camere: ci hanno assegnato una stanza tipo la più distante dalla struttura dove per arrivarci ogni volta si muore di caldo non essendo raggiunta da nessun tipo di aria (nell'isola è veramente tanto caldo) una volta entrati nella casetta assegnataci la non pulizia regna sovrana, mobili vecchi e vetusti, le nenzuola del letto macchiate da una cosa non ben definita, finestre sporchissime, camera piena di insetti tra moscerini e fortunatamente poche zanzare almeno nella nostra. Macchie di sporco ovunque il condizionatore funziona bene per fortuna ma lasciato a se stesso nel senso che pieno zeppo di polvere nei filtri quindi si può immaginare la qualità dell'aria respirata.. abbiamo deciso di non contestaree tenere quella che ci  hanno dato, per il cambio asciugamani fortunatamente è stato fatto tutti i giorni rispetto ad altre recensioni. Alla fine posso dire che la spiaggia merita anche se alla mattina bisogna svegliarsi presto e mettere i propri asciugamani per prendere i posti migliori all ombra onde evitare di morire di caldo durante il giorno.",2025-08-05T12:00:27.035Z
Perhentian Island Resort,,5.0,,2025-08-03T10:28:05.541Z
Perhentian Island Resort,,4.0,"Tempat yg sangat bagus untuk menenangkan diri , berenang dan snorkling",2025-08-02T11:23:30.794Z
Perhentian Island Resort,,5.0,Je .étais pas résident mais la plage est magnifique,2025-08-02T09:28:57.765Z
Perhentian Island Resort,,4.0,"The room is spacious, clean and cozy. No wifi in the room. There are cloth hangers at the balcony and water pipe Infront your room to clean the sand. They bring you fresh towel and water everyday. The path towards the rooms is not good. monkeys and lizards are you neighbor.",2025-08-01T03:53:12.336Z
Perhentian Island Resort,,5.0,"L’hôtel est situé sur l'une des plus belles plages des Perhentians, on y voit énormement d'espèces marines pour le snorkeling c'est un super endroit...
Le restaurent est correct, mention spéciale pour le BBQ de poisson frais le soir
Les chambre sont cependant vétustes mais c'est le cas pour la plupart des hôtels aux iles Perhentians",2025-07-30T13:41:20.071Z
Perhentian Island Resort,,1.0,"价格与服务不匹配，不建议入住
我们于2025年7月25日（星期五）上午11:45抵达大停泊岛，但并无酒店员工迎接或指引。我们自行拖行李前往接待处后才得知酒店其实有行李运送服务，但并未在码头提供协助，实在不合理。

办理入住后被告知下午三点才能拿房，而我们的三天两夜浮潜配套第一场活动是在当天下午三点。多数酒店通常会弹性安排提前入住以配合行程，但这家酒店没有任何协调，只让我们寄存贵重物品。

浮潜结束后回到酒店，却发现行李被随意放在房门口。询问之下，工作人员称“不能随意进房”，但行李却能丢在无人看管的走廊两小时，无闭路电视保障，安全隐患极大。

入住后还发现冰箱里有半瓶喝过的水，明显房间未彻底清洁。而第二天虽然我们挂了“请勿打扰”牌子，外出浮潜回来后却发现有人进入更换了毛巾和水，前后政策矛盾。

泳池也未清洁彻底，底部明显布满污垢，令人却步。此外，酒店物价离谱，一罐普通汽水竟要RM9，远高于一般岛上酒店。

尽管大停泊岛本身风景迷人，我未来可能还会再来，但绝不会再入住这家酒店，服务水平与价格严重不符。

The price does not match the service, not recommended
We arrived at Perhentian Besar Island at 11:45 AM on July 25, 2025, but no hotel staff were present to greet or assist us. We had to carry our luggage ourselves to reception, only to find out later that luggage service was supposed to be provided—why wasn’t anyone at the jetty?

After checking in, we were told we could only access our room at 3 PM, even though our snorkeling package likely had the first session at 2 PM. Other hotels typically allow early check-in for such cases, but no flexibility was offered here.

After snorkeling (3–5 PM), we returned to find our bags left outside the room. Staff claimed they couldn’t enter rooms—but then why leave bags unattended for hours in a public hallway with no CCTV?

In our room, we found a half-drunk water bottle in the fridge—clear sign of poor housekeeping. On day two, although we had a “Do Not Disturb” sign up, someone entered to change towels and water, contradicting their earlier “no entry” policy.

The swimming pool was dirty, with grime covering much of the floor, making it uninviting. Prices were also unreasonable—RM9 for a basic soda, far above island norms.

While Perhentian Island itself is beautiful, I will not stay at this hotel again. Its service quality does not match its pricing.",2025-07-29T03:27:27.272Z
Pulau Payar Marine Park,,5.0,"Love and amazing experience. Enjoy the snorkeling with sea life, clear and clean water. The joy and fun definitely won't let u down.",2022-12-22T16:06:02.691Z
Pulau Payar Marine Park,,4.0,What a great pleasure to spend the year end holiday here. Totally worth it!,2022-12-22T16:02:33.106Z
Pulau Payar Marine Park,,5.0,I really like the beach. The water is crystal clear and my family very enjoy swimming and snorkling,2022-12-22T15:51:53.673Z
Pulau Payar Marine Park,,5.0,This place is amazing.. really had a tiring but fun time snorkelling here..,2022-12-22T15:40:06.068Z
Pulau Payar Marine Park,,5.0,one of the best Marine Park in the west coast. must visit place.,2022-12-22T15:25:39.375Z
Pulau Payar Marine Park,,5.0,"The clear sea is perfect for snorkeling. Can see anything in the sea through snorkeling. If you want to get here, you have to take a ferry, of course it's crowded because there are too many people taking the ferry. It is most comfortable to take a flight straight down to Langkawi. If you're smart, you can find a package that fits your budget and time. It is a favorite place to visit and highly recommended for a family vacation",2022-12-22T15:21:58.898Z
Pulau Payar Marine Park,,5.0,"Whether you do island hopping or day trip to just this  park.. its a must go destination. You can have great activity doing snorkeling, swimming or scuba diving, the experience is ao great and I am sure after experiencing these, you definitely will come back again.",2022-12-22T15:02:37.103Z
Pulau Payar Marine Park,,5.0,It's always different world for snorkeling loverr,2022-12-22T14:51:12.455Z
Pulau Payar Marine Park,,5.0,Pemandangan yang sangat cantik dan indah,2022-12-22T14:51:02.154Z
Pulau Payar Marine Park,,5.0,Great scenery! Great place to bring family and friends!,2022-12-22T14:47:53.462Z
Perhentian Island Resort,,5.0,,2025-07-29T03:12:32.750Z
Perhentian Island Resort,,4.0,"De lokatie is als je van snorkelen houdt super. Voor de lodge (je moet gaan als er niet allemaal bootjes er zijn) kun je schildpadden, roggen, haaien, clownsvisjes en andere vissen bekijken.
De kamers zijn wel aan een likje verf toe. Het buffet is wel minder, niet doen als je de keuze hebt. Via de kaart eten bestellen is beter.
Op het strand kun je heerlijk liggen.",2025-07-27T15:32:22.094Z
Perhentian Island Resort,,5.0,,2025-07-26T09:48:13.132Z
Perhentian Island Resort,,1.0,"We were very disappointed with our stay. The room was infested with insects and bugs, and there appeared to be no cleaning service provided—only the towels were replaced, and only if we specifically requested room cleaning. The bathroom was extremely basic and consistently smelled of urine.
The restaurant was not clean, the food quality was very poor, and the staff appeared unmotivated and unhappy, which made the breakfast experience uncomfortable.
The photos on both the PIR website and Agoda do not reflect the actual condition of the property. They are highly misleading and do not represent the reality of what guests can expect.

We ended up checking out after just two nights, even though we had booked for four. Unfortunately, we were unable to get a refund as the booking was made through Agoda for double the price than the PIR room rates.",2025-07-26T07:18:55.274Z
Perhentian Island Resort,,1.0,"Hotel que en su momento tuvo que estar genial pero actualmente está desactualizado y dejado de la mano de dios. El buffet es lamentable, las hormigas corren por encima de la comida. Las habitaciones, están bien pero nosotros, encontramos salamandras dentro de la cabaña, la segunda noche sufrimos un ataque de chinches. Es muy caro para lo que es. Se aprovechan que es lo que hay, si quieres bien y si no pues también.
Una pena xq la ubicación es ideal y los huéspedes podrían salir muy contentos.",2025-07-25T17:58:49.519Z
Perhentian Island Resort,,3.0,"Hôtel parfaitement placé car c'est la plus belle plage de l'île. Cependant, il est très vieillissant et nécessiterait une rénovation de qualité. La salle de bain n'était pas propre ; la paroi de douche devenu opaque de calcaire, les carrelages sales ( mal nettoyé). La colonne de douche mal fixé au mur en était détaché. Ils sont venu ""réparé "" à ma demande mais ça bougeait encore. Le sol a été recouvert de latte de vinyl à coller de qualité mediocre; la saleté s'est incrustée entre les lattes. Ça ne fait pas resort du tout.
La piscine avait une eau verdâtre.
La plage est pris d'assaut par des touristes des autres Hôtels ainsi que nos transats. Les bateaux viennent y déposé des groupes en masse pour voir les tortues; on peux en voir à qq mètres du ponton. Pour voir du corail et des poissons il fallait aller après le ponton vers le Coral View resort.
La restauration était pas extraordinaire; assez répétitif. On a parfois pris en supplément à la carte. Les desserts par contre étaient relativement qualitatif ainsi que les petits déjeuner (il fallait juste demander du lait chaud).
Pas de WiFi dans les chambres (uniquement à la réception).
Point positif:
Ils distribuent sur demande des serviettes de plage.
Le personnel est très gentil.
La plage est magnifique.
Au final, si les bungalows sont mieux entretenus et que la restauration s'améliore, il pourrait être un très bon hôtel.",2025-07-24T10:16:30.056Z
Perhentian Island Resort,,5.0,"2016年にマレーシアを旅した際に訪れました。プルフンティアン島自体がとてもユニークで、島と島の移動はボートを使うという、これまでにない特別な体験でした。中でもこのリゾートは、プルフンティアンの中でも整った施設を備えたリゾート型の宿で、敷地内にはちょっとした散策ルートもあり、自然の中でゆったりとした時間を過ごせました。たった1泊しかできなかったのが心残りで、次回はぜひ数泊したいと思える素敵な宿です。

ChatGPT に質問する",2025-07-23T10:42:32.515Z
Perhentian Island Resort,,1.0,"Seul et unique point positif la plage, mais c'est triste de proposer un logement aussi décevant sur la meilleure plage de l'île. Chambre sale, vétuste, sanitaire avec fuite sur le WC odeur de remontée horrible (prévoir de faire sa douche en apnée), insectes morts sur les murs.",2025-07-22T07:54:35.691Z
Perhentian Island Resort,,5.0,"Leuk, gezellig en kindvriendelijke strand. Allerlei Malay food tentjes.",2025-07-20T22:30:50.462Z
Perhentian Island Resort,,5.0,,2025-07-20T13:09:44.740Z
Pulau Payar Marine Park,,4.0,Good place to visit and spend time with family as well,2022-12-22T14:39:40.393Z
Pulau Payar Marine Park,,5.0,New Experience for me,2022-12-22T14:34:02.953Z
Pulau Payar Marine Park,,4.0,I like this place cause the view very wonderful,2022-12-22T14:33:19.198Z
Pulau Payar Marine Park,,5.0,"A must visit when coming to langkawi. This place was a really great marine park with a lot of water activities. Scuba diving, snorkelling and diving are the activities that been provided here. Really best and need at least one day to spend and experience the place. It’s worth to enjoy and spend in the midst of nature. Will come again later.",2022-12-22T14:32:10.810Z
Pulau Payar Marine Park,,4.0,Good place for snorkeling and water activities,2022-12-22T14:31:05.644Z
Pulau Payar Marine Park,,5.0,"This is very good place to enjoy the island, this place very interesting",2022-12-22T14:27:37.209Z
Pulau Payar Marine Park,,5.0,"Amazing place and nice place to visit, sunny day and lucky able to see baby sharks. worth to visit",2022-12-22T14:26:04.130Z
Pulau Payar Marine Park,,5.0,"The exotic marine park to those who loves snorkeling, scuba diving and more activities to try in a wonderful island.. Would be a dream place for a getaway",2022-12-22T14:23:38.818Z
Pulau Payar Marine Park,,5.0,Nice place,2022-12-22T14:22:15.849Z
Pulau Payar Marine Park,,5.0,Exquisite experience. To say enjoyed will be an understatement. The park environment offers was amazing. The activities I did included fairy ride from Kuala to Payar. Scuba diving was amazing too.,2022-12-22T14:20:57.824Z
Perhentian Island Resort,5/5,,"Bel resort, splendida spiaggia |Per fortuna non abbiamo dato retta alle recensioni... |Soggiorno di 4 giorni e ci siamo trovati bene",2025-07-19T23:59:59.999Z
Perhentian Island Resort,2/5,,"We stayed 4 nights in early April. The first room we were given had a large cockroach in the bathroom as soon as we entered. Reception offered insect spray, but didn’t take the issue seriously. We moved to another room after insisting, but the next day — after rain and humidity — the bathroom was full of bugs again. It turns out there had been an ongoing bug problem all along.||The hotel has a serious hygiene and pest issue, and unfortunately, the staff were indifferent. No preventive pest control, no apology, no compensation — only spray after I insisted. Even for the small ferry service to another island, we had to pay.||My husband urgently needed to send a work email. The hotel’s computer was broken; he had to fix it himself to use it. Breakfast was poor; we had dinner elsewhere.||Nature around the hotel is breathtaking — the sea, beach, jungle, monkeys and squirrels were amazing. But hygiene inside the hotel was unacceptable. On our last morning, our bathroom was once again full of bugs, and I had to use the public toilet near the restaurant before our ferry.||We moved to Marriott for the last night, paid more — and it was the best decision. I’ve learned my lesson: I will gladly pay more for a clean and professionally managed hotel next time.||If hygiene is not a concern for you, you’ll probably enjoy the nature here. But if it matters — stay away.",2025-07-18T23:59:59.999Z
Perhentian Island Resort,,5.0,Quitter ce lieu a été un déchirement 🔥🔥🔥🥹🥹🥹,2025-07-16T01:05:34.573Z
Perhentian Island Resort,,5.0,"Clairement la meilleure plage privée de l’île
😍😍. Que ce soit la nourriture, l’emplacement, le personnel, les chambres avec terrasse, tout était parfait un vrai havre de paix. Merci Pir island resort pour cette parenthèse.",2025-07-16T01:05:06.885Z
Perhentian Island Resort,,4.0,"The hotel hospitality was good and the staff were very pleasant and they really guide us very well since we arrive until we departed.

We took 3 days and 2 nights package. The food was good especially the breakfast and dinner. The lunch still need to improve on the food varieties.

The worst part was, the 2nd day we arrange for snorkelling to pulau rawa, tokong burung and pulau serrengeh. The boat schedule at 10am but only arrived at 10.30am. We were ready by 9.30am. We need to wait for 1 hour. Then we went to this 3 islands but it washing rushing due to the time constraint.

At pulau tokong burung, the boat stop for snorkelling activities. The boatman told us to go swim the other side to see the blue stingray. We went there, then once done, the current was strong and myself and my girl had difficult time to swim back. We tried our best to swim near to boat and already came to the boat. While my girl climbed up the boat, she drop and fell on the boat, she was hurt at her face area and the boatman didn’t help at all. Only the tourist from Holland help us. The boatman, were angry only because of the late coming to boat.
This was suppose to be the way. He suppose to help us and the boat also should equipped with first aid kit. My girl was bleeding badly on her face area.

Then we arrive at the hotel, we ask for first aid kit and they took long time to find it and same time the dettol they gave us was expired. They keep the expired medication. This was not suppose to be.

Need to improve on the emergency cases during any water sport activities.",2025-07-15T14:28:42.439Z
Perhentian Island Resort,3.5/5,,"The room is ok, toilet is clean. Breakfast was ok, ala carte food was poor. The beach was spectacular. We’ll come again for the beach,",2025-07-14T23:59:59.999Z
Perhentian Island Resort,,5.0,Красиво уютно,2025-07-11T18:39:56.805Z
Perhentian Island Resort,,3.0,,2025-07-11T15:23:51.685Z
Perhentian Island Resort,,5.0,"Very fair value for money. Exceptionally friendly and helpful staff. While the buffet selection isn't very varied, it's plentiful, fresh, and the quality is quite acceptable. It's no comparison to the a la carte menu, though. The BBQ was very tasty. The snorkeling tours are quite nice. However, you can clearly see that the corals are suffering. The staff on the tours are also very friendly and helpful. All in all, a very nice three-day trip at a reasonable price.",2025-07-04T02:30:45.495Z
Perhentian Island Resort,,1.0,Chinches,2025-07-03T05:56:10.306Z
Pulau Payar Marine Park,,5.0,A beautiful scenery you will have it here! Please.. list down this place as your must-go place when you here in Langkawi 😍  Luckily got nice wheather... nice place. Recommended 👍 👍 👍 👍 👍,2022-12-22T14:18:58.255Z
Pulau Payar Marine Park,,5.0,great to snorkelling here,2022-12-22T14:18:01.249Z
Pulau Payar Marine Park,,5.0,I'm mesmerized with it's beauty. You can catch small sharks and other colorful fish. It's truly amazing!,2022-12-22T14:17:07.457Z
Pulau Payar Marine Park,,5.0,island hopping with the nice sunset best view ever,2022-12-22T14:14:33.138Z
Pulau Payar Marine Park,,5.0,I like the place,2022-12-22T14:13:17.466Z
Pulau Payar Marine Park,,5.0,"Looking for a place to chill out? Dont miss out this place. It blows your mind how nice the view is, definitely suitable for a family and couple to stay in and plan for any beach activities that will ease your mind and soul.",2022-12-22T14:12:45.707Z
Pulau Payar Marine Park,,5.0,The view is beautiful and clear waters!,2022-12-22T14:12:40.149Z
Pulau Payar Marine Park,,5.0,Love the beach and the water is so clean...suitable fir healing2...🤭,2022-12-22T14:12:12.881Z
Pulau Payar Marine Park,,5.0,A nice place to OOTD and far away from city.,2022-12-22T14:12:12.744Z
Pulau Payar Marine Park,,5.0,A must place to visit when you in Langkawi. A small clean beach in Langkawi. You can also enjoy snorkeling activities here around 30mins. From Kuala Kedah Jetty.,2022-12-22T14:11:53.838Z
Pulau Payar Marine Park,,5.0,Best place tp go,2022-12-22T14:11:35.163Z
Pulau Payar Marine Park,,5.0,Nice view,2022-12-22T14:11:21.595Z
Pulau Payar Marine Park,,5.0,A great trip to this Langkawi hidden place. Worth the trip and awesome scenery with sea breeze.,2022-12-22T14:10:54.706Z
Pulau Payar Marine Park,,4.0,its a must when you go for island hoping in Langkawi. please refer to forecast before u plan to go here,2022-12-22T14:10:47.040Z
Pulau Payar Marine Park,,5.0,Nice place,2022-12-22T14:10:35.246Z
Pulau Payar Marine Park,,5.0,"Omg
Such a beautiful place
Like a paradise
Will be coming again and definitely will bring my family to see the beauty of this place",2022-12-22T14:10:03.696Z
Pulau Payar Marine Park,,5.0,"nice place,,helok sngt untuk becuti,,tenangkn fkiran..yang mna stres2 boleh la dtang sni..👍👍❤️❤️",2022-12-22T14:08:37.874Z
Pulau Payar Marine Park,,5.0,Should consider to visit this place for snorkeling while in kedah,2022-12-22T14:08:07.369Z
Pulau Payar Marine Park,,4.0,Place for holiday good..,2022-12-22T14:07:45.942Z
Pulau Payar Marine Park,,5.0,"The greatest place to explore about nature , the scuba dive also fun",2022-12-22T14:07:36.309Z
Perhentian Island Resort,,5.0,"This place is gorgeous! It's the only resort on the whole beach, so it's not crowded at all. The beach is amazing, and the facilities are great. They have a nice pool if you're not into the ocean, plus a pool table, karaoke, and a spa.",2025-07-01T05:06:50.010Z
Perhentian Island Resort,,5.0,"Pros:
- clean rooms, daily cleaning
- incredible beach right in front, the best I've seen on both islands during my stay
- commodities such as swimming pool, badminton and beach volleyball courts, snorkeling/ kayak tours and rental

Cons:
- too expensive for the region's prices
- the restaurant is not good and more expensive than the other resorts'

Overall, you won't regret coming there. It's expensive for Malaysia, but if you're a foreigner from a country with a stronger currency, you can probably afford it. For the food, we ended up going to the neighbor restaurant whose malaysian food was good and cheap.",2025-06-30T07:44:22.275Z
Perhentian Island Resort,,5.0,Very good,2025-06-30T00:42:09.179Z
Perhentian Island Resort,,5.0,"Ottimo, Saluti",2025-06-25T16:36:13.324Z
Perhentian Island Resort,,3.0,"La playa en la que está es preciosa, tranquila, ambiente familiar. Pero me parece caro para los servicios que ofrece y, además , tanto lavandería, spa, etc.. también tienen precios elevados.
El desayuno incluido está bien pero poca variedad de un día para otro y la calidad de la comida tampoco es para tirar cohetes.
Los trabajadores son correctos sin más, pero no simpáticos.
Es un alojamiento con regencia musulmana, no hay alcohol.
Se puede pagar con tarjeta en todos sus servicios.
No repetiría por el precio que he pagado",2025-06-23T06:51:40.970Z
Perhentian Island Resort,,1.0,the worst place i’ve ever been,2025-06-21T07:22:40.860Z
Perhentian Island Resort,4.2/5,,"Nice hotel in a wonderful place. The most beautiful beach on Perhentian islands, good beach area, tasty food. A lot of animals - lizards, monkeys, squirrels, flying foxes",2025-06-20T23:59:59.999Z
Perhentian Island Resort,,4.0,,2025-06-19T03:25:31.955Z
Perhentian Island Resort,,1.0,"Honestly the best thing about The resort is the nature itself, because the resort people had nothing to do with it.
The resort itself is extremely dirty, everywhere you can see stuff that hadn't been cleaned in years, including reception area.
Rooms are sub par with really terribly plumbing, super old, and dirty, beds have bed bugs.
The restaurant serves trash food, no flavor, and outrageously overpriced.
The staff are not trained professionally and they really don't care about anything, they are just doing their jobs.
Never again.",2025-06-16T14:39:06.252Z
Perhentian Island Resort,,3.0,"I stayed for 3 nights with my 9-year-old son in the Superior Classic Double Room. Honestly, the room felt quite dated and in need of maintenance. At the very least, the resort should consider replacing the old door knobs, repainting the walls inside the room, and switching to brighter light bulbs.

The main reason I chose this resort was for the beach—and it did not disappoint. You’ll find soft, cotton-candy-like sand and clear seawater. With snorkeling gear, we were able to spot fish, small sharks, and even turtles right off the shore. The friendly squirrels were a delightful surprise—they aren’t shy and will come up to you asking for food.

The buffet breakfast was fairly decent, especially considering it was included with the room rate.

The resort's surroundings have a charming kampung (village) vibe, which I really enjoyed. However, do be prepared for large mosquitoes—bring insect repellent and mosquito coils for a more comfortable stay.",2025-06-16T10:11:11.271Z
Pulau Payar Marine Park,,5.0,Nice swimming experience although I'm a little bit scared of the ocean,2022-12-22T14:06:46.813Z
Pulau Payar Marine Park,,5.0,"Such a hidden gem, beautiful and different cultures to be here. The food also recommended, will come here again",2022-12-22T14:06:37.489Z
Pulau Payar Marine Park,,5.0,"nice view, scuba activity good. will come again",2022-12-22T14:06:35.320Z
Pulau Payar Marine Park,,5.0,"if you guys go to Kedah, and wanted to visit an island, this Pulau Payar Marine Park is one of the best option to visit! soooo in love with the view here ! very recommended to spend your holiday here .",2022-12-22T14:06:26.501Z
Pulau Payar Marine Park,,5.0,This marine park offers a great snorkeling and diving spot! The water is clear & blue. Also great for some sea action sports!,2022-12-22T14:05:54.699Z
Pulau Payar Marine Park,,5.0,"A day worth spending at this exotic dive spot. Scuba enthusiasts, you should explore this marine park!",2022-12-22T14:05:49.060Z
Pulau Payar Marine Park,,5.0,Beautiful place with crystal clear water. There are plenty of fish an you can feed them.,2022-12-22T14:05:45.261Z
Pulau Payar Marine Park,,5.0,Beautiful and peaceful gateaway for relaxing and recharge your energy. Heaven on earth!,2022-12-22T14:05:16.074Z
Pulau Payar Marine Park,,4.0,Awesome,2022-12-22T14:05:10.674Z
Pulau Payar Marine Park,,5.0,"Tmpat cntik, bersih. Kaya flora fauna. Pemandangan cantik. Sesuai untuk aktiviti hujung minggu. Terbaik",2022-12-22T14:05:09.392Z
Perhentian Island Resort,,3.0,Stayed 3d2n and had a great time with friends. The activities such as snorkeling and diving are plenty fun.,2025-06-11T08:08:36.903Z
Perhentian Island Resort,,5.0,,2025-06-09T11:38:48.740Z
Perhentian Island Resort,,4.0,"Bon. Plage belle et transparente.
Skorkeling sympa.",2025-06-08T14:28:52.422Z
Perhentian Island Resort,4/5,,"We choose this resort becase of few reasons , which not fulfill your expectations..|1. We thought its a privat long beach, but during day time a lot snorckling boat bring tourist and let them swim and snorckel around. |2. We thought resort beach area has coral, however most of them already dead and nothing to see.|3. Resort landscape not well maintained|4. Bathroom has drain smell ||Good Poits :|1. Resort has swimingpool and not bad|2. Room towels and bedshits is white and clean|3. Food : not perfect , but  still can find  2-3 dish to fill up your hungry stomach 😁|4. Sea  not turquoise in color, however clean and gentle entrance which good for kids.|5. Can meet Flying foxes, Langurs and big Lizards..||Overall we rate this resort 6/10",2025-06-05T23:59:59.999Z
Perhentian Island Resort,,5.0,"Best CP value ever , take the full board package plus snorkelling trip !",2025-06-05T00:20:26.948Z
Perhentian Island Resort,,4.0,,2025-06-03T14:56:09.013Z
Perhentian Island Resort,,1.0,"I always go to beautiful islands, but this time I went to Perhentian Island Resort, I don't think it's worth the price, the rooms are dirty, the food is not good, only one dinner was worth it, which was Friday dinner, the beach was not clean, there was trash, the room was smelly and dusty here and there, the towels were dirty, the pillows and sheets were dirty.",2025-06-03T07:46:21.511Z
Perhentian Island Resort,,3.0,"Wanna give my fair share of the review. Just been back for about a week.
Good things first. The most beautiful beach you can get on this island. Crystal clear waters and a view to behold. I love it to bits.

Rooms are very very basic, please be warned. This is no luxury hotel, not anything close to decent. It is very dated and poorly maintained. So be prepared that you are only here for a room to sleep in. Power trips are common, i guess it is some form of electricity saving policy.

Food's rather basic as well but sufficient if you take the buffet package. Ala Carte meals are rather pricey but that is expected. And do note that there's NO ALCOHOL serve or on sale on this resort which is entirely fine for families and most people. For those of you who want some drinks, my advice is to bring your own. Do buy enough drinking water at the Jetty before you come over to the resort. My suggestion so to buy a few large 1.5L bottles.

All in all depends on what you are in for, if the waters and beach are your top priority and everything else is secondary, then this is the place for you. If you prioritise decent accommodation and at an affordable rate, then you may need to look elsewhere.

Hope this help readers make informed decisions and managing expectations. I love this place just because of the beach, nothing else. Will I be back? yes just because of this.",2025-06-02T12:32:24.784Z
Perhentian Island Resort,,2.0,"The experience was awful from the very beginning. Cleanliness was virtually nonexistent, both in the rooms and in the common areas. In the room, only the towels were changed (and they were old, torn, and stained), but the floor was never swept or mopped, and the bathroom was not cleaned. I had to repeatedly ask for basic supplies like toilet paper and soap. The mattress was extremely hard, making it impossible to rest properly. I reported it, but received no reply or willingness to solve the issue.
Housekeeping knocked on the door at 8 a.m. every day, regardless of whether guests wanted to rest a little longer. On top of that, there were scheduled power outages every morning and afternoon, which turned off the air conditioning and often disabled the hot water system — which already worked poorly via a button that sometimes didn’t respond at all.

Breakfast was extremely basic and unhygienic. The cheese was cheap, pre-packaged, and cut in half; the utensils were poorly washed; nothing was ever restocked. The dining area was dirty and clearly neglected, with spills, used plates, and a complete lack of organization.
The hotel is in visible disrepair: broken tiles patched with cement, rusty fixtures, litter in the garden, deteriorated furniture, and no visible maintenance of any kind.

The staff was unfriendly and uninterested. They never smiled or greeted guests, and acted like everything was a bother. I made several complaints — both in person and via WhatsApp, which is the only way to reach them — and none were ever answered. There is no phone in the room, and there is no Wi-Fi outside of the reception area, which is also not clearly stated when booking. Guests are given no information about the hotel or the island, and communication is practically nonexistent. If you have an urgent issue, good luck — no one responds.

The natural beauty of the location is the only positive thing, but that is not thanks to the hotel. The way this place is run is a total disgrace. I would strongly advise against staying here.",2025-05-29T08:03:36.221Z
Perhentian Island Resort,,2.0,,2025-05-28T22:15:00.086Z
Pulau Payar Marine Park,,5.0,Place you must go if come to Langkawi. Very systematic and clean,2022-12-22T14:04:52.663Z
Pulau Payar Marine Park,,5.0,"An excellent marine park, I would one of the best in Malaysia",2022-12-22T14:04:36.991Z
Pulau Payar Marine Park,,5.0,Wonderful place for water activities. Must visit,2022-12-22T14:04:25.921Z
Pulau Payar Marine Park,,5.0,mempunyai air laut yang bersih dan jernih. berpengalaman untuk menaiki bot dan menikmati pemandangan yang indah. persekitaran yang bersih dan selamat untuk kanak-kanak dan remaja.,2022-12-22T14:04:22.195Z
Pulau Payar Marine Park,,5.0,Beautiful place..so relaxing,2022-12-22T14:03:55.420Z
Pulau Payar Marine Park,,5.0,An amazing view of the sea. It's worth spending and to enjoy in the midst of nature ❤️,2022-12-22T14:03:43.674Z
Pulau Payar Marine Park,,5.0,funnnnn forr family time,2022-12-22T14:02:52.961Z
Pulau Payar Marine Park,,5.0,Beautiful places . And the view also nice . Excellent,2022-12-22T14:02:46.193Z
Pulau Payar Marine Park,,5.0,"A really great Marine Park, a must go place",2022-12-22T14:02:35.393Z
Pulau Payar Marine Park,,5.0,Beautiful scenery 🥰,2022-12-19T02:52:15.965Z
Pulau Payar Marine Park,,5.0,"Amazing place and nice place to visit, sunny day and lucky able to see baby sharks. Water so clear and clean… worth to visit and recommended place when plan to visit Kedah.",2022-12-18T14:17:23.213Z
Pulau Payar Marine Park,,5.0,A beautiful scenery you will have it here! Pleaseeee list this place as your must-go place when you here in Langkawi!,2022-12-18T14:16:14.909Z
Pulau Payar Marine Park,,5.0,Amazing experience!!! Beautiful scenery and sea view. Worth your time visiting. Highly recommended!,2022-12-18T14:12:05.652Z
Pulau Payar Marine Park,,4.0,"Make sure to buy tickets in advance to skip crowd.

Because of after Covid-19, the sea and reef is much clearer and good view for you see the marine life beneath!",2022-12-18T14:11:38.324Z
Pulau Payar Marine Park,,5.0,Recommended..to do many activities...scuba diving snoorkeling...very beautiful nature and marine park,2022-12-18T14:10:42.379Z
Pulau Payar Marine Park,,5.0,Very nice view👍😍,2022-12-18T14:09:58.463Z
Pulau Payar Marine Park,,5.0,Breathtaking and beautiful marine park that is a must to visit here🥰,2022-12-18T14:09:33.812Z
Pulau Payar Marine Park,,5.0,Nice,2022-12-14T11:34:45.886Z
Pulau Payar Marine Park,,5.0,Nice place to go for relaxing your mind,2022-12-14T08:39:46.832Z
Pulau Payar Marine Park,,5.0,Baby sharks and the view of sea damn beautiful must visit place,2022-12-14T06:05:37.693Z
Pulau Payar Marine Park,,5.0,"Amazing beautiful scenario 😍, a good trip with love one , can see the baby shark♥️",2022-12-14T03:10:32.417Z
Pulau Payar Marine Park,,5.0,Nice beach. Best spot to snorkeling. The water is clear and beautiful necessary,2022-12-13T16:30:38.296Z
Pulau Payar Marine Park,,5.0,An astounding spot to investigate and blend with ocean animals. Delightful view and clear water that houses numerous vivid fish. There are numerous delightful spots to take pictures there.,2022-12-13T15:49:26.747Z
Pulau Payar Marine Park,,5.0,I went here with my family before. I’m amazed with how well they take care of the ocean. Also snorkelling here and saw many beautiful creatures as the ocean are cristal clear. 😍,2022-12-13T15:07:56.384Z
Pulau Payar Marine Park,,5.0,Beautiful place to visit! Recommended to the others to come,2022-12-13T14:56:39.814Z
Pulau Payar Marine Park,,5.0,Very beautiful island with crystal clear water and can see a lot of unique marine life.,2022-12-13T14:46:31.802Z
Pulau Payar Marine Park,,5.0,"I'm here again!! If you like scuba diving, watching fish and any marine things, you all can go to this place. This will not disappoint you!!",2022-12-13T14:45:37.998Z
Pulau Payar Marine Park,,5.0,Good place to visit and have a break 😍,2022-12-13T14:39:15.116Z
Pulau Payar Marine Park,,5.0,recommended place to go with family,2022-12-13T14:34:22.152Z
Pulau Payar Marine Park,,5.0,So calm! Great Place to visit,2022-12-13T14:33:26.205Z
